[{"model": "contenttypes.contenttype", "pk": 1, "fields": {"app_label": "admin", "model": "logentry"}}, {"model": "contenttypes.contenttype", "pk": 2, "fields": {"app_label": "auth", "model": "permission"}}, {"model": "contenttypes.contenttype", "pk": 3, "fields": {"app_label": "auth", "model": "group"}}, {"model": "contenttypes.contenttype", "pk": 4, "fields": {"app_label": "auth", "model": "user"}}, {"model": "contenttypes.contenttype", "pk": 5, "fields": {"app_label": "contenttypes", "model": "contenttype"}}, {"model": "contenttypes.contenttype", "pk": 6, "fields": {"app_label": "sessions", "model": "session"}}, {"model": "contenttypes.contenttype", "pk": 7, "fields": {"app_label": "sites", "model": "site"}}, {"model": "contenttypes.contenttype", "pk": 8, "fields": {"app_label": "heroes", "model": "profile"}}, {"model": "contenttypes.contenttype", "pk": 9, "fields": {"app_label": "questionnaire", "model": "answerchoice"}}, {"model": "contenttypes.contenttype", "pk": 10, "fields": {"app_label": "questionnaire", "model": "answertype"}}, {"model": "contenttypes.contenttype", "pk": 11, "fields": {"app_label": "questionnaire", "model": "category"}}, {"model": "contenttypes.contenttype", "pk": 12, "fields": {"app_label": "questionnaire", "model": "question"}}, {"model": "contenttypes.contenttype", "pk": 13, "fields": {"app_label": "questionnaire", "model": "questionnaire"}}, {"model": "contenttypes.contenttype", "pk": 14, "fields": {"app_label": "questionnaire_responses", "model": "answer"}}, {"model": "contenttypes.contenttype", "pk": 15, "fields": {"app_label": "questionnaire_responses", "model": "response"}}, {"model": "contenttypes.contenttype", "pk": 16, "fields": {"app_label": "account", "model": "emailaddress"}}, {"model": "contenttypes.contenttype", "pk": 17, "fields": {"app_label": "account", "model": "emailconfirmation"}}, {"model": "contenttypes.contenttype", "pk": 18, "fields": {"app_label": "socialaccount", "model": "socialaccount"}}, {"model": "contenttypes.contenttype", "pk": 19, "fields": {"app_label": "socialaccount", "model": "socialapp"}}, {"model": "contenttypes.contenttype", "pk": 20, "fields": {"app_label": "socialaccount", "model": "socialtoken"}}, {"model": "contenttypes.contenttype", "pk": 21, "fields": {"app_label": "questionnaire_responses", "model": "questionnaireresult"}}, {"model": "contenttypes.contenttype", "pk": 22, "fields": {"app_label": "questionnaire_responses", "model": "responseresult"}}, {"model": "contenttypes.contenttype", "pk": 23, "fields": {"app_label": "heroes", "model": "item"}}, {"model": "contenttypes.contenttype", "pk": 24, "fields": {"app_label": "heroes", "model": "itemuser"}}, {"model": "sessions.session", "pk": "70pjv3yiwndz0wltbn0ynkuxdpnb8f3y", "fields": {"session_data": "NGUxOTk5NDdkNWFiOGI3MjI4NDRlNGFiZWQ4ZjE2MDgxZWQ2NDI2MDp7Il9hdXRoX3VzZXJfYmFja2VuZCI6ImRqYW5nby5jb250cmliLmF1dGguYmFja2VuZHMuTW9kZWxCYWNrZW5kIiwiX2F1dGhfdXNlcl9oYXNoIjoiNzM4MDBkZWM1MjBjMGFiMDA5NDkxZGU0MjgxYzczNGM5OWM3ZDdjMSIsIl9hdXRoX3VzZXJfaWQiOiIxIn0=", "expire_date": "2018-04-14T12:02:49.575Z"}}, {"model": "sessions.session", "pk": "fmqw6y06s31fs0v67n68g6ul6mgaj9jw", "fields": {"session_data": "MmFhMWUyYjk3ZWVlNjUzYzgxNWEwNzA4MDExNzVhNTMzYTg4ZGIyMTp7Il9hdXRoX3VzZXJfaWQiOiIyIiwiX2F1dGhfdXNlcl9iYWNrZW5kIjoiYWxsYXV0aC5hY2NvdW50LmF1dGhfYmFja2VuZHMuQXV0aGVudGljYXRpb25CYWNrZW5kIiwiX2F1dGhfdXNlcl9oYXNoIjoiMzhiZDk2ZjRjZTk1OGY0ODQ5MmE3MGI2NzIxMmU2Y2UzMjRjOGYxOCIsIl9zZXNzaW9uX2V4cGlyeSI6MH0=", "expire_date": "2018-05-08T07:01:37.203Z"}}, {"model": "sessions.session", "pk": "ghekuajt17fuagjclqmbimn5izghiixf", "fields": {"session_data": "YWZmMDhhMGFhMjlmYzlmNDc2MDQ3MzU0MGJkN2VkN2Q2ZGNhYWYxYzp7Il9hdXRoX3VzZXJfaWQiOiIzIiwiX2F1dGhfdXNlcl9iYWNrZW5kIjoiYWxsYXV0aC5hY2NvdW50LmF1dGhfYmFja2VuZHMuQXV0aGVudGljYXRpb25CYWNrZW5kIiwiX2F1dGhfdXNlcl9oYXNoIjoiYTM2YjM5ZWUzM2NlYjJmMjkzOGM4NzU5YzIyYWJkYmZmMWE2ZWE4MSIsIl9zZXNzaW9uX2V4cGlyeSI6MH0=", "expire_date": "2018-06-26T09:50:02.647Z"}}, {"model": "sessions.session", "pk": "v8054650k6kj48ao42ghtmgvnf0bf7u1", "fields": {"session_data": "YWZmMDhhMGFhMjlmYzlmNDc2MDQ3MzU0MGJkN2VkN2Q2ZGNhYWYxYzp7Il9hdXRoX3VzZXJfaWQiOiIzIiwiX2F1dGhfdXNlcl9iYWNrZW5kIjoiYWxsYXV0aC5hY2NvdW50LmF1dGhfYmFja2VuZHMuQXV0aGVudGljYXRpb25CYWNrZW5kIiwiX2F1dGhfdXNlcl9oYXNoIjoiYTM2YjM5ZWUzM2NlYjJmMjkzOGM4NzU5YzIyYWJkYmZmMWE2ZWE4MSIsIl9zZXNzaW9uX2V4cGlyeSI6MH0=", "expire_date": "2018-05-17T11:46:29.381Z"}}, {"model": "sites.site", "pk": 1, "fields": {"domain": "example.com", "name": "example.com"}}, {"model": "heroes.item", "pk": 1, "fields": {"name": "\u041d\u0430\u0443\u0448\u043d\u0438\u043a\u0438", "icon": "img/game/items/test02/icons/audial01.png", "variant": 2, "slot1": "img/game/items/test02/avatar/audial01_01.png", "slot2": "", "slot3": "", "slot4": "", "slot5": "", "slot1_girl": "", "slot2_girl": "", "slot3_girl": "", "slot4_girl": "", "slot5_girl": ""}}, {"model": "heroes.item", "pk": 2, "fields": {"name": "\u041c\u0438\u043a\u0440\u043e\u0444\u043e\u043d", "icon": "img/game/items/test02/icons/audial02.png", "variant": 2, "slot1": "", "slot2": "img/game/items/test02/avatar/audial02_02.png", "slot3": "", "slot4": "img/game/items/test02/avatar/audial02_04.png", "slot5": "", "slot1_girl": "", "slot2_girl": "", "slot3_girl": "", "slot4_girl": "", "slot5_girl": ""}}, {"model": "heroes.item", "pk": 3, "fields": {"name": "\u041f\u0430\u043b\u0438\u0442\u0440\u0430 \u0438 \u043a\u0438\u0441\u0442\u044c", "icon": "img/game/items/test02/icons/visual02.png", "variant": 3, "slot1": "", "slot2": "", "slot3": "img/game/items/test02/avatar/visual02_03.png", "slot4": "img/game/items/test02/avatar/visual02_04.png", "slot5": "", "slot1_girl": "", "slot2_girl": "", "slot3_girl": "", "slot4_girl": "", "slot5_girl": ""}}, {"model": "heroes.item", "pk": 4, "fields": {"name": "\u042d\u043b\u0435\u043a\u0442\u0440\u043e-\u0433\u0438\u0442\u0430\u0440\u0430", "icon": "img/game/items/test02/icons/audial04.png", "variant": 2, "slot1": "", "slot2": "", "slot3": "", "slot4": "img/game/items/test02/avatar/audial04_04.png", "slot5": "img/game/items/test02/avatar/audial04_05.png", "slot1_girl": "", "slot2_girl": "", "slot3_girl": "", "slot4_girl": "", "slot5_girl": ""}}, {"model": "heroes.item", "pk": 5, "fields": {"name": "\u041a\u043e\u043b\u043f\u0430\u043a \u043f\u043e\u0432\u0430\u0440\u0430", "icon": "img/game/items/test02/icons/kinesthetical03.png", "variant": 1, "slot1": "img/game/items/test02/avatar/kinesthetical03_01.png", "slot2": "", "slot3": "", "slot4": "", "slot5": "", "slot1_girl": "", "slot2_girl": "", "slot3_girl": "", "slot4_girl": "", "slot5_girl": ""}}, {"model": "questionnaire.questionnaire", "pk": 1, "fields": {"name": "\u043f\u043e \u043c\u0435\u0442\u043e\u0434\u0438\u043a\u0435 \u041a\u041e\u0421-I", "description": "\u0412\u0430\u043c \u043d\u0443\u0436\u043d\u043e \u043e\u0442\u0432\u0435\u0442\u0438\u0442\u044c \u043d\u0430 \u0432\u0441\u0435 \u0432\u043e\u043f\u0440\u043e\u0441\u044b \u044d\u0442\u043e\u0433\u043e \u0431\u043b\u0430\u043d\u043a\u0430. \u0421\u0432\u043e\u0431\u043e\u0434\u043d\u043e \u0432\u044b\u0440\u0430\u0437\u0438\u0442\u0435 \u0441\u0432\u043e\u0438 \u043c\u044b\u0441\u043b\u0438 \u043f\u043e \u043a\u0430\u0436\u0434\u043e\u043c\u0443 \u0432\u043e\u043f\u0440\u043e\u0441\u0443 \u0438 \u043e\u0442\u0432\u0435\u0447\u0430\u0439\u0442\u0435 \u043d\u0430 \u043d\u0438\u0445 \u0442\u0430\u043a: \u0435\u0441\u043b\u0438 \u0412\u0430\u0448 \u043e\u0442\u0432\u0435\u0442 \u043d\u0430 \u0432\u043e\u043f\u0440\u043e\u0441 \u043f\u043e\u043b\u043e\u0436\u0438\u0442\u0435\u043b\u0435\u043d, \u0442\u043e \u043f\u043e\u0441\u0442\u0430\u0432\u044c\u0442\u0435 \u043f\u0440\u043e\u0442\u0438\u0432 \u043d\u0435\u0433\u043e \"\u0414\u0430\", \u0435\u0441\u043b\u0438 \u0436\u0435 \u043d\u0435 \u0441\u043e\u0433\u043b\u0430\u0441\u043d\u044b - \"\u041d\u0435\u0442\".\r\n \u0418\u043c\u0435\u0439\u0442\u0435 \u0432 \u0432\u0438\u0434\u0443, \u0447\u0442\u043e \u0432\u043e\u043f\u0440\u043e\u0441\u044b \u043a\u043e\u0440\u043e\u0442\u043a\u0438\u0435 \u0438 \u043d\u0435 \u043c\u043e\u0433\u0443\u0442 \u0441\u043e\u0434\u0435\u0440\u0436\u0430\u0442\u044c \u0432\u0441\u0435\u0445 \u043d\u0435\u043e\u0431\u0445\u043e\u0434\u0438\u043c\u044b\u0445 \u043f\u043e\u0434\u0440\u043e\u0431\u043d\u043e\u0441\u0442\u0435\u0439. \u041f\u0440\u0435\u0434\u0441\u0442\u0430\u0432\u044c\u0442\u0435 \u0441\u0435\u0431\u0435 \u0442\u0438\u043f\u0438\u0447\u043d\u044b\u0435 \u0441\u0438\u0442\u0443\u0430\u0446\u0438\u0438 \u0438 \u043d\u0435 \u0437\u0430\u0434\u0443\u043c\u044b\u0432\u0430\u0439\u0442\u0435\u0441\u044c \u043d\u0430\u0434 \u0434\u0435\u0442\u0430\u043b\u044f\u043c\u0438. \r\n\u041d\u0435 \u0441\u043b\u0435\u0434\u0443\u0435\u0442 \u0437\u0430\u0442\u0440\u0430\u0447\u0438\u0432\u0430\u0442\u044c \u043c\u043d\u043e\u0433\u043e \u0432\u0440\u0435\u043c\u0435\u043d\u0438 \u043d\u0430 \u043e\u0431\u0434\u0443\u043c\u044b\u0432\u0430\u043d\u0438\u0435, \u043e\u0442\u0432\u0435\u0447\u0430\u0439\u0442\u0435 \u0431\u044b\u0441\u0442\u0440\u043e. \u0412\u043e\u0437\u043c\u043e\u0436\u043d\u043e, \u0447\u0442\u043e \u043d\u0430 \u043d\u0435\u043a\u043e\u0442\u043e\u0440\u044b\u0435 \u0432\u043e\u043f\u0440\u043e\u0441\u044b \u0412\u0430\u043c \u0431\u0443\u0434\u0435\u0442 \u0442\u0440\u0443\u0434\u043d\u043e \u043e\u0442\u0432\u0435\u0442\u0438\u0442\u044c. \u0422\u043e\u0433\u0434\u0430 \u043f\u043e\u0441\u0442\u0430\u0440\u0430\u0439\u0442\u0435\u0441\u044c \u0434\u0430\u0442\u044c \u0442\u043e\u0442 \u043e\u0442\u0432\u0435\u0442, \u043a\u043e\u0442\u043e\u0440\u044b\u0439 \u0412\u044b \u0441\u0447\u0438\u0442\u0430\u0435\u0442\u0435 \u043f\u0440\u0435\u0434\u043f\u043e\u0447\u0442\u0438\u0442\u0435\u043b\u044c\u043d\u044b\u043c.", "answers_type": 1}}, {"model": "questionnaire.questionnaire", "pk": 2, "fields": {"name": "\u041a\u0430\u043a \u044f \u0432\u043e\u0441\u043f\u0440\u0438\u043d\u0438\u043c\u0430\u044e \u043c\u0438\u0440", "description": "\u0423 \u043a\u0430\u0436\u0434\u043e\u0433\u043e \u0438\u0437 \u043d\u0430\u0441 \u0441\u0440\u0435\u0434\u0438 \u043e\u0440\u0433\u0430\u043d\u043e\u0432 \u0447\u0443\u0432\u0441\u0442\u0432 \u0435\u0441\u0442\u044c  \u0432\u0435\u0434\u0443\u0449\u0438\u0439, \u043a\u043e\u0442\u043e\u0440\u044b\u0439 \u0431\u044b\u0441\u0442\u0440\u0435\u0435 \u0438 \u0447\u0430\u0449\u0435 \u043e\u0441\u0442\u0430\u043b\u044c\u043d\u044b\u0445  \u0440\u0435\u0430\u0433\u0438\u0440\u0443\u0435\u0442 \u043d\u0430 \u0441\u0438\u0433\u043d\u0430\u043b\u044b \u0438 \u0440\u0430\u0437\u0434\u0440\u0430\u0436\u0438\u0442\u0435\u043b\u0438 \u0432\u043d\u0435\u0448\u043d\u0435\u0439 \u0441\u0440\u0435\u0434\u044b. \u0410 \u043a\u0430\u043a\u0438\u0435 \u043e\u0440\u0433\u0430\u043d\u044b \u0447\u0443\u0432\u0441\u0442\u0432 \u0441\u043a\u043e\u0440\u0435\u0435 \u201c\u043e\u0442\u043a\u043b\u0438\u043a\u0430\u044e\u0442\u0441\u044f\u201d \u0443 \u0432\u0430\u0441 \u043f\u0440\u0438 \u043a\u043e\u043d\u0442\u0430\u043a\u0442\u0430\u0445 \u0441 \u043e\u043a\u0440\u0443\u0436\u0430\u044e\u0449\u0438\u043c \u043c\u0438\u0440\u043e\u043c? \u041a\u0430\u043a \u0432\u044b \u0432\u043e\u0441\u043f\u0440\u0438\u043d\u0438\u043c\u0430\u0435\u0442\u0435 \u043e\u043a\u0440\u0443\u0436\u0430\u044e\u0449\u0438\u0439 \u043c\u0438\u0440: \u0432\u0438\u0437\u0443\u0430\u043b\u044c\u043d\u043e, \u043d\u0430 \u0441\u043b\u0443\u0445, \u0438\u043b\u0438 \u043d\u0430 \u043e\u0449\u0443\u043f\u044c?\r\n\u041c\u0435\u0442\u043e\u0434\u0438\u043a\u0430  \u043a\u0430\u043d\u0430\u043b\u0430 \u0432\u043e\u0441\u043f\u0440\u0438\u044f\u0442\u0438\u044f \u043f\u043e\u043c\u043e\u0436\u0435\u0442 \u0432\u0430\u043c \u043b\u0443\u0447\u0448\u0435 \u043f\u043e\u043d\u044f\u0442\u044c \u0441\u0435\u0431\u044f \u0438 \u0434\u0440\u0443\u0433\u0438\u0445.", "answers_type": 1}}, {"model": "questionnaire.category", "pk": 1, "fields": {"name": "\u041a\u043e\u043c\u043c\u0443\u043d\u0438\u043a\u0430\u0442\u0438\u0432\u043d\u044b\u0435 \u0441\u043a\u043b\u043e\u043d\u043d\u043e\u0441\u0442\u0438 +"}}, {"model": "questionnaire.category", "pk": 2, "fields": {"name": "\u041e\u0440\u0433\u0430\u043d\u0438\u0437\u0430\u0442\u043e\u0440\u0441\u043a\u0438\u0435 \u0441\u043a\u043b\u043e\u043d\u043d\u043e\u0441\u0442\u0438 +"}}, {"model": "questionnaire.category", "pk": 3, "fields": {"name": "\u041a\u043e\u043c\u043c\u0443\u043d\u0438\u043a\u0430\u0442\u0438\u0432\u043d\u044b\u0435 \u0441\u043a\u043b\u043e\u043d\u043d\u043e\u0441\u0442\u0438 -"}}, {"model": "questionnaire.category", "pk": 4, "fields": {"name": "\u041e\u0440\u0433\u0430\u043d\u0438\u0437\u0430\u0442\u043e\u0440\u0441\u043a\u0438\u0435 \u0441\u043a\u043b\u043e\u043d\u043d\u043e\u0441\u0442\u0438 -"}}, {"model": "questionnaire.category", "pk": 5, "fields": {"name": "\u0412\u0438\u0437\u0443\u0430\u043b\u044c\u043d\u044b\u0439 \u0442\u0438\u043f"}}, {"model": "questionnaire.category", "pk": 6, "fields": {"name": "\u0410\u0443\u0434\u0438\u0430\u043b\u044c\u043d\u044b\u0439 \u0442\u0438\u043f"}}, {"model": "questionnaire.category", "pk": 7, "fields": {"name": "\u041a\u0438\u043d\u0435\u0441\u0442\u0435\u0442\u0438\u0447\u0435\u0441\u043a\u0438\u0439 \u0442\u0438\u043f"}}, {"model": "questionnaire.question", "pk": 1, "fields": {"text": "\u041c\u043d\u043e\u0433\u043e \u043b\u0438 \u0443 \u0412\u0430\u0441 \u0434\u0440\u0443\u0437\u0435\u0439, \u0441 \u043a\u043e\u0442\u043e\u0440\u044b\u043c\u0438 \u0412\u044b \u043f\u043e\u0441\u0442\u043e\u044f\u043d\u043d\u043e \u043e\u0431\u0449\u0430\u0435\u0442\u0435\u0441\u044c?", "sort_id": 1, "questionnaire": 1, "category": 1}}, {"model": "questionnaire.question", "pk": 2, "fields": {"text": "\u0427\u0430\u0441\u0442\u043e \u043b\u0438 \u0412\u0430\u043c \u0443\u0434\u0430\u0435\u0442\u0441\u044f \u0441\u043a\u043b\u043e\u043d\u0438\u0442\u044c \u0431\u043e\u043b\u044c\u0448\u0438\u043d\u0441\u0442\u0432\u043e \u0441\u0432\u043e\u0438\u0445 \u0442\u043e\u0432\u0430\u0440\u0438\u0449\u0435\u0439 \u043a \u043f\u0440\u0438\u043d\u044f\u0442\u0438\u044e \u0438\u043c\u0438 \u0412\u0430\u0448\u0435\u0433\u043e \u043c\u043d\u0435\u043d\u0438\u044f?", "sort_id": 2, "questionnaire": 1, "category": 2}}, {"model": "questionnaire.question", "pk": 3, "fields": {"text": "\u0414\u043e\u043b\u0433\u043e \u043b\u0438 \u0412\u0430\u0441 \u0431\u0435\u0441\u043f\u043e\u043a\u043e\u0438\u0442 \u0447\u0443\u0432\u0441\u0442\u0432\u043e \u043e\u0431\u0438\u0434\u044b, \u043f\u0440\u0438\u0447\u0438\u043d\u0435\u043d\u043d\u043e\u0435 \u0412\u0430\u043c \u043a\u0435\u043c-\u0442\u043e \u0438\u0437 \u0432\u0430\u0448\u0438\u0445 \u0442\u043e\u0432\u0430\u0440\u0438\u0449\u0435\u0439?", "sort_id": 3, "questionnaire": 1, "category": 3}}, {"model": "questionnaire.question", "pk": 4, "fields": {"text": "\u0412\u0441\u0435\u0433\u0434\u0430 \u043b\u0438 \u0412\u0430\u043c \u0442\u0440\u0443\u0434\u043d\u043e \u043e\u0440\u0438\u0435\u043d\u0442\u0438\u0440\u043e\u0432\u0430\u0442\u044c\u0441\u044f \u0432 \u0441\u043e\u0437\u0434\u0430\u0432\u0448\u0435\u0439\u0441\u044f \u043a\u0440\u0438\u0442\u0438\u0447\u0435\u0441\u043a\u043e\u0439 \u0441\u0438\u0442\u0443\u0430\u0446\u0438\u0438?", "sort_id": 4, "questionnaire": 1, "category": 4}}, {"model": "questionnaire.question", "pk": 5, "fields": {"text": "\u0415\u0441\u0442\u044c \u043b\u0438 \u0443 \u0412\u0430\u0441 \u0441\u0442\u0440\u0435\u043c\u043b\u0435\u043d\u0438\u0435 \u043a \u0443\u0441\u0442\u0430\u043d\u043e\u0432\u043b\u0435\u043d\u0438\u044e \u043d\u043e\u0432\u044b\u0445 \u0437\u043d\u0430\u043a\u043e\u043c\u0441\u0442\u0432 \u0441 \u0440\u0430\u0437\u043b\u0438\u0447\u043d\u044b\u043c\u0438 \u043b\u044e\u0434\u044c\u043c\u0438?", "sort_id": 5, "questionnaire": 1, "category": 1}}, {"model": "questionnaire.question", "pk": 6, "fields": {"text": "\u041d\u0440\u0430\u0432\u0438\u0442\u044c\u0441\u044f \u043b\u0438 \u0412\u0430\u043c \u0437\u0430\u043d\u0438\u043c\u0430\u0442\u044c\u0441\u044f \u043e\u0431\u0449\u0435\u0441\u0442\u0432\u0435\u043d\u043d\u043e\u0439 \u0440\u0430\u0431\u043e\u0442\u043e\u0439?", "sort_id": 6, "questionnaire": 1, "category": 2}}, {"model": "questionnaire.question", "pk": 7, "fields": {"text": "\u0412\u0435\u0440\u043d\u043e \u043b\u0438, \u0447\u0442\u043e \u0412\u0430\u043c \u043f\u0440\u0438\u044f\u0442\u043d\u0435\u0435 \u0438 \u043f\u0440\u043e\u0449\u0435 \u043f\u0440\u043e\u0432\u043e\u0434\u0438\u0442\u044c \u0432\u0440\u0435\u043c\u044f \u0441 \u043a\u043d\u0438\u0433\u0430\u043c\u0438 \u0438\u043b\u0438 \u0437\u0430 \u043a\u0430\u043a\u0438\u043c\u0438-\u043b\u0438\u0431\u043e \u0434\u0440\u0443\u0433\u0438\u043c\u0438 \u0437\u0430\u043d\u044f\u0442\u0438\u044f\u043c\u0438, \u0447\u0435\u043c \u0441 \u043b\u044e\u0434\u044c\u043c\u0438?", "sort_id": 7, "questionnaire": 1, "category": 3}}, {"model": "questionnaire.question", "pk": 8, "fields": {"text": "\u0415\u0441\u043b\u0438 \u0432\u043e\u0437\u043d\u0438\u043a\u043b\u0438 \u043a\u0430\u043a\u0438\u0435-\u0442\u043e \u043f\u043e\u043c\u0435\u0445\u0438 \u0432 \u043e\u0441\u0443\u0449\u0435\u0441\u0442\u0432\u043b\u0435\u043d\u0438\u0438 \u0412\u0430\u0448\u0438\u0445 \u043d\u0430\u043c\u0435\u0440\u0435\u043d\u0438\u0439, \u0442\u043e \u043b\u0435\u0433\u043a\u043e \u043b\u0438 \u0412\u044b \u043e\u0442\u0441\u0442\u0443\u043f\u0430\u0435\u0442\u0435 \u043e\u0442 \u0441\u0432\u043e\u0438\u0445 \u043d\u0430\u043c\u0435\u0440\u0435\u043d\u0438\u0439?", "sort_id": 8, "questionnaire": 1, "category": 4}}, {"model": "questionnaire.question", "pk": 9, "fields": {"text": "\u041b\u0435\u0433\u043a\u043e \u043b\u0438 \u0412\u044b \u0443\u0441\u0442\u0430\u043d\u0430\u0432\u043b\u0438\u0432\u0430\u0435\u0442\u0435 \u043a\u043e\u043d\u0442\u0430\u043a\u0442\u044b \u0441 \u043b\u044e\u0434\u044c\u043c\u0438, \u043a\u043e\u0442\u043e\u0440\u044b\u0435 \u0437\u043d\u0430\u0447\u0438\u0442\u0435\u043b\u044c\u043d\u043e \u0441\u0442\u0430\u0440\u0448\u0435 \u0412\u0430\u0441 \u043f\u043e \u0432\u043e\u0437\u0440\u0430\u0441\u0442\u0443?", "sort_id": 9, "questionnaire": 1, "category": 1}}, {"model": "questionnaire.question", "pk": 10, "fields": {"text": "\u041b\u044e\u0431\u0438\u0442\u0435 \u043b\u0438 \u0412\u044b \u043f\u0440\u0438\u0434\u0443\u043c\u044b\u0432\u0430\u0442\u044c \u0438 \u043e\u0440\u0433\u0430\u043d\u0438\u0437\u043e\u0432\u044b\u0432\u0430\u0442\u044c \u0441\u043e \u0441\u0432\u043e\u0438\u043c\u0438 \u0442\u043e\u0432\u0430\u0440\u0438\u0449\u0430\u043c\u0438 \u0440\u0430\u0437\u043b\u0438\u0447\u043d\u044b\u0435 \u0438\u0433\u0440\u044b \u0438 \u0440\u0430\u0437\u0432\u043b\u0435\u0447\u0435\u043d\u0438\u044f?", "sort_id": 10, "questionnaire": 1, "category": 2}}, {"model": "questionnaire.question", "pk": 11, "fields": {"text": "\u0422\u0440\u0443\u0434\u043d\u043e \u043b\u0438 \u0434\u043b\u044f \u0412\u0430\u0441 \u0432\u043a\u043b\u044e\u0447\u0438\u0442\u044c\u0441\u044f \u0432 \u043d\u043e\u0432\u044b\u0435 \u0434\u043b\u044f \u0412\u0430\u0441 \u043a\u043e\u043c\u043f\u0430\u043d\u0438\u0438?", "sort_id": 11, "questionnaire": 1, "category": 3}}, {"model": "questionnaire.question", "pk": 12, "fields": {"text": "\u0427\u0430\u0441\u0442\u043e \u043b\u0438 \u0412\u044b \u043e\u0442\u043a\u043b\u0430\u0434\u044b\u0432\u0430\u0435\u0442\u0435 \u043d\u0430 \u0434\u0440\u0443\u0433\u0438\u0435 \u0434\u043d\u0438 \u0442\u0435 \u0434\u0435\u043b\u0430, \u043a\u043e\u0442\u043e\u0440\u044b\u0435 \u043d\u0443\u0436\u043d\u043e \u0431\u044b\u043b\u043e \u0431\u044b \u0432\u044b\u043f\u043e\u043b\u043d\u0438\u0442\u044c \u0441\u0435\u0433\u043e\u0434\u043d\u044f?", "sort_id": 12, "questionnaire": 1, "category": 4}}, {"model": "questionnaire.question", "pk": 13, "fields": {"text": "\u041b\u0435\u0433\u043a\u043e \u043b\u0438 \u0412\u0430\u043c \u0443\u0434\u0430\u0441\u0442\u0441\u044f \u0443\u0441\u0442\u0430\u043d\u043e\u0432\u0438\u0442\u044c \u043a\u043e\u043d\u0442\u0430\u043a\u0442\u044b \u043e \u043d\u0435\u0437\u043d\u0430\u043a\u043e\u043c\u044b\u043c\u0438 \u043b\u044e\u0434\u044c\u043c\u0438?", "sort_id": 13, "questionnaire": 1, "category": 1}}, {"model": "questionnaire.question", "pk": 14, "fields": {"text": "\u0421\u0442\u0440\u0435\u043c\u0438\u0442\u0435\u0441\u044c \u043b\u0438 \u0412\u044b \u0434\u043e\u0431\u0438\u0432\u0430\u0442\u044c\u0441\u044f, \u0447\u0442\u043e\u0431\u044b \u0412\u0430\u0448\u0438 \u0442\u043e\u0432\u0430\u0440\u0438\u0449\u0438 \u0434\u0435\u0439\u0441\u0442\u0432\u043e\u0432\u0430\u043b\u0438 \u0432 \u0441\u043e\u043e\u0442\u0432\u0435\u0442\u0441\u0442\u0432\u0438\u0438 \u0441 \u0412\u0430\u0448\u0438\u043c \u043c\u043d\u0435\u043d\u0438\u0435\u043c?", "sort_id": 14, "questionnaire": 1, "category": 2}}, {"model": "questionnaire.question", "pk": 15, "fields": {"text": "\u0422\u0440\u0443\u0434\u043d\u043e \u043b\u0438 \u0412\u0430\u043c \u043e\u0441\u0432\u0430\u0438\u0432\u0430\u0442\u044c\u0441\u044f \u0432 \u043d\u043e\u0432\u043e\u043c \u043a\u043e\u043b\u043b\u0435\u043a\u0442\u0438\u0432\u0435?", "sort_id": 15, "questionnaire": 1, "category": 3}}, {"model": "questionnaire.question", "pk": 16, "fields": {"text": "\u0412\u0435\u0440\u043d\u043e \u043b\u0438, \u0447\u0442\u043e \u0443 \u0412\u0430\u0441 \u043d\u0435 \u0431\u044b\u0432\u0430\u0435\u0442 \u043a\u043e\u043d\u0444\u043b\u0438\u043a\u0442\u043e\u0432 \u0441 \u0442\u043e\u0432\u0430\u0440\u0438\u0449\u0430\u043c\u0438 \u0438\u0437-\u0437\u0430 \u043d\u0435\u0432\u044b\u043f\u043e\u043b\u043d\u0435\u043d\u0438\u044f \u0438\u043c\u0438 \u0441\u0432\u043e\u0438\u0445 \u043e\u0431\u0435\u0449\u0430\u043d\u0438\u0439, \u043e\u0431\u044f\u0437\u0430\u043d\u043d\u043e\u0441\u0442\u0435\u0439, \u043e\u0431\u044f\u0437\u0430\u0442\u0435\u043b\u044c\u0441\u0442\u0432?", "sort_id": 16, "questionnaire": 1, "category": 4}}, {"model": "questionnaire.question", "pk": 17, "fields": {"text": "\u0421\u0442\u0440\u0435\u043c\u0438\u0442\u0435\u0441\u044c \u043b\u0438 \u0412\u044b \u043f\u0440\u0438 \u0443\u0434\u043e\u0431\u043d\u043e\u043c \u0441\u043b\u0443\u0447\u0430\u0435 \u043f\u043e\u0431\u0435\u0441\u0435\u0434\u043e\u0432\u0430\u0442\u044c \u0438 \u043f\u043e\u0437\u043d\u0430\u043a\u043e\u043c\u0438\u0442\u044c\u0441\u044f \u0441 \u043d\u043e\u0432\u044b\u043c \u0447\u0435\u043b\u043e\u0432\u0435\u043a\u043e\u043c?", "sort_id": 17, "questionnaire": 1, "category": 1}}, {"model": "questionnaire.question", "pk": 18, "fields": {"text": "\u0427\u0430\u0441\u0442\u043e \u043b\u0438 \u0432 \u0440\u0435\u0448\u0435\u043d\u0438\u0438 \u0432\u0430\u0436\u043d\u044b\u0445 \u0434\u0435\u043b  \u0412\u044b \u043f\u0440\u0438\u043d\u0438\u043c\u0430\u0435\u0442\u0435 \u0438\u043d\u0438\u0446\u0438\u0430\u0442\u0438\u0432\u0443 \u043d\u0430 \u0441\u0435\u0431\u044f?", "sort_id": 18, "questionnaire": 1, "category": 2}}, {"model": "questionnaire.question", "pk": 19, "fields": {"text": "\u0420\u0430\u0437\u0434\u0440\u0430\u0436\u0430\u044e\u0442 \u043b\u0438 \u0412\u0430\u0441 \u043e\u043a\u0440\u0443\u0436\u0430\u044e\u0449\u0438\u0435 \u043b\u044e\u0434\u0438 \u0438 \u0445\u043e\u0447\u0435\u0442\u0441\u044f \u043b\u0438 \u0412\u0430\u043c \u043f\u043e\u0431\u044b\u0442\u044c \u043e\u0434\u043d\u043e\u043c\u0443?", "sort_id": 19, "questionnaire": 1, "category": 3}}, {"model": "questionnaire.question", "pk": 20, "fields": {"text": "\u041f\u0440\u0430\u0432\u0434\u0430 \u043b\u0438, \u0447\u0442\u043e \u0412\u044b \u043e\u0431\u044b\u0447\u043d\u043e \u043f\u043b\u043e\u0445\u043e \u043e\u0440\u0438\u0435\u043d\u0442\u0438\u0440\u0443\u0435\u0442\u0435\u0441\u044c \u0432 \u043d\u0435\u0437\u043d\u0430\u043a\u043e\u043c\u043e\u0439 \u0434\u043b\u044f \u0412\u0430\u0441 \u043e\u0431\u0441\u0442\u0430\u043d\u043e\u0432\u043a\u0435?", "sort_id": 20, "questionnaire": 1, "category": 4}}, {"model": "questionnaire.question", "pk": 21, "fields": {"text": "\u041d\u0440\u0430\u0432\u0438\u0442\u0441\u044f \u043b\u0438 \u0412\u0430\u043c \u043f\u043e\u0441\u0442\u043e\u044f\u043d\u043d\u043e \u043d\u0430\u0445\u043e\u0434\u0438\u0442\u044c\u0441\u044f \u0441\u0440\u0435\u0434\u0438 \u043b\u044e\u0434\u0435\u0439?", "sort_id": 21, "questionnaire": 1, "category": 1}}, {"model": "questionnaire.question", "pk": 22, "fields": {"text": "\u0412\u043e\u0437\u043d\u0438\u043a\u0430\u0435\u0442 \u043b\u0438 \u0443 \u0412\u0430\u0441 \u0440\u0430\u0437\u0434\u0440\u0430\u0436\u0435\u043d\u0438\u0435, \u0435\u0441\u043b\u0438 \u0412\u0430\u043c \u043d\u0435 \u0443\u0434\u0430\u0435\u0442\u0441\u044f \u0437\u0430\u043a\u043e\u043d\u0447\u0438\u0442\u044c \u043d\u0430\u0447\u0430\u0442\u043e\u0435 \u0434\u0435\u043b\u043e?", "sort_id": 22, "questionnaire": 1, "category": 2}}, {"model": "questionnaire.question", "pk": 23, "fields": {"text": "\u0418\u0441\u043f\u044b\u0442\u044b\u0432\u0430\u0435\u0442\u0435 \u043b\u0438 \u0412\u044b \u0447\u0443\u0432\u0441\u0442\u0432\u043e \u0437\u0430\u0442\u0440\u0443\u0434\u043d\u0435\u043d\u0438\u044f, \u043d\u0435\u0443\u0434\u043e\u0431\u0441\u0442\u0432\u0430 \u0438\u043b\u0438 \u0441\u0442\u0435\u0441\u043d\u0435\u043d\u0438\u044f, \u0435\u0441\u043b\u0438 \u043f\u0440\u0438\u0445\u043e\u0434\u0438\u0442\u0441\u044f \u043f\u0440\u043e\u044f\u0432\u0438\u0442\u044c \u0438\u043d\u0438\u0446\u0438\u0430\u0442\u0438\u0432\u0443, \u0447\u0442\u043e\u0431\u044b \u043f\u043e\u0437\u043d\u0430\u043a\u043e\u043c\u0438\u0442\u044c\u0441\u044f \u0441 \u043d\u043e\u0432\u044b\u043c \u0447\u0435\u043b\u043e\u0432\u0435\u043a\u043e\u043c?", "sort_id": 23, "questionnaire": 1, "category": 3}}, {"model": "questionnaire.question", "pk": 24, "fields": {"text": "\u041f\u0440\u0430\u0432\u0434\u0430 \u043b\u0438, \u0447\u0442\u043e \u0412\u044b \u0443\u0442\u043e\u043c\u043b\u044f\u0435\u0442\u0435\u0441\u044c \u043e\u0442 \u0447\u0430\u0441\u0442\u043e\u0433\u043e \u043e\u0431\u0449\u0435\u043d\u0438\u044f \u0441 \u0442\u043e\u0432\u0430\u0440\u0438\u0449\u0430\u043c\u0438?", "sort_id": 24, "questionnaire": 1, "category": 4}}, {"model": "questionnaire.question", "pk": 25, "fields": {"text": "\u041b\u044e\u0431\u0438\u0442\u0435 \u043b\u0438 \u0412\u044b \u0443\u0447\u0430\u0441\u0442\u0432\u043e\u0432\u0430\u0442\u044c \u0432 \u043a\u043e\u043b\u043b\u0435\u043a\u0442\u0438\u0432\u043d\u044b\u0445 \u0438\u0433\u0440\u0430\u0445?", "sort_id": 25, "questionnaire": 1, "category": 1}}, {"model": "questionnaire.question", "pk": 26, "fields": {"text": "\u0427\u0430\u0441\u0442\u043e \u043b\u0438 \u043f\u0440\u043e\u044f\u0432\u043b\u044f\u0435\u0442\u0435 \u0438\u043d\u0438\u0446\u0438\u0430\u0442\u0438\u0432\u0443 \u043f\u0440\u0438 \u0440\u0435\u0448\u0435\u043d\u0438\u0438 \u0432\u043e\u043f\u0440\u043e\u0441\u043e\u0432, \u0437\u0430\u0442\u0440\u0430\u0433\u0438\u0432\u0430\u044e\u0449\u0438\u0445 \u0438\u043d\u0442\u0435\u0440\u0435\u0441\u044b \u0412\u0430\u0448\u0438\u0445 \u0442\u043e\u0432\u0430\u0440\u0438\u0449\u0435\u0439?", "sort_id": 26, "questionnaire": 1, "category": 2}}, {"model": "questionnaire.question", "pk": 27, "fields": {"text": "\u041f\u0440\u0430\u0432\u0434\u0430 \u043b\u0438, \u0447\u0442\u043e \u0412\u044b \u0447\u0443\u0432\u0441\u0442\u0432\u0443\u0435\u0442\u0435 \u0441\u0435\u0431\u044f \u043d\u0435\u0443\u0432\u0435\u0440\u0435\u043d\u043d\u043e \u0441\u0440\u0435\u0434\u0438 \u043c\u0430\u043b\u043e\u0437\u043d\u0430\u043a\u043e\u043c\u044b\u0445 \u043b\u044e\u0434\u0435\u0439?", "sort_id": 27, "questionnaire": 1, "category": 3}}, {"model": "questionnaire.question", "pk": 28, "fields": {"text": "\u0412\u0435\u0440\u043d\u043e \u043b\u0438, \u0447\u0442\u043e \u0412\u044b \u0441\u0442\u0440\u0435\u043c\u0438\u0442\u0435\u0441\u044c \u043a \u0434\u043e\u043a\u0430\u0437\u0430\u0442\u0435\u043b\u044c\u0441\u0442\u0432\u0443 \u0441\u0432\u043e\u0435\u0439 \u043f\u0440\u0430\u0432\u043e\u0442\u044b?", "sort_id": 28, "questionnaire": 1, "category": 4}}, {"model": "questionnaire.question", "pk": 29, "fields": {"text": "\u041f\u043e\u043b\u0430\u0433\u0430\u0435\u0442\u0435 \u043b\u0438 \u0412\u044b, \u0447\u0442\u043e \u0412\u0430\u043c \u043d\u0435 \u0434\u043e\u0441\u0442\u0430\u0432\u043b\u044f\u0435\u0442 \u043e\u0441\u043e\u0431\u043e\u0433\u043e \u0442\u0440\u0443\u0434\u0430 \u0432\u043d\u0435\u0441\u0442\u0438 \u043e\u0436\u0438\u0432\u043b\u0435\u043d\u0438\u0435 \u0432 \u043c\u0430\u043b\u043e\u0437\u043d\u0430\u043a\u043e\u043c\u0443\u044e \u0434\u043b\u044f \u0412\u0430\u0441 \u043a\u043e\u043c\u043f\u0430\u043d\u0438\u044e?", "sort_id": 29, "questionnaire": 1, "category": 1}}, {"model": "questionnaire.question", "pk": 30, "fields": {"text": "\u041f\u0440\u0438\u043d\u0438\u043c\u0430\u043b\u0438 \u043b\u0438 \u0412\u044b \u0443\u0447\u0430\u0441\u0442\u0438\u0435 \u0432 \u043e\u0431\u0449\u0435\u0441\u0442\u0432\u0435\u043d\u043d\u043e\u0439 \u0440\u0430\u0431\u043e\u0442\u0435 \u0432 \u0448\u043a\u043e\u043b\u0435?", "sort_id": 30, "questionnaire": 1, "category": 2}}, {"model": "questionnaire.question", "pk": 31, "fields": {"text": "\u0421\u0442\u0440\u0435\u043c\u0438\u0442\u0435\u0441\u044c \u043b\u0438 \u0412\u044b \u043e\u0433\u0440\u0430\u043d\u0438\u0447\u0438\u0442\u044c \u043a\u0440\u0443\u0433 \u0441\u0432\u043e\u0438\u0445 \u0437\u043d\u0430\u043a\u043e\u043c\u044b\u0445 \u043d\u0435\u0431\u043e\u043b\u044c\u0448\u0438\u043c \u043a\u043e\u043b\u0438\u0447\u0435\u0441\u0442\u0432\u043e\u043c \u043b\u044e\u0434\u0435\u0439?", "sort_id": 31, "questionnaire": 1, "category": 3}}, {"model": "questionnaire.question", "pk": 32, "fields": {"text": "\u0412\u0435\u0440\u043d\u043e \u043b\u0438, \u0447\u0442\u043e \u0412\u044b \u043d\u0435 \u0441\u0442\u0440\u0435\u043c\u0438\u0442\u0435\u0441\u044c \u043e\u0442\u0441\u0442\u0430\u0438\u0432\u0430\u0442\u044c \u0441\u0432\u043e\u0435 \u043c\u043d\u0435\u043d\u0438\u0435 \u0438\u043b\u0438 \u0440\u0435\u0448\u0435\u043d\u0438\u0435, \u0435\u0441\u043b\u0438 \u043e\u043d\u043e  \u0431\u044b\u043b\u043e \u043d\u0435 \u0441\u0440\u0430\u0437\u0443 \u043f\u0440\u0438\u043d\u044f\u0442\u043e \u0412\u0430\u0448\u0438\u043c\u0438 \u0442\u043e\u0432\u0430\u0440\u0438\u0449\u0430\u043c\u0438?", "sort_id": 32, "questionnaire": 1, "category": 4}}, {"model": "questionnaire.question", "pk": 33, "fields": {"text": "\u0427\u0443\u0432\u0441\u0442\u0432\u0443\u0435\u0442\u0435 \u043b\u0438 \u0412\u044b \u0441\u0435\u0431\u044f \u043d\u0435\u043f\u0440\u0438\u043d\u0443\u0436\u0434\u0435\u043d\u043d\u043e, \u043f\u043e\u043f\u0430\u0432 \u0432 \u043c\u0430\u043b\u043e\u0437\u043d\u0430\u043a\u043e\u043c\u0443\u044e \u043a\u043e\u043c\u043f\u0430\u043d\u0438\u044e?", "sort_id": 33, "questionnaire": 1, "category": 1}}, {"model": "questionnaire.question", "pk": 34, "fields": {"text": "\u041e\u0445\u043e\u0442\u043d\u043e \u043b\u0438 \u0412\u044b \u043f\u0440\u0438\u0441\u0442\u0443\u043f\u0430\u0435\u0442\u0435 \u043a \u043e\u0440\u0433\u0430\u043d\u0438\u0437\u0430\u0446\u0438\u0438 \u0440\u0430\u0437\u043b\u0438\u0447\u043d\u044b\u0445 \u043c\u0435\u0440\u043e\u043f\u0440\u0438\u044f\u0442\u0438\u0439 \u0434\u043b\u044f \u0441\u0432\u043e\u0438\u0445 \u0442\u043e\u0432\u0430\u0440\u0438\u0449\u0435\u0439?", "sort_id": 34, "questionnaire": 1, "category": 2}}, {"model": "questionnaire.question", "pk": 35, "fields": {"text": "\u041f\u0440\u0430\u0432\u0434\u0430 \u043b\u0438, \u0447\u0442\u043e \u0412\u044b \u043d\u0435 \u0447\u0443\u0432\u0441\u0442\u0432\u0443\u0435\u0442\u0435 \u0441\u0435\u0431\u044f \u0434\u043e\u0441\u0442\u0430\u0442\u043e\u0447\u043d\u043e \u0443\u0432\u0435\u0440\u0435\u043d\u043d\u044b\u043c \u0438 \u0441\u043f\u043e\u043a\u043e\u0439\u043d\u044b\u043c, \u043a\u043e\u0433\u0434\u0430 \u043f\u0440\u0438\u0445\u043e\u0434\u0438\u0442\u0441\u044f \u0433\u043e\u0432\u043e\u0440\u0438\u0442\u044c \u0447\u0442\u043e-\u043b\u0438\u0431\u043e \u0431\u043e\u043b\u044c\u0448\u043e\u0439 \u0433\u0440\u0443\u043f\u043f\u0435 \u043b\u044e\u0434\u0435\u0439?", "sort_id": 35, "questionnaire": 1, "category": 3}}, {"model": "questionnaire.question", "pk": 36, "fields": {"text": "\u0427\u0430\u0441\u0442\u043e \u043b\u0438 \u0412\u044b \u043e\u043f\u0430\u0437\u0434\u044b\u0432\u0430\u0435\u0442\u0435 \u043d\u0430 \u0434\u0435\u043b\u043e\u0432\u044b\u0435 \u0432\u0441\u0442\u0440\u0435\u0447\u0438, \u0441\u0432\u0438\u0434\u0430\u043d\u0438\u044f?", "sort_id": 36, "questionnaire": 1, "category": 4}}, {"model": "questionnaire.question", "pk": 37, "fields": {"text": "\u0412\u0435\u0440\u043d\u043e \u043b\u0438, \u0447\u0442\u043e \u0443 \u0412\u0430\u0441 \u043c\u043d\u043e\u0433\u043e \u0434\u0440\u0443\u0437\u0435\u0439?", "sort_id": 37, "questionnaire": 1, "category": 1}}, {"model": "questionnaire.question", "pk": 38, "fields": {"text": "\u0427\u0430\u0441\u0442\u043e \u043b\u0438 \u043e\u043a\u0430\u0437\u044b\u0432\u0430\u0435\u0442\u0435\u0441\u044c \u0432 \u0446\u0435\u043d\u0442\u0440\u0435 \u0432\u043d\u0438\u043c\u0430\u043d\u0438\u044f \u0443 \u0441\u0432\u043e\u0438\u0445 \u0442\u043e\u0432\u0430\u0440\u0438\u0449\u0435\u0439?", "sort_id": 38, "questionnaire": 1, "category": 2}}, {"model": "questionnaire.question", "pk": 39, "fields": {"text": "\u0427\u0430\u0441\u0442\u043e \u043b\u0438 \u0412\u044b \u0441\u043c\u0443\u0449\u0430\u0435\u0442\u0435\u0441\u044c, \u0447\u0443\u0432\u0441\u0442\u0432\u0443\u0435\u0442\u0435 \u043d\u0435\u043b\u043e\u0432\u043a\u043e\u0441\u0442\u044c \u043f\u0440\u0438 \u043e\u0431\u0449\u0435\u043d\u0438\u0438 \u0441 \u043c\u0430\u043b\u043e\u0437\u043d\u0430\u043a\u043e\u043c\u044b\u043c\u0438 \u043b\u044e\u0434\u044c\u043c\u0438?", "sort_id": 39, "questionnaire": 1, "category": 3}}, {"model": "questionnaire.question", "pk": 40, "fields": {"text": "\u041f\u0440\u0430\u0432\u0434\u0430 \u043b\u0438, \u0447\u0442\u043e \u0412\u044b \u043d\u0435 \u043e\u0447\u0435\u043d\u044c \u0443\u0432\u0435\u0440\u0435\u043d\u043d\u043e \u0447\u0443\u0432\u0441\u0442\u0432\u0443\u0435\u0442\u0435 \u0441\u0435\u0431\u044f \u0432 \u043e\u043a\u0440\u0443\u0436\u0435\u043d\u0438\u0438 \u0431\u043e\u043b\u044c\u0448\u043e\u0439 \u0433\u0440\u0443\u043f\u043f\u044b \u0441\u0432\u043e\u0438\u0445 \u0442\u043e\u0432\u0430\u0440\u0438\u0449\u0435\u0439?", "sort_id": 40, "questionnaire": 1, "category": 4}}, {"model": "questionnaire.question", "pk": 41, "fields": {"text": "\u041b\u044e\u0431\u043b\u044e \u043d\u0430\u0431\u043b\u044e\u0434\u0430\u0442\u044c \u0437\u0430 \u043e\u0431\u043b\u0430\u043a\u0430\u043c\u0438 \u0438 \u0437\u0432\u0435\u0437\u0434\u0430\u043c\u0438.", "sort_id": 1, "questionnaire": 2, "category": 5}}, {"model": "questionnaire.question", "pk": 42, "fields": {"text": "\u0427\u0430\u0441\u0442\u043e \u043d\u0430\u043f\u0435\u0432\u0430\u044e \u0441\u0435\u0431\u0435 \u043f\u043e\u0442\u0438\u0445\u043e\u043d\u044c\u043a\u0443.", "sort_id": 2, "questionnaire": 2, "category": 6}}, {"model": "questionnaire.question", "pk": 43, "fields": {"text": "\u041d\u0435 \u043f\u0440\u0438\u0437\u043d\u0430\u044e \u043c\u043e\u0434\u0443, \u043a\u043e\u0442\u043e\u0440\u0430\u044f \u043d\u0435\u0443\u0434\u043e\u0431\u043d\u0430.", "sort_id": 3, "questionnaire": 2, "category": 7}}, {"model": "questionnaire.question", "pk": 44, "fields": {"text": "\u041b\u044e\u0431\u043b\u044e \u0445\u043e\u0434\u0438\u0442\u044c \u0432 \u0441\u0430\u0443\u043d\u0443.", "sort_id": 4, "questionnaire": 2, "category": 7}}, {"model": "questionnaire.question", "pk": 45, "fields": {"text": "\u0412 \u0430\u0432\u0442\u043e\u043c\u0430\u0448\u0438\u043d\u0435 \u0446\u0432\u0435\u0442 \u0434\u043b\u044f \u043c\u0435\u043d\u044f \u0438\u043c\u0435\u0435\u0442 \u0437\u043d\u0430\u0447\u0435\u043d\u0438\u0435.", "sort_id": 5, "questionnaire": 2, "category": 5}}, {"model": "questionnaire.question", "pk": 46, "fields": {"text": "\u0423\u0437\u043d\u0430\u044e \u043f\u043e \u0448\u0430\u0433\u0430\u043c, \u043a\u0442\u043e \u0432\u043e\u0448\u0435\u043b \u0432 \u043f\u043e\u043c\u0435\u0449\u0435\u043d\u0438\u0435.", "sort_id": 6, "questionnaire": 2, "category": 6}}, {"model": "questionnaire.question", "pk": 47, "fields": {"text": "\u041c\u0435\u043d\u044f \u0440\u0430\u0437\u0432\u043b\u0435\u043a\u0430\u0435\u0442 \u043f\u043e\u0434\u0440\u0430\u0436\u0430\u043d\u0438\u0435 \u0434\u0438\u0430\u043b\u0435\u043a\u0442\u0430\u043c.", "sort_id": 7, "questionnaire": 2, "category": 6}}, {"model": "questionnaire.question", "pk": 48, "fields": {"text": "\u0412\u043d\u0435\u0448\u043d\u0435\u043c\u0443 \u0432\u0438\u0434\u0443 \u043f\u0440\u0438\u0434\u0430\u044e \u0441\u0435\u0440\u044c\u0435\u0437\u043d\u043e\u0435 \u0437\u043d\u0430\u0447\u0435\u043d\u0438\u0435.", "sort_id": 8, "questionnaire": 2, "category": 5}}, {"model": "questionnaire.question", "pk": 49, "fields": {"text": "\u041c\u043d\u0435 \u043d\u0440\u0430\u0432\u0438\u0442\u0441\u044f \u043f\u0440\u0438\u043d\u0438\u043c\u0430\u0442\u044c \u043c\u0430\u0441\u0441\u0430\u0436.", "sort_id": 9, "questionnaire": 2, "category": 7}}, {"model": "questionnaire.question", "pk": 50, "fields": {"text": "\u041a\u043e\u0433\u0434\u0430 \u0435\u0441\u0442\u044c \u0432\u0440\u0435\u043c\u044f, \u043b\u044e\u0431\u043b\u044e \u043d\u0430\u0431\u043b\u044e\u0434\u0430\u0442\u044c \u0437\u0430 \u043b\u044e\u0434\u044c\u043c\u0438.", "sort_id": 10, "questionnaire": 2, "category": 5}}, {"model": "questionnaire.question", "pk": 51, "fields": {"text": "\u041f\u043b\u043e\u0445\u043e \u0441\u0435\u0431\u044f \u0447\u0443\u0432\u0441\u0442\u0432\u0443\u044e, \u043a\u043e\u0433\u0434\u0430 \u043d\u0435 \u043d\u0430\u0441\u043b\u0430\u0436\u0434\u0430\u044e\u0441\u044c \u0434\u0432\u0438\u0436\u0435\u043d\u0438\u0435\u043c.", "sort_id": 11, "questionnaire": 2, "category": 7}}, {"model": "questionnaire.question", "pk": 52, "fields": {"text": "\u0412\u0438\u0434\u044f \u043e\u0434\u0435\u0436\u0434\u0443 \u0432 \u0432\u0438\u0442\u0440\u0438\u043d\u0435, \u0437\u043d\u0430\u044e, \u0447\u0442\u043e \u043c\u043d\u0435 \u0431\u0443\u0434\u0435\u0442 \u0445\u043e\u0440\u043e\u0448\u043e \u0432 \u043d\u0435\u0439.", "sort_id": 12, "questionnaire": 2, "category": 5}}, {"model": "questionnaire.question", "pk": 53, "fields": {"text": "\u041a\u043e\u0433\u0434\u0430 \u0443\u0441\u043b\u044b\u0448\u0443 \u0441\u0442\u0430\u0440\u0443\u044e \u043c\u0435\u043b\u043e\u0434\u0438\u044e, \u043a\u043e \u043c\u043d\u0435 \u0432\u043e\u0437\u0432\u0440\u0430\u0449\u0430\u0435\u0442\u0441\u044f \u043f\u0440\u043e\u0448\u043b\u043e\u0435.", "sort_id": 13, "questionnaire": 2, "category": 6}}, {"model": "questionnaire.question", "pk": 54, "fields": {"text": "\u041b\u044e\u0431\u043b\u044e \u0447\u0438\u0442\u0430\u0442\u044c \u0432\u043e \u0432\u0440\u0435\u043c\u044f \u0435\u0434\u044b.", "sort_id": 14, "questionnaire": 2, "category": 5}}, {"model": "questionnaire.question", "pk": 55, "fields": {"text": "\u041b\u044e\u0431\u043b\u044e \u043f\u043e\u0433\u043e\u0432\u043e\u0440\u0438\u0442\u044c \u043f\u043e \u0442\u0435\u043b\u0435\u0444\u043e\u043d\u0443.", "sort_id": 15, "questionnaire": 2, "category": 6}}, {"model": "questionnaire.question", "pk": 56, "fields": {"text": "\u0423 \u043c\u0435\u043d\u044f \u0435\u0441\u0442\u044c \u0441\u043a\u043b\u043e\u043d\u043d\u043e\u0441\u0442\u044c \u043a \u043f\u043e\u043b\u043d\u043e\u0442\u0435.", "sort_id": 16, "questionnaire": 2, "category": 7}}, {"model": "questionnaire.question", "pk": 57, "fields": {"text": "\u041f\u0440\u0435\u0434\u043f\u043e\u0447\u0438\u0442\u0430\u044e \u0441\u043b\u0443\u0448\u0430\u0442\u044c \u0440\u0430\u0441\u0441\u043a\u0430\u0437, \u043a\u043e\u0442\u043e\u0440\u044b\u0439 \u043a\u0442\u043e-\u0442\u043e \u0447\u0438\u0442\u0430\u0435\u0442, \u0447\u0435\u043c \u0447\u0438\u0442\u0430\u0442\u044c \u0441\u0430\u043c\u043e\u043c\u0443.", "sort_id": 17, "questionnaire": 2, "category": 6}}, {"model": "questionnaire.question", "pk": 58, "fields": {"text": "\u041f\u043e\u0441\u043b\u0435 \u043f\u043b\u043e\u0445\u043e\u0433\u043e \u0434\u043d\u044f \u043c\u043e\u0439 \u043e\u0440\u0433\u0430\u043d\u0438\u0437\u043c \u0432 \u043d\u0430\u043f\u0440\u044f\u0436\u0435\u043d\u0438\u0438.", "sort_id": 18, "questionnaire": 2, "category": 7}}, {"model": "questionnaire.question", "pk": 59, "fields": {"text": "\u041e\u0445\u043e\u0442\u043d\u043e \u0438 \u043c\u043d\u043e\u0433\u043e \u0444\u043e\u0442\u043e\u0433\u0440\u0430\u0444\u0438\u0440\u0443\u044e.", "sort_id": 19, "questionnaire": 2, "category": 5}}, {"model": "questionnaire.question", "pk": 60, "fields": {"text": "\u0414\u043e\u043b\u0433\u043e \u043f\u043e\u043c\u043d\u044e, \u0447\u0442\u043e \u043c\u043d\u0435 \u0441\u043a\u0430\u0437\u0430\u043b\u0438 \u043f\u0440\u0438\u044f\u0442\u0435\u043b\u0438 \u0438\u043b\u0438 \u0437\u043d\u0430\u043a\u043e\u043c\u044b\u0435.", "sort_id": 20, "questionnaire": 2, "category": 6}}, {"model": "questionnaire.question", "pk": 61, "fields": {"text": "\u041b\u0435\u0433\u043a\u043e \u043e\u0442\u0434\u0430\u0442\u044c \u0434\u0435\u043d\u044c\u0433\u0438 \u0437\u0430 \u0446\u0432\u0435\u0442\u044b, \u043f\u043e\u0442\u043e\u043c\u0443 \u0447\u0442\u043e \u043e\u043d\u0438 \u0443\u043a\u0440\u0430\u0448\u0430\u044e\u0442 \u0436\u0438\u0437\u043d\u044c.", "sort_id": 21, "questionnaire": 2, "category": 5}}, {"model": "questionnaire.question", "pk": 62, "fields": {"text": "\u0412\u0435\u0447\u0435\u0440\u043e\u043c \u043b\u044e\u0431\u043b\u044e \u043f\u0440\u0438\u043d\u044f\u0442\u044c \u0433\u043e\u0440\u044f\u0447\u0443\u044e \u0432\u0430\u043d\u043d\u0443.", "sort_id": 22, "questionnaire": 2, "category": 7}}, {"model": "questionnaire.question", "pk": 63, "fields": {"text": "\u0421\u0442\u0430\u0440\u0430\u044e\u0441\u044c \u0437\u0430\u043f\u0438\u0441\u044b\u0432\u0430\u0442\u044c \u0441\u0432\u043e\u0438 \u043b\u0438\u0447\u043d\u044b\u0435 \u0434\u0435\u043b\u0430.", "sort_id": 23, "questionnaire": 2, "category": 5}}, {"model": "questionnaire.question", "pk": 64, "fields": {"text": "\u0427\u0430\u0441\u0442\u043e \u0440\u0430\u0437\u0433\u043e\u0432\u0430\u0440\u0438\u0432\u0430\u044e \u0441 \u0441\u043e\u0431\u043e\u0439.", "sort_id": 24, "questionnaire": 2, "category": 6}}, {"model": "questionnaire.question", "pk": 65, "fields": {"text": "\u041f\u043e\u0441\u043b\u0435 \u0434\u043b\u0438\u0442\u0435\u043b\u044c\u043d\u043e\u0439 \u0435\u0437\u0434\u044b \u043d\u0430 \u043c\u0430\u0448\u0438\u043d\u0435 \u0434\u043e\u043b\u0433\u043e \u043f\u0440\u0438\u0445\u043e\u0436\u0443 \u0432 \u0441\u0435\u0431\u044f.", "sort_id": 25, "questionnaire": 2, "category": 7}}, {"model": "questionnaire.question", "pk": 66, "fields": {"text": "\u0422\u0435\u043c\u0431\u0440 \u0433\u043e\u043b\u043e\u0441\u0430 \u043c\u043d\u043e\u0433\u043e\u0435 \u043c\u043d\u0435 \u0433\u043e\u0432\u043e\u0440\u0438\u0442 \u043e \u0447\u0435\u043b\u043e\u0432\u0435\u043a\u0435.", "sort_id": 26, "questionnaire": 2, "category": 6}}, {"model": "questionnaire.question", "pk": 67, "fields": {"text": "\u041f\u0440\u0438\u0434\u0430\u044e \u0437\u043d\u0430\u0447\u0435\u043d\u0438\u0435 \u043c\u0430\u043d\u0435\u0440\u0435 \u043e\u0434\u0435\u0432\u0430\u0442\u044c\u0441\u044f, \u0441\u0432\u043e\u0439\u0441\u0442\u0432\u0435\u043d\u043d\u043e\u0439 \u0434\u0440\u0443\u0433\u0438\u043c.", "sort_id": 27, "questionnaire": 2, "category": 5}}, {"model": "questionnaire.question", "pk": 68, "fields": {"text": "\u041b\u044e\u0431\u043b\u044e \u043f\u043e\u0442\u044f\u0433\u0438\u0432\u0430\u0442\u044c\u0441\u044f, \u0440\u0430\u0441\u043f\u0440\u0430\u0432\u043b\u044f\u0442\u044c \u043a\u043e\u043d\u0435\u0447\u043d\u043e\u0441\u0442\u0438, \u0440\u0430\u0437\u043c\u0438\u043d\u0430\u0442\u044c\u0441\u044f.", "sort_id": 28, "questionnaire": 2, "category": 7}}, {"model": "questionnaire.question", "pk": 69, "fields": {"text": "\u0421\u043b\u0438\u0448\u043a\u043e\u043c \u0442\u0432\u0435\u0440\u0434\u0430\u044f \u0438\u043b\u0438 \u0441\u043b\u0438\u0448\u043a\u043e\u043c \u043c\u044f\u0433\u043a\u0430\u044f \u043f\u043e\u0441\u0442\u0435\u043b\u044c \u0434\u043b\u044f \u043c\u0435\u043d\u044f \u043c\u0443\u043a\u0430.", "sort_id": 29, "questionnaire": 2, "category": 7}}, {"model": "questionnaire.question", "pk": 70, "fields": {"text": "\u041c\u043d\u0435 \u043d\u0435\u043b\u0435\u0433\u043a\u043e \u043d\u0430\u0439\u0442\u0438 \u0443\u0434\u043e\u0431\u043d\u0443\u044e \u043e\u0431\u0443\u0432\u044c.", "sort_id": 30, "questionnaire": 2, "category": 7}}, {"model": "questionnaire.question", "pk": 71, "fields": {"text": "\u041b\u044e\u0431\u043b\u044e \u0441\u043c\u043e\u0442\u0440\u0435\u0442\u044c \u0442\u0435\u043b\u0435- \u0438 \u0432\u0438\u0434\u0435\u043e\u0444\u0438\u043b\u044c\u043c\u044b.", "sort_id": 31, "questionnaire": 2, "category": 5}}, {"model": "questionnaire.question", "pk": 72, "fields": {"text": "\u0414\u0430\u0436\u0435 \u0441\u043f\u0443\u0441\u0442\u044f \u0433\u043e\u0434\u044b \u043c\u043e\u0433\u0443 \u0443\u0437\u043d\u0430\u0442\u044c \u043b\u0438\u0446\u0430, \u043a\u043e\u0442\u043e\u0440\u044b\u0435 \u043a\u043e\u0433\u0434\u0430-\u043b\u0438\u0431\u043e \u0432\u0438\u0434\u0435\u043b.", "sort_id": 32, "questionnaire": 2, "category": 5}}, {"model": "questionnaire.question", "pk": 73, "fields": {"text": "\u041b\u044e\u0431\u043b\u044e \u0445\u043e\u0434\u0438\u0442\u044c \u043f\u043e\u0434 \u0434\u043e\u0436\u0434\u0435\u043c, \u043a\u043e\u0433\u0434\u0430 \u043a\u0430\u043f\u043b\u0438 \u0441\u0442\u0443\u0447\u0430\u0442 \u043f\u043e \u0437\u043e\u043d\u0442\u0438\u043a\u0443.", "sort_id": 33, "questionnaire": 2, "category": 6}}, {"model": "questionnaire.question", "pk": 74, "fields": {"text": "\u041b\u044e\u0431\u043b\u044e \u0441\u043b\u0443\u0448\u0430\u0442\u044c, \u043a\u043e\u0433\u0434\u0430 \u0433\u043e\u0432\u043e\u0440\u044f\u0442.", "sort_id": 34, "questionnaire": 2, "category": 6}}, {"model": "questionnaire.question", "pk": 75, "fields": {"text": "\u041b\u044e\u0431\u043b\u044e \u0437\u0430\u043d\u0438\u043c\u0430\u0442\u044c\u0441\u044f \u043f\u043e\u0434\u0432\u0438\u0436\u043d\u044b\u043c \u0441\u043f\u043e\u0440\u0442\u043e\u043c \u0438\u043b\u0438 \u0432\u044b\u043f\u043e\u043b\u043d\u044f\u0442\u044c \u043a\u0430\u043a\u0438\u0435-\u043b\u0438\u0431\u043e \u0434\u0432\u0438\u0433\u0430\u0442\u0435\u043b\u044c\u043d\u044b\u0435 \u0443\u043f\u0440\u0430\u0436\u043d\u0435\u043d\u0438\u044f, \u0438\u043d\u043e\u0433\u0434\u0430 \u0438 \u043f\u043e\u0442\u0430\u043d\u0446\u0435\u0432\u0430\u0442\u044c.", "sort_id": 35, "questionnaire": 2, "category": 7}}, {"model": "questionnaire.question", "pk": 76, "fields": {"text": "\u041a\u043e\u0433\u0434\u0430 \u0431\u043b\u0438\u0437\u043a\u043e \u0442\u0438\u043a\u0430\u0435\u0442 \u0431\u0443\u0434\u0438\u043b\u044c\u043d\u0438\u043a, \u043d\u0435 \u043c\u043e\u0433\u0443 \u0443\u0441\u043d\u0443\u0442\u044c.", "sort_id": 36, "questionnaire": 2, "category": 6}}, {"model": "questionnaire.question", "pk": 77, "fields": {"text": "\u0423 \u043c\u0435\u043d\u044f \u043d\u0435\u043f\u043b\u043e\u0445\u0430\u044f \u0441\u0442\u0435\u0440\u0435\u043e \u0430\u043f\u043f\u0430\u0440\u0430\u0442\u0443\u0440\u0430.", "sort_id": 37, "questionnaire": 2, "category": 6}}, {"model": "questionnaire.question", "pk": 78, "fields": {"text": "\u041a\u043e\u0433\u0434\u0430 \u0441\u043b\u0443\u0448\u0430\u044e \u043c\u0443\u0437\u044b\u043a\u0443, \u043e\u0442\u0431\u0438\u0432\u0430\u044e \u0442\u0430\u043a\u0442 \u043d\u043e\u0433\u043e\u0439.", "sort_id": 38, "questionnaire": 2, "category": 7}}, {"model": "questionnaire.question", "pk": 79, "fields": {"text": "\u041d\u0430 \u043e\u0442\u0434\u044b\u0445\u0435 \u043d\u0435 \u043b\u044e\u0431\u043b\u044e \u043e\u0441\u043c\u0430\u0442\u0440\u0438\u0432\u0430\u0442\u044c \u043f\u0430\u043c\u044f\u0442\u043d\u0438\u043a\u0438 \u0430\u0440\u0445\u0438\u0442\u0435\u043a\u0442\u0443\u0440\u044b.", "sort_id": 39, "questionnaire": 2, "category": 5}}, {"model": "questionnaire.question", "pk": 80, "fields": {"text": "\u041d\u0435 \u0432\u044b\u043d\u043e\u0448\u0443 \u0431\u0435\u0441\u043f\u043e\u0440\u044f\u0434\u043e\u043a.", "sort_id": 40, "questionnaire": 2, "category": 5}}, {"model": "questionnaire.question", "pk": 81, "fields": {"text": "\u041d\u0435 \u043b\u044e\u0431\u043b\u044e \u0441\u0438\u043d\u0442\u0435\u0442\u0438\u0447\u0435\u0441\u043a\u0438\u0445 \u0442\u043a\u0430\u043d\u0435\u0439.", "sort_id": 41, "questionnaire": 2, "category": 7}}, {"model": "questionnaire.question", "pk": 82, "fields": {"text": "\u0421\u0447\u0438\u0442\u0430\u044e, \u0447\u0442\u043e \u0430\u0442\u043c\u043e\u0441\u0444\u0435\u0440\u0430 \u0432 \u043f\u043e\u043c\u0435\u0449\u0435\u043d\u0438\u0438 \u0437\u0430\u0432\u0438\u0441\u0438\u0442 \u043e\u0442 \u043e\u0441\u0432\u0435\u0449\u0435\u043d\u0438\u044f.", "sort_id": 42, "questionnaire": 2, "category": 5}}, {"model": "questionnaire.question", "pk": 83, "fields": {"text": "\u0427\u0430\u0441\u0442\u043e \u0445\u043e\u0436\u0443 \u043d\u0430 \u043a\u043e\u043d\u0446\u0435\u0440\u0442\u044b.", "sort_id": 43, "questionnaire": 2, "category": 6}}, {"model": "questionnaire.question", "pk": 84, "fields": {"text": "\u0421\u0430\u043c\u043e \u043f\u043e\u0436\u0430\u0442\u0438\u0435 \u0440\u0443\u043a\u0438 \u043c\u043d\u043e\u0433\u043e \u0433\u043e\u0432\u043e\u0440\u0438\u0442 \u043c\u043d\u0435 \u043e \u0434\u0430\u043d\u043d\u043e\u0439 \u043b\u0438\u0447\u043d\u043e\u0441\u0442\u0438.", "sort_id": 44, "questionnaire": 2, "category": 7}}, {"model": "questionnaire.question", "pk": 85, "fields": {"text": "\u041e\u0445\u043e\u0442\u043d\u043e \u043f\u043e\u0441\u0435\u0449\u0430\u044e \u0433\u0430\u043b\u0435\u0440\u0435\u0438 \u0438 \u0432\u044b\u0441\u0442\u0430\u0432\u043a\u0438.", "sort_id": 45, "questionnaire": 2, "category": 5}}, {"model": "questionnaire.question", "pk": 86, "fields": {"text": "\u0421\u0435\u0440\u044c\u0435\u0437\u043d\u0430\u044f \u0434\u0438\u0441\u043a\u0443\u0441\u0441\u0438\u044f \u2013 \u044d\u0442\u043e \u0438\u043d\u0442\u0435\u0440\u0435\u0441\u043d\u043e.", "sort_id": 46, "questionnaire": 2, "category": 6}}, {"model": "questionnaire.question", "pk": 87, "fields": {"text": "\u0427\u0435\u0440\u0435\u0437 \u043f\u0440\u0438\u043a\u043e\u0441\u043d\u043e\u0432\u0435\u043d\u0438\u0435 \u043c\u043e\u0436\u043d\u043e \u0441\u043a\u0430\u0437\u0430\u0442\u044c \u0437\u043d\u0430\u0447\u0438\u0442\u0435\u043b\u044c\u043d\u043e \u0431\u043e\u043b\u044c\u0448\u0435, \u0447\u0435\u043c \u0441\u043b\u043e\u0432\u0430\u043c\u0438.", "sort_id": 47, "questionnaire": 2, "category": 7}}, {"model": "questionnaire.question", "pk": 88, "fields": {"text": "\u0412 \u0448\u0443\u043c\u0435 \u043d\u0435 \u043c\u043e\u0433\u0443 \u0441\u043e\u0441\u0440\u0435\u0434\u043e\u0442\u043e\u0447\u0438\u0442\u044c\u0441\u044f.", "sort_id": 48, "questionnaire": 2, "category": 6}}, {"model": "questionnaire.answertype", "pk": 1, "fields": {"name": "\u0414\u0430/\u041d\u0435\u0442"}}, {"model": "questionnaire.answerchoice", "pk": 1, "fields": {"choice": "\u0414\u0430", "answer_type": 1}}, {"model": "questionnaire.answerchoice", "pk": 2, "fields": {"choice": "\u041d\u0435\u0442", "answer_type": 1}}, {"model": "questionnaire_responses.answer", "pk": 175, "fields": {"created": "2018-04-23T21:14:48.659Z", "question": 41, "response": 7, "body": 1}}, {"model": "questionnaire_responses.answer", "pk": 176, "fields": {"created": "2018-04-23T21:14:52.191Z", "question": 42, "response": 7, "body": 2}}, {"model": "questionnaire_responses.answer", "pk": 177, "fields": {"created": "2018-04-23T21:14:56.720Z", "question": 43, "response": 7, "body": 2}}, {"model": "questionnaire_responses.answer", "pk": 178, "fields": {"created": "2018-04-23T21:15:00.111Z", "question": 44, "response": 7, "body": 2}}, {"model": "questionnaire_responses.answer", "pk": 179, "fields": {"created": "2018-04-23T21:15:03.716Z", "question": 45, "response": 7, "body": 1}}, {"model": "questionnaire_responses.answer", "pk": 180, "fields": {"created": "2018-04-23T21:15:07.355Z", "question": 46, "response": 7, "body": 2}}, {"model": "questionnaire_responses.answer", "pk": 181, "fields": {"created": "2018-04-23T21:15:11.429Z", "question": 47, "response": 7, "body": 2}}, {"model": "questionnaire_responses.answer", "pk": 182, "fields": {"created": "2018-04-23T21:15:14.960Z", "question": 48, "response": 7, "body": 1}}, {"model": "questionnaire_responses.answer", "pk": 183, "fields": {"created": "2018-04-23T21:15:18.571Z", "question": 49, "response": 7, "body": 2}}, {"model": "questionnaire_responses.answer", "pk": 184, "fields": {"created": "2018-04-23T21:15:22.043Z", "question": 50, "response": 7, "body": 1}}, {"model": "questionnaire_responses.answer", "pk": 185, "fields": {"created": "2018-04-23T21:15:26.029Z", "question": 51, "response": 7, "body": 2}}, {"model": "questionnaire_responses.answer", "pk": 186, "fields": {"created": "2018-04-23T21:15:30.426Z", "question": 52, "response": 7, "body": 1}}, {"model": "questionnaire_responses.answer", "pk": 187, "fields": {"created": "2018-04-23T21:15:34.529Z", "question": 53, "response": 7, "body": 2}}, {"model": "questionnaire_responses.answer", "pk": 188, "fields": {"created": "2018-04-23T21:15:38.236Z", "question": 54, "response": 7, "body": 1}}, {"model": "questionnaire_responses.answer", "pk": 189, "fields": {"created": "2018-04-23T21:15:42.032Z", "question": 55, "response": 7, "body": 2}}, {"model": "questionnaire_responses.answer", "pk": 190, "fields": {"created": "2018-04-23T21:15:45.968Z", "question": 56, "response": 7, "body": 2}}, {"model": "questionnaire_responses.answer", "pk": 191, "fields": {"created": "2018-04-23T21:15:51.815Z", "question": 57, "response": 7, "body": 2}}, {"model": "questionnaire_responses.answer", "pk": 192, "fields": {"created": "2018-04-23T21:15:55.686Z", "question": 58, "response": 7, "body": 2}}, {"model": "questionnaire_responses.answer", "pk": 193, "fields": {"created": "2018-04-23T21:15:59.756Z", "question": 59, "response": 7, "body": 1}}, {"model": "questionnaire_responses.answer", "pk": 194, "fields": {"created": "2018-04-23T21:16:04.007Z", "question": 60, "response": 7, "body": 2}}, {"model": "questionnaire_responses.answer", "pk": 195, "fields": {"created": "2018-04-23T21:16:08.013Z", "question": 61, "response": 7, "body": 1}}, {"model": "questionnaire_responses.answer", "pk": 196, "fields": {"created": "2018-04-23T21:16:11.830Z", "question": 62, "response": 7, "body": 2}}, {"model": "questionnaire_responses.answer", "pk": 197, "fields": {"created": "2018-04-23T21:16:15.715Z", "question": 63, "response": 7, "body": 1}}, {"model": "questionnaire_responses.answer", "pk": 198, "fields": {"created": "2018-04-23T21:16:19.396Z", "question": 64, "response": 7, "body": 2}}, {"model": "questionnaire_responses.answer", "pk": 199, "fields": {"created": "2018-04-23T21:16:24.044Z", "question": 65, "response": 7, "body": 1}}, {"model": "questionnaire_responses.answer", "pk": 200, "fields": {"created": "2018-04-23T21:16:27.524Z", "question": 66, "response": 7, "body": 2}}, {"model": "questionnaire_responses.answer", "pk": 201, "fields": {"created": "2018-04-23T21:16:31.207Z", "question": 67, "response": 7, "body": 1}}, {"model": "questionnaire_responses.answer", "pk": 202, "fields": {"created": "2018-04-23T21:16:34.854Z", "question": 68, "response": 7, "body": 2}}, {"model": "questionnaire_responses.answer", "pk": 203, "fields": {"created": "2018-04-23T21:16:38.582Z", "question": 69, "response": 7, "body": 2}}, {"model": "questionnaire_responses.answer", "pk": 204, "fields": {"created": "2018-04-23T21:16:42.227Z", "question": 70, "response": 7, "body": 2}}, {"model": "questionnaire_responses.answer", "pk": 205, "fields": {"created": "2018-04-23T21:16:45.648Z", "question": 71, "response": 7, "body": 1}}, {"model": "questionnaire_responses.answer", "pk": 206, "fields": {"created": "2018-04-23T21:16:49.811Z", "question": 72, "response": 7, "body": 1}}, {"model": "questionnaire_responses.answer", "pk": 207, "fields": {"created": "2018-04-23T21:16:53.467Z", "question": 73, "response": 7, "body": 2}}, {"model": "questionnaire_responses.answer", "pk": 208, "fields": {"created": "2018-04-23T21:16:56.979Z", "question": 74, "response": 7, "body": 2}}, {"model": "questionnaire_responses.answer", "pk": 209, "fields": {"created": "2018-04-23T21:17:00.833Z", "question": 75, "response": 7, "body": 2}}, {"model": "questionnaire_responses.answer", "pk": 210, "fields": {"created": "2018-04-23T21:17:04.488Z", "question": 76, "response": 7, "body": 2}}, {"model": "questionnaire_responses.answer", "pk": 211, "fields": {"created": "2018-04-23T21:17:08.713Z", "question": 77, "response": 7, "body": 2}}, {"model": "questionnaire_responses.answer", "pk": 212, "fields": {"created": "2018-04-23T21:17:12.627Z", "question": 78, "response": 7, "body": 2}}, {"model": "questionnaire_responses.answer", "pk": 213, "fields": {"created": "2018-04-23T21:17:19.404Z", "question": 79, "response": 7, "body": 2}}, {"model": "questionnaire_responses.answer", "pk": 214, "fields": {"created": "2018-04-23T21:17:23.190Z", "question": 80, "response": 7, "body": 1}}, {"model": "questionnaire_responses.answer", "pk": 215, "fields": {"created": "2018-04-23T21:17:26.714Z", "question": 81, "response": 7, "body": 2}}, {"model": "questionnaire_responses.answer", "pk": 216, "fields": {"created": "2018-04-23T21:17:31.053Z", "question": 82, "response": 7, "body": 1}}, {"model": "questionnaire_responses.answer", "pk": 227, "fields": {"created": "2018-04-23T21:41:34.639Z", "question": 83, "response": 7, "body": 1}}, {"model": "questionnaire_responses.answer", "pk": 234, "fields": {"created": "2018-04-23T21:44:28.284Z", "question": 84, "response": 7, "body": 2}}, {"model": "questionnaire_responses.answer", "pk": 235, "fields": {"created": "2018-04-23T21:44:31.567Z", "question": 85, "response": 7, "body": 2}}, {"model": "questionnaire_responses.answer", "pk": 236, "fields": {"created": "2018-04-23T21:44:35.328Z", "question": 86, "response": 7, "body": 2}}, {"model": "questionnaire_responses.answer", "pk": 237, "fields": {"created": "2018-04-23T21:44:39.016Z", "question": 87, "response": 7, "body": 2}}, {"model": "questionnaire_responses.answer", "pk": 238, "fields": {"created": "2018-04-23T21:44:43.462Z", "question": 88, "response": 7, "body": 2}}, {"model": "questionnaire_responses.answer", "pk": 239, "fields": {"created": "2018-04-23T21:47:20.372Z", "question": 41, "response": 11, "body": 1}}, {"model": "questionnaire_responses.answer", "pk": 240, "fields": {"created": "2018-04-23T21:49:32.839Z", "question": 41, "response": 12, "body": 1}}, {"model": "questionnaire_responses.answer", "pk": 241, "fields": {"created": "2018-04-23T21:49:35.921Z", "question": 42, "response": 12, "body": 1}}, {"model": "questionnaire_responses.answer", "pk": 242, "fields": {"created": "2018-04-23T21:51:11.210Z", "question": 41, "response": 13, "body": 1}}, {"model": "questionnaire_responses.answer", "pk": 243, "fields": {"created": "2018-04-23T21:51:14.686Z", "question": 42, "response": 13, "body": 1}}, {"model": "questionnaire_responses.answer", "pk": 244, "fields": {"created": "2018-04-23T21:51:18.137Z", "question": 43, "response": 13, "body": 1}}, {"model": "questionnaire_responses.answer", "pk": 245, "fields": {"created": "2018-04-23T21:51:25.902Z", "question": 44, "response": 13, "body": 1}}, {"model": "questionnaire_responses.answer", "pk": 246, "fields": {"created": "2018-04-23T21:52:19.637Z", "question": 45, "response": 13, "body": 1}}, {"model": "questionnaire_responses.answer", "pk": 247, "fields": {"created": "2018-04-23T21:52:32.278Z", "question": 46, "response": 13, "body": 1}}, {"model": "questionnaire_responses.answer", "pk": 248, "fields": {"created": "2018-04-23T21:52:36.029Z", "question": 47, "response": 13, "body": 2}}, {"model": "questionnaire_responses.answer", "pk": 249, "fields": {"created": "2018-04-23T21:52:39.013Z", "question": 48, "response": 13, "body": 1}}, {"model": "questionnaire_responses.answer", "pk": 250, "fields": {"created": "2018-04-23T21:52:41.926Z", "question": 49, "response": 13, "body": 1}}, {"model": "questionnaire_responses.answer", "pk": 251, "fields": {"created": "2018-04-23T21:52:44.975Z", "question": 50, "response": 13, "body": 2}}, {"model": "questionnaire_responses.answer", "pk": 252, "fields": {"created": "2018-04-23T21:52:47.926Z", "question": 51, "response": 13, "body": 1}}, {"model": "questionnaire_responses.answer", "pk": 253, "fields": {"created": "2018-04-23T21:52:51.441Z", "question": 52, "response": 13, "body": 1}}, {"model": "questionnaire_responses.answer", "pk": 254, "fields": {"created": "2018-04-23T21:52:54.930Z", "question": 53, "response": 13, "body": 1}}, {"model": "questionnaire_responses.answer", "pk": 255, "fields": {"created": "2018-04-23T21:53:09.966Z", "question": 54, "response": 13, "body": 2}}, {"model": "questionnaire_responses.answer", "pk": 256, "fields": {"created": "2018-04-23T21:53:14.129Z", "question": 55, "response": 13, "body": 2}}, {"model": "questionnaire_responses.answer", "pk": 257, "fields": {"created": "2018-04-23T21:53:18.195Z", "question": 56, "response": 13, "body": 1}}, {"model": "questionnaire_responses.answer", "pk": 258, "fields": {"created": "2018-04-23T21:53:21.429Z", "question": 57, "response": 13, "body": 2}}, {"model": "questionnaire_responses.answer", "pk": 259, "fields": {"created": "2018-04-23T21:53:24.509Z", "question": 58, "response": 13, "body": 1}}, {"model": "questionnaire_responses.answer", "pk": 260, "fields": {"created": "2018-04-23T21:53:27.336Z", "question": 59, "response": 13, "body": 1}}, {"model": "questionnaire_responses.answer", "pk": 261, "fields": {"created": "2018-04-23T21:53:31.465Z", "question": 60, "response": 13, "body": 2}}, {"model": "questionnaire_responses.answer", "pk": 262, "fields": {"created": "2018-04-23T21:53:37.945Z", "question": 61, "response": 13, "body": 1}}, {"model": "questionnaire_responses.answer", "pk": 263, "fields": {"created": "2018-04-23T21:53:41.373Z", "question": 62, "response": 13, "body": 2}}, {"model": "questionnaire_responses.answer", "pk": 264, "fields": {"created": "2018-04-23T21:53:44.665Z", "question": 63, "response": 13, "body": 2}}, {"model": "questionnaire_responses.answer", "pk": 265, "fields": {"created": "2018-04-23T21:53:47.773Z", "question": 64, "response": 13, "body": 2}}, {"model": "questionnaire_responses.answer", "pk": 266, "fields": {"created": "2018-04-23T21:53:51.152Z", "question": 65, "response": 13, "body": 2}}, {"model": "questionnaire_responses.answer", "pk": 267, "fields": {"created": "2018-04-23T21:53:54.473Z", "question": 66, "response": 13, "body": 2}}, {"model": "questionnaire_responses.answer", "pk": 268, "fields": {"created": "2018-04-23T21:53:57.337Z", "question": 67, "response": 13, "body": 1}}, {"model": "questionnaire_responses.answer", "pk": 269, "fields": {"created": "2018-04-23T21:54:00.239Z", "question": 68, "response": 13, "body": 2}}, {"model": "questionnaire_responses.answer", "pk": 270, "fields": {"created": "2018-04-23T21:54:03.179Z", "question": 69, "response": 13, "body": 2}}, {"model": "questionnaire_responses.answer", "pk": 271, "fields": {"created": "2018-04-23T21:54:06.394Z", "question": 70, "response": 13, "body": 2}}, {"model": "questionnaire_responses.answer", "pk": 272, "fields": {"created": "2018-04-23T21:54:09.068Z", "question": 71, "response": 13, "body": 1}}, {"model": "questionnaire_responses.answer", "pk": 273, "fields": {"created": "2018-04-23T21:54:12.694Z", "question": 72, "response": 13, "body": 1}}, {"model": "questionnaire_responses.answer", "pk": 274, "fields": {"created": "2018-04-23T21:54:15.854Z", "question": 73, "response": 13, "body": 2}}, {"model": "questionnaire_responses.answer", "pk": 275, "fields": {"created": "2018-04-23T21:54:19.628Z", "question": 74, "response": 13, "body": 2}}, {"model": "questionnaire_responses.answer", "pk": 276, "fields": {"created": "2018-04-23T21:54:23.491Z", "question": 75, "response": 13, "body": 2}}, {"model": "questionnaire_responses.answer", "pk": 277, "fields": {"created": "2018-04-23T21:54:26.827Z", "question": 76, "response": 13, "body": 2}}, {"model": "questionnaire_responses.answer", "pk": 278, "fields": {"created": "2018-04-23T21:54:30.259Z", "question": 77, "response": 13, "body": 2}}, {"model": "questionnaire_responses.answer", "pk": 279, "fields": {"created": "2018-04-23T21:54:34.388Z", "question": 78, "response": 13, "body": 2}}, {"model": "questionnaire_responses.answer", "pk": 280, "fields": {"created": "2018-04-23T21:54:40.016Z", "question": 79, "response": 13, "body": 1}}, {"model": "questionnaire_responses.answer", "pk": 281, "fields": {"created": "2018-04-23T21:54:43.548Z", "question": 80, "response": 13, "body": 1}}, {"model": "questionnaire_responses.answer", "pk": 282, "fields": {"created": "2018-04-23T21:54:47.030Z", "question": 81, "response": 13, "body": 2}}, {"model": "questionnaire_responses.answer", "pk": 283, "fields": {"created": "2018-04-23T21:54:51.897Z", "question": 82, "response": 13, "body": 1}}, {"model": "questionnaire_responses.answer", "pk": 284, "fields": {"created": "2018-04-23T21:54:55.141Z", "question": 83, "response": 13, "body": 2}}, {"model": "questionnaire_responses.answer", "pk": 285, "fields": {"created": "2018-04-23T21:54:59.413Z", "question": 84, "response": 13, "body": 2}}, {"model": "questionnaire_responses.answer", "pk": 286, "fields": {"created": "2018-04-23T21:55:06.480Z", "question": 85, "response": 13, "body": 2}}, {"model": "questionnaire_responses.answer", "pk": 287, "fields": {"created": "2018-04-23T21:55:10.296Z", "question": 86, "response": 13, "body": 2}}, {"model": "questionnaire_responses.answer", "pk": 288, "fields": {"created": "2018-04-23T21:55:20.156Z", "question": 87, "response": 13, "body": 2}}, {"model": "questionnaire_responses.answer", "pk": 289, "fields": {"created": "2018-04-23T21:55:23.797Z", "question": 88, "response": 13, "body": 2}}, {"model": "questionnaire_responses.answer", "pk": 290, "fields": {"created": "2018-04-24T05:40:08.064Z", "question": 1, "response": 16, "body": 1}}, {"model": "questionnaire_responses.answer", "pk": 291, "fields": {"created": "2018-04-24T05:40:35.928Z", "question": 2, "response": 16, "body": 1}}, {"model": "questionnaire_responses.answer", "pk": 292, "fields": {"created": "2018-04-24T05:40:39.314Z", "question": 3, "response": 16, "body": 1}}, {"model": "questionnaire_responses.answer", "pk": 293, "fields": {"created": "2018-04-24T05:40:42.303Z", "question": 4, "response": 16, "body": 1}}, {"model": "questionnaire_responses.answer", "pk": 294, "fields": {"created": "2018-04-24T05:40:47.391Z", "question": 5, "response": 16, "body": 1}}, {"model": "questionnaire_responses.answer", "pk": 295, "fields": {"created": "2018-04-24T05:40:50.443Z", "question": 6, "response": 16, "body": 1}}, {"model": "questionnaire_responses.answer", "pk": 296, "fields": {"created": "2018-04-24T05:40:53.698Z", "question": 7, "response": 16, "body": 1}}, {"model": "questionnaire_responses.answer", "pk": 297, "fields": {"created": "2018-04-24T05:40:57.450Z", "question": 8, "response": 16, "body": 1}}, {"model": "questionnaire_responses.answer", "pk": 298, "fields": {"created": "2018-04-24T05:41:00.379Z", "question": 9, "response": 16, "body": 1}}, {"model": "questionnaire_responses.answer", "pk": 299, "fields": {"created": "2018-04-24T05:41:03.258Z", "question": 10, "response": 16, "body": 1}}, {"model": "questionnaire_responses.answer", "pk": 300, "fields": {"created": "2018-04-24T05:41:27.760Z", "question": 10, "response": 16, "body": 1}}, {"model": "questionnaire_responses.answer", "pk": 301, "fields": {"created": "2018-04-24T05:41:40.733Z", "question": 10, "response": 16, "body": 1}}, {"model": "questionnaire_responses.answer", "pk": 302, "fields": {"created": "2018-04-24T05:41:48.414Z", "question": 11, "response": 16, "body": 1}}, {"model": "questionnaire_responses.answer", "pk": 303, "fields": {"created": "2018-04-24T05:43:13.918Z", "question": 41, "response": 14, "body": 1}}, {"model": "questionnaire_responses.answer", "pk": 304, "fields": {"created": "2018-04-24T05:43:16.844Z", "question": 42, "response": 14, "body": 1}}, {"model": "questionnaire_responses.answer", "pk": 305, "fields": {"created": "2018-04-24T05:43:19.733Z", "question": 43, "response": 14, "body": 1}}, {"model": "questionnaire_responses.answer", "pk": 306, "fields": {"created": "2018-04-24T05:43:22.370Z", "question": 44, "response": 14, "body": 1}}, {"model": "questionnaire_responses.answer", "pk": 307, "fields": {"created": "2018-04-24T05:43:25.006Z", "question": 45, "response": 14, "body": 1}}, {"model": "questionnaire_responses.answer", "pk": 308, "fields": {"created": "2018-04-24T05:43:31.479Z", "question": 46, "response": 14, "body": 1}}, {"model": "questionnaire_responses.answer", "pk": 309, "fields": {"created": "2018-04-24T05:43:39.557Z", "question": 47, "response": 14, "body": 1}}, {"model": "questionnaire_responses.answer", "pk": 310, "fields": {"created": "2018-04-24T05:43:42.407Z", "question": 48, "response": 14, "body": 1}}, {"model": "questionnaire_responses.answer", "pk": 311, "fields": {"created": "2018-04-24T05:43:45.240Z", "question": 49, "response": 14, "body": 1}}, {"model": "questionnaire_responses.answer", "pk": 312, "fields": {"created": "2018-04-24T05:43:47.868Z", "question": 50, "response": 14, "body": 1}}, {"model": "questionnaire_responses.answer", "pk": 313, "fields": {"created": "2018-04-24T05:43:50.849Z", "question": 51, "response": 14, "body": 1}}, {"model": "questionnaire_responses.answer", "pk": 314, "fields": {"created": "2018-04-24T05:43:53.845Z", "question": 52, "response": 14, "body": 1}}, {"model": "questionnaire_responses.answer", "pk": 315, "fields": {"created": "2018-04-24T05:43:56.598Z", "question": 53, "response": 14, "body": 1}}, {"model": "questionnaire_responses.answer", "pk": 316, "fields": {"created": "2018-04-24T05:43:59.396Z", "question": 54, "response": 14, "body": 1}}, {"model": "questionnaire_responses.answer", "pk": 317, "fields": {"created": "2018-04-24T05:44:02.624Z", "question": 55, "response": 14, "body": 1}}, {"model": "questionnaire_responses.answer", "pk": 318, "fields": {"created": "2018-04-24T05:44:05.569Z", "question": 56, "response": 14, "body": 1}}, {"model": "questionnaire_responses.answer", "pk": 319, "fields": {"created": "2018-04-24T05:44:08.340Z", "question": 57, "response": 14, "body": 1}}, {"model": "questionnaire_responses.answer", "pk": 320, "fields": {"created": "2018-04-24T05:50:24.443Z", "question": 58, "response": 14, "body": 1}}, {"model": "questionnaire_responses.answer", "pk": 321, "fields": {"created": "2018-04-24T05:50:27.579Z", "question": 59, "response": 14, "body": 1}}, {"model": "questionnaire_responses.answer", "pk": 322, "fields": {"created": "2018-04-24T05:50:30.417Z", "question": 60, "response": 14, "body": 1}}, {"model": "questionnaire_responses.answer", "pk": 323, "fields": {"created": "2018-04-24T05:50:33.359Z", "question": 61, "response": 14, "body": 2}}, {"model": "questionnaire_responses.answer", "pk": 324, "fields": {"created": "2018-04-24T05:52:20.328Z", "question": 62, "response": 14, "body": 1}}, {"model": "questionnaire_responses.answer", "pk": 325, "fields": {"created": "2018-04-24T05:52:23.739Z", "question": 63, "response": 14, "body": 1}}, {"model": "questionnaire_responses.answer", "pk": 326, "fields": {"created": "2018-04-24T05:55:11.465Z", "question": 64, "response": 14, "body": 1}}, {"model": "questionnaire_responses.answer", "pk": 333, "fields": {"created": "2018-04-24T06:10:27.822Z", "question": 65, "response": 14, "body": 1}}, {"model": "questionnaire_responses.answer", "pk": 334, "fields": {"created": "2018-04-24T06:10:42.663Z", "question": 66, "response": 14, "body": 1}}, {"model": "questionnaire_responses.answer", "pk": 335, "fields": {"created": "2018-04-24T06:10:45.602Z", "question": 67, "response": 14, "body": 1}}, {"model": "questionnaire_responses.answer", "pk": 336, "fields": {"created": "2018-04-24T06:10:48.407Z", "question": 68, "response": 14, "body": 2}}, {"model": "questionnaire_responses.answer", "pk": 337, "fields": {"created": "2018-04-24T06:10:50.926Z", "question": 69, "response": 14, "body": 1}}, {"model": "questionnaire_responses.answer", "pk": 338, "fields": {"created": "2018-04-24T06:10:54.178Z", "question": 70, "response": 14, "body": 2}}, {"model": "questionnaire_responses.answer", "pk": 339, "fields": {"created": "2018-04-24T06:10:57.117Z", "question": 71, "response": 14, "body": 1}}, {"model": "questionnaire_responses.answer", "pk": 340, "fields": {"created": "2018-04-24T06:11:01.546Z", "question": 72, "response": 14, "body": 1}}, {"model": "questionnaire_responses.answer", "pk": 341, "fields": {"created": "2018-04-24T06:11:04.687Z", "question": 73, "response": 14, "body": 1}}, {"model": "questionnaire_responses.answer", "pk": 342, "fields": {"created": "2018-04-24T06:12:01.020Z", "question": 74, "response": 14, "body": 1}}, {"model": "questionnaire_responses.answer", "pk": 343, "fields": {"created": "2018-04-24T06:12:10.966Z", "question": 75, "response": 14, "body": 1}}, {"model": "questionnaire_responses.answer", "pk": 344, "fields": {"created": "2018-04-24T06:12:33.032Z", "question": 76, "response": 14, "body": 2}}, {"model": "questionnaire_responses.answer", "pk": 345, "fields": {"created": "2018-04-24T06:12:38.458Z", "question": 77, "response": 14, "body": 1}}, {"model": "questionnaire_responses.answer", "pk": 346, "fields": {"created": "2018-04-24T06:12:42.163Z", "question": 78, "response": 14, "body": 1}}, {"model": "questionnaire_responses.answer", "pk": 347, "fields": {"created": "2018-04-24T06:12:59.280Z", "question": 79, "response": 14, "body": 1}}, {"model": "questionnaire_responses.answer", "pk": 348, "fields": {"created": "2018-04-24T06:13:20.256Z", "question": 80, "response": 14, "body": 1}}, {"model": "questionnaire_responses.answer", "pk": 349, "fields": {"created": "2018-04-24T06:13:23.549Z", "question": 81, "response": 14, "body": 1}}, {"model": "questionnaire_responses.answer", "pk": 350, "fields": {"created": "2018-04-24T06:14:32.653Z", "question": 82, "response": 14, "body": 1}}, {"model": "questionnaire_responses.answer", "pk": 351, "fields": {"created": "2018-04-24T06:14:56.423Z", "question": 83, "response": 14, "body": 1}}, {"model": "questionnaire_responses.answer", "pk": 352, "fields": {"created": "2018-04-24T06:15:07.936Z", "question": 84, "response": 14, "body": 1}}, {"model": "questionnaire_responses.answer", "pk": 353, "fields": {"created": "2018-04-24T06:15:14.256Z", "question": 85, "response": 14, "body": 1}}, {"model": "questionnaire_responses.answer", "pk": 354, "fields": {"created": "2018-04-24T06:16:13.702Z", "question": 86, "response": 14, "body": 1}}, {"model": "questionnaire_responses.answer", "pk": 355, "fields": {"created": "2018-04-24T06:16:25.030Z", "question": 87, "response": 14, "body": 1}}, {"model": "questionnaire_responses.answer", "pk": 356, "fields": {"created": "2018-04-24T06:18:53.780Z", "question": 88, "response": 14, "body": 1}}, {"model": "questionnaire_responses.answer", "pk": 357, "fields": {"created": "2018-04-24T06:19:49.726Z", "question": 88, "response": 14, "body": 1}}, {"model": "questionnaire_responses.answer", "pk": 358, "fields": {"created": "2018-04-24T06:20:04.416Z", "question": 88, "response": 14, "body": 1}}, {"model": "questionnaire_responses.answer", "pk": 359, "fields": {"created": "2018-04-24T06:30:36.872Z", "question": 41, "response": 17, "body": 1}}, {"model": "questionnaire_responses.answer", "pk": 360, "fields": {"created": "2018-04-24T06:30:39.314Z", "question": 42, "response": 17, "body": 1}}, {"model": "questionnaire_responses.answer", "pk": 361, "fields": {"created": "2018-04-24T06:30:42.598Z", "question": 43, "response": 17, "body": 1}}, {"model": "questionnaire_responses.answer", "pk": 362, "fields": {"created": "2018-04-24T06:30:45.055Z", "question": 44, "response": 17, "body": 2}}, {"model": "questionnaire_responses.answer", "pk": 363, "fields": {"created": "2018-04-24T06:30:47.379Z", "question": 45, "response": 17, "body": 1}}, {"model": "questionnaire_responses.answer", "pk": 364, "fields": {"created": "2018-04-24T06:30:49.629Z", "question": 46, "response": 17, "body": 1}}, {"model": "questionnaire_responses.answer", "pk": 365, "fields": {"created": "2018-04-24T06:30:52.062Z", "question": 47, "response": 17, "body": 2}}, {"model": "questionnaire_responses.answer", "pk": 366, "fields": {"created": "2018-04-24T06:30:54.491Z", "question": 48, "response": 17, "body": 1}}, {"model": "questionnaire_responses.answer", "pk": 367, "fields": {"created": "2018-04-24T06:30:56.843Z", "question": 49, "response": 17, "body": 1}}, {"model": "questionnaire_responses.answer", "pk": 368, "fields": {"created": "2018-04-24T06:30:59.089Z", "question": 50, "response": 17, "body": 1}}, {"model": "questionnaire_responses.answer", "pk": 369, "fields": {"created": "2018-04-24T06:31:01.464Z", "question": 51, "response": 17, "body": 1}}, {"model": "questionnaire_responses.answer", "pk": 370, "fields": {"created": "2018-04-24T06:31:04.038Z", "question": 52, "response": 17, "body": 2}}, {"model": "questionnaire_responses.answer", "pk": 371, "fields": {"created": "2018-04-24T06:31:06.770Z", "question": 53, "response": 17, "body": 1}}, {"model": "questionnaire_responses.answer", "pk": 372, "fields": {"created": "2018-04-24T06:31:09.043Z", "question": 54, "response": 17, "body": 1}}, {"model": "questionnaire_responses.answer", "pk": 373, "fields": {"created": "2018-04-24T06:31:11.404Z", "question": 55, "response": 17, "body": 1}}, {"model": "questionnaire_responses.answer", "pk": 374, "fields": {"created": "2018-04-24T06:31:13.691Z", "question": 56, "response": 17, "body": 1}}, {"model": "questionnaire_responses.answer", "pk": 375, "fields": {"created": "2018-04-24T06:31:16.032Z", "question": 57, "response": 17, "body": 1}}, {"model": "questionnaire_responses.answer", "pk": 376, "fields": {"created": "2018-04-24T06:31:18.262Z", "question": 58, "response": 17, "body": 1}}, {"model": "questionnaire_responses.answer", "pk": 377, "fields": {"created": "2018-04-24T06:31:20.465Z", "question": 59, "response": 17, "body": 1}}, {"model": "questionnaire_responses.answer", "pk": 378, "fields": {"created": "2018-04-24T06:31:22.647Z", "question": 60, "response": 17, "body": 2}}, {"model": "questionnaire_responses.answer", "pk": 379, "fields": {"created": "2018-04-24T06:31:24.868Z", "question": 61, "response": 17, "body": 1}}, {"model": "questionnaire_responses.answer", "pk": 380, "fields": {"created": "2018-04-24T06:31:27.019Z", "question": 62, "response": 17, "body": 1}}, {"model": "questionnaire_responses.answer", "pk": 381, "fields": {"created": "2018-04-24T06:31:29.585Z", "question": 63, "response": 17, "body": 2}}, {"model": "questionnaire_responses.answer", "pk": 382, "fields": {"created": "2018-04-24T06:31:31.698Z", "question": 64, "response": 17, "body": 1}}, {"model": "questionnaire_responses.answer", "pk": 383, "fields": {"created": "2018-04-24T06:31:34.097Z", "question": 65, "response": 17, "body": 2}}, {"model": "questionnaire_responses.answer", "pk": 384, "fields": {"created": "2018-04-24T06:31:36.486Z", "question": 66, "response": 17, "body": 1}}, {"model": "questionnaire_responses.answer", "pk": 385, "fields": {"created": "2018-04-24T06:31:38.765Z", "question": 67, "response": 17, "body": 1}}, {"model": "questionnaire_responses.answer", "pk": 386, "fields": {"created": "2018-04-24T06:31:41.022Z", "question": 68, "response": 17, "body": 1}}, {"model": "questionnaire_responses.answer", "pk": 387, "fields": {"created": "2018-04-24T06:31:43.380Z", "question": 69, "response": 17, "body": 1}}, {"model": "questionnaire_responses.answer", "pk": 388, "fields": {"created": "2018-04-24T06:31:45.696Z", "question": 70, "response": 17, "body": 1}}, {"model": "questionnaire_responses.answer", "pk": 389, "fields": {"created": "2018-04-24T06:31:47.979Z", "question": 71, "response": 17, "body": 1}}, {"model": "questionnaire_responses.answer", "pk": 390, "fields": {"created": "2018-04-24T06:31:50.415Z", "question": 72, "response": 17, "body": 1}}, {"model": "questionnaire_responses.answer", "pk": 391, "fields": {"created": "2018-04-24T06:31:52.737Z", "question": 73, "response": 17, "body": 1}}, {"model": "questionnaire_responses.answer", "pk": 392, "fields": {"created": "2018-04-24T06:31:55.036Z", "question": 74, "response": 17, "body": 1}}, {"model": "questionnaire_responses.answer", "pk": 393, "fields": {"created": "2018-04-24T06:31:57.260Z", "question": 75, "response": 17, "body": 1}}, {"model": "questionnaire_responses.answer", "pk": 394, "fields": {"created": "2018-04-24T06:31:59.811Z", "question": 76, "response": 17, "body": 2}}, {"model": "questionnaire_responses.answer", "pk": 395, "fields": {"created": "2018-04-24T06:32:02.065Z", "question": 77, "response": 17, "body": 1}}, {"model": "questionnaire_responses.answer", "pk": 396, "fields": {"created": "2018-04-24T06:32:04.446Z", "question": 78, "response": 17, "body": 1}}, {"model": "questionnaire_responses.answer", "pk": 397, "fields": {"created": "2018-04-24T06:32:06.658Z", "question": 79, "response": 17, "body": 1}}, {"model": "questionnaire_responses.answer", "pk": 398, "fields": {"created": "2018-04-24T06:32:08.886Z", "question": 80, "response": 17, "body": 1}}, {"model": "questionnaire_responses.answer", "pk": 399, "fields": {"created": "2018-04-24T06:32:11.220Z", "question": 81, "response": 17, "body": 1}}, {"model": "questionnaire_responses.answer", "pk": 400, "fields": {"created": "2018-04-24T06:32:13.442Z", "question": 82, "response": 17, "body": 1}}, {"model": "questionnaire_responses.answer", "pk": 401, "fields": {"created": "2018-04-24T06:32:15.790Z", "question": 83, "response": 17, "body": 1}}, {"model": "questionnaire_responses.answer", "pk": 402, "fields": {"created": "2018-04-24T06:32:18.330Z", "question": 84, "response": 17, "body": 2}}, {"model": "questionnaire_responses.answer", "pk": 403, "fields": {"created": "2018-04-24T06:32:20.479Z", "question": 85, "response": 17, "body": 1}}, {"model": "questionnaire_responses.answer", "pk": 404, "fields": {"created": "2018-04-24T06:32:22.794Z", "question": 86, "response": 17, "body": 1}}, {"model": "questionnaire_responses.answer", "pk": 405, "fields": {"created": "2018-04-24T06:32:25.146Z", "question": 87, "response": 17, "body": 1}}, {"model": "questionnaire_responses.answer", "pk": 406, "fields": {"created": "2018-04-24T06:32:27.897Z", "question": 88, "response": 17, "body": 2}}, {"model": "questionnaire_responses.answer", "pk": 407, "fields": {"created": "2018-04-24T06:32:34.292Z", "question": 88, "response": 17, "body": 2}}, {"model": "questionnaire_responses.answer", "pk": 408, "fields": {"created": "2018-04-24T06:32:39.142Z", "question": 88, "response": 17, "body": 2}}, {"model": "questionnaire_responses.answer", "pk": 409, "fields": {"created": "2018-04-24T06:33:45.807Z", "question": 1, "response": 18, "body": 1}}, {"model": "questionnaire_responses.answer", "pk": 410, "fields": {"created": "2018-04-24T06:33:48.702Z", "question": 2, "response": 18, "body": 2}}, {"model": "questionnaire_responses.answer", "pk": 411, "fields": {"created": "2018-04-24T06:33:51.039Z", "question": 3, "response": 18, "body": 1}}, {"model": "questionnaire_responses.answer", "pk": 412, "fields": {"created": "2018-04-24T06:33:53.254Z", "question": 4, "response": 18, "body": 1}}, {"model": "questionnaire_responses.answer", "pk": 413, "fields": {"created": "2018-04-24T06:33:55.384Z", "question": 5, "response": 18, "body": 1}}, {"model": "questionnaire_responses.answer", "pk": 414, "fields": {"created": "2018-04-24T06:33:57.602Z", "question": 6, "response": 18, "body": 1}}, {"model": "questionnaire_responses.answer", "pk": 415, "fields": {"created": "2018-04-24T06:33:59.848Z", "question": 7, "response": 18, "body": 1}}, {"model": "questionnaire_responses.answer", "pk": 416, "fields": {"created": "2018-04-24T06:34:02.050Z", "question": 8, "response": 18, "body": 1}}, {"model": "questionnaire_responses.answer", "pk": 417, "fields": {"created": "2018-04-24T06:34:04.333Z", "question": 9, "response": 18, "body": 1}}, {"model": "questionnaire_responses.answer", "pk": 418, "fields": {"created": "2018-04-24T06:34:06.679Z", "question": 10, "response": 18, "body": 1}}, {"model": "questionnaire_responses.answer", "pk": 419, "fields": {"created": "2018-04-24T06:34:08.678Z", "question": 11, "response": 18, "body": 1}}, {"model": "questionnaire_responses.answer", "pk": 420, "fields": {"created": "2018-04-24T06:34:11.057Z", "question": 12, "response": 18, "body": 1}}, {"model": "questionnaire_responses.answer", "pk": 421, "fields": {"created": "2018-04-24T06:34:13.118Z", "question": 13, "response": 18, "body": 1}}, {"model": "questionnaire_responses.answer", "pk": 422, "fields": {"created": "2018-04-24T06:34:15.297Z", "question": 14, "response": 18, "body": 1}}, {"model": "questionnaire_responses.answer", "pk": 423, "fields": {"created": "2018-04-24T06:34:17.581Z", "question": 15, "response": 18, "body": 1}}, {"model": "questionnaire_responses.answer", "pk": 424, "fields": {"created": "2018-04-24T06:34:19.896Z", "question": 16, "response": 18, "body": 1}}, {"model": "questionnaire_responses.answer", "pk": 425, "fields": {"created": "2018-04-24T06:34:22.138Z", "question": 17, "response": 18, "body": 1}}, {"model": "questionnaire_responses.answer", "pk": 426, "fields": {"created": "2018-04-24T06:34:24.335Z", "question": 18, "response": 18, "body": 1}}, {"model": "questionnaire_responses.answer", "pk": 427, "fields": {"created": "2018-04-24T06:34:26.465Z", "question": 19, "response": 18, "body": 1}}, {"model": "questionnaire_responses.answer", "pk": 428, "fields": {"created": "2018-04-24T06:34:28.691Z", "question": 20, "response": 18, "body": 1}}, {"model": "questionnaire_responses.answer", "pk": 429, "fields": {"created": "2018-04-24T06:34:31.019Z", "question": 21, "response": 18, "body": 1}}, {"model": "questionnaire_responses.answer", "pk": 430, "fields": {"created": "2018-04-24T06:34:33.010Z", "question": 22, "response": 18, "body": 1}}, {"model": "questionnaire_responses.answer", "pk": 431, "fields": {"created": "2018-04-24T06:34:35.143Z", "question": 23, "response": 18, "body": 1}}, {"model": "questionnaire_responses.answer", "pk": 432, "fields": {"created": "2018-04-24T06:34:37.347Z", "question": 24, "response": 18, "body": 1}}, {"model": "questionnaire_responses.answer", "pk": 433, "fields": {"created": "2018-04-24T06:34:39.634Z", "question": 25, "response": 18, "body": 1}}, {"model": "questionnaire_responses.answer", "pk": 434, "fields": {"created": "2018-04-24T06:34:41.787Z", "question": 26, "response": 18, "body": 1}}, {"model": "questionnaire_responses.answer", "pk": 435, "fields": {"created": "2018-04-24T06:34:44.051Z", "question": 27, "response": 18, "body": 1}}, {"model": "questionnaire_responses.answer", "pk": 436, "fields": {"created": "2018-04-24T06:34:46.165Z", "question": 28, "response": 18, "body": 1}}, {"model": "questionnaire_responses.answer", "pk": 437, "fields": {"created": "2018-04-24T06:34:48.357Z", "question": 29, "response": 18, "body": 1}}, {"model": "questionnaire_responses.answer", "pk": 438, "fields": {"created": "2018-04-24T06:34:50.422Z", "question": 30, "response": 18, "body": 1}}, {"model": "questionnaire_responses.answer", "pk": 439, "fields": {"created": "2018-04-24T06:34:52.842Z", "question": 31, "response": 18, "body": 1}}, {"model": "questionnaire_responses.answer", "pk": 440, "fields": {"created": "2018-04-24T06:34:55.125Z", "question": 32, "response": 18, "body": 1}}, {"model": "questionnaire_responses.answer", "pk": 441, "fields": {"created": "2018-04-24T06:34:57.394Z", "question": 33, "response": 18, "body": 1}}, {"model": "questionnaire_responses.answer", "pk": 442, "fields": {"created": "2018-04-24T06:34:59.620Z", "question": 34, "response": 18, "body": 1}}, {"model": "questionnaire_responses.answer", "pk": 443, "fields": {"created": "2018-04-24T06:35:01.837Z", "question": 35, "response": 18, "body": 1}}, {"model": "questionnaire_responses.answer", "pk": 444, "fields": {"created": "2018-04-24T06:35:04.102Z", "question": 36, "response": 18, "body": 1}}, {"model": "questionnaire_responses.answer", "pk": 445, "fields": {"created": "2018-04-24T06:35:06.329Z", "question": 37, "response": 18, "body": 1}}, {"model": "questionnaire_responses.answer", "pk": 446, "fields": {"created": "2018-04-24T06:35:08.236Z", "question": 38, "response": 18, "body": 1}}, {"model": "questionnaire_responses.answer", "pk": 447, "fields": {"created": "2018-04-24T06:35:10.469Z", "question": 39, "response": 18, "body": 1}}, {"model": "questionnaire_responses.answer", "pk": 448, "fields": {"created": "2018-04-24T06:35:12.912Z", "question": 40, "response": 18, "body": 1}}, {"model": "questionnaire_responses.answer", "pk": 449, "fields": {"created": "2018-04-24T06:43:59.470Z", "question": 41, "response": 19, "body": 1}}, {"model": "questionnaire_responses.answer", "pk": 450, "fields": {"created": "2018-04-24T06:44:02.077Z", "question": 42, "response": 19, "body": 1}}, {"model": "questionnaire_responses.answer", "pk": 451, "fields": {"created": "2018-04-24T06:44:04.385Z", "question": 43, "response": 19, "body": 1}}, {"model": "questionnaire_responses.answer", "pk": 452, "fields": {"created": "2018-04-24T06:44:06.873Z", "question": 44, "response": 19, "body": 1}}, {"model": "questionnaire_responses.answer", "pk": 453, "fields": {"created": "2018-04-24T06:44:09.111Z", "question": 45, "response": 19, "body": 1}}, {"model": "questionnaire_responses.answer", "pk": 454, "fields": {"created": "2018-04-24T06:44:12.089Z", "question": 46, "response": 19, "body": 1}}, {"model": "questionnaire_responses.answer", "pk": 455, "fields": {"created": "2018-04-24T06:44:14.863Z", "question": 47, "response": 19, "body": 1}}, {"model": "questionnaire_responses.answer", "pk": 456, "fields": {"created": "2018-04-24T06:44:17.713Z", "question": 48, "response": 19, "body": 1}}, {"model": "questionnaire_responses.answer", "pk": 457, "fields": {"created": "2018-04-24T06:44:20.716Z", "question": 49, "response": 19, "body": 1}}, {"model": "questionnaire_responses.answer", "pk": 458, "fields": {"created": "2018-04-24T06:44:23.649Z", "question": 50, "response": 19, "body": 1}}, {"model": "questionnaire_responses.answer", "pk": 459, "fields": {"created": "2018-04-24T06:44:27.312Z", "question": 51, "response": 19, "body": 1}}, {"model": "questionnaire_responses.answer", "pk": 460, "fields": {"created": "2018-04-24T06:44:29.637Z", "question": 52, "response": 19, "body": 1}}, {"model": "questionnaire_responses.answer", "pk": 461, "fields": {"created": "2018-04-24T06:44:32.047Z", "question": 53, "response": 19, "body": 1}}, {"model": "questionnaire_responses.answer", "pk": 462, "fields": {"created": "2018-04-24T06:44:34.755Z", "question": 54, "response": 19, "body": 1}}, {"model": "questionnaire_responses.answer", "pk": 463, "fields": {"created": "2018-04-24T06:44:36.998Z", "question": 55, "response": 19, "body": 1}}, {"model": "questionnaire_responses.answer", "pk": 464, "fields": {"created": "2018-04-24T06:44:39.420Z", "question": 56, "response": 19, "body": 1}}, {"model": "questionnaire_responses.answer", "pk": 465, "fields": {"created": "2018-04-24T06:44:41.735Z", "question": 57, "response": 19, "body": 1}}, {"model": "questionnaire_responses.answer", "pk": 466, "fields": {"created": "2018-04-24T06:44:44.094Z", "question": 58, "response": 19, "body": 1}}, {"model": "questionnaire_responses.answer", "pk": 467, "fields": {"created": "2018-04-24T06:44:46.404Z", "question": 59, "response": 19, "body": 1}}, {"model": "questionnaire_responses.answer", "pk": 468, "fields": {"created": "2018-04-24T06:44:48.768Z", "question": 60, "response": 19, "body": 1}}, {"model": "questionnaire_responses.answer", "pk": 469, "fields": {"created": "2018-04-24T06:44:51.129Z", "question": 61, "response": 19, "body": 1}}, {"model": "questionnaire_responses.answer", "pk": 470, "fields": {"created": "2018-04-24T06:44:53.619Z", "question": 62, "response": 19, "body": 1}}, {"model": "questionnaire_responses.answer", "pk": 471, "fields": {"created": "2018-04-24T06:44:56.400Z", "question": 63, "response": 19, "body": 1}}, {"model": "questionnaire_responses.answer", "pk": 472, "fields": {"created": "2018-04-24T06:44:58.788Z", "question": 64, "response": 19, "body": 1}}, {"model": "questionnaire_responses.answer", "pk": 473, "fields": {"created": "2018-04-24T06:45:01.027Z", "question": 65, "response": 19, "body": 1}}, {"model": "questionnaire_responses.answer", "pk": 474, "fields": {"created": "2018-04-24T06:45:03.359Z", "question": 66, "response": 19, "body": 1}}, {"model": "questionnaire_responses.answer", "pk": 475, "fields": {"created": "2018-04-24T06:45:05.930Z", "question": 67, "response": 19, "body": 1}}, {"model": "questionnaire_responses.answer", "pk": 476, "fields": {"created": "2018-04-24T06:45:09.067Z", "question": 68, "response": 19, "body": 1}}, {"model": "questionnaire_responses.answer", "pk": 477, "fields": {"created": "2018-04-24T06:45:11.774Z", "question": 69, "response": 19, "body": 1}}, {"model": "questionnaire_responses.answer", "pk": 478, "fields": {"created": "2018-04-24T06:45:14.215Z", "question": 70, "response": 19, "body": 1}}, {"model": "questionnaire_responses.answer", "pk": 479, "fields": {"created": "2018-04-24T06:45:16.672Z", "question": 71, "response": 19, "body": 1}}, {"model": "questionnaire_responses.answer", "pk": 480, "fields": {"created": "2018-04-24T06:45:19.038Z", "question": 72, "response": 19, "body": 1}}, {"model": "questionnaire_responses.answer", "pk": 481, "fields": {"created": "2018-04-24T06:45:21.655Z", "question": 73, "response": 19, "body": 1}}, {"model": "questionnaire_responses.answer", "pk": 482, "fields": {"created": "2018-04-24T06:45:23.899Z", "question": 74, "response": 19, "body": 1}}, {"model": "questionnaire_responses.answer", "pk": 483, "fields": {"created": "2018-04-24T06:45:26.508Z", "question": 75, "response": 19, "body": 1}}, {"model": "questionnaire_responses.answer", "pk": 484, "fields": {"created": "2018-04-24T06:45:28.933Z", "question": 76, "response": 19, "body": 1}}, {"model": "questionnaire_responses.answer", "pk": 485, "fields": {"created": "2018-04-24T06:45:31.504Z", "question": 77, "response": 19, "body": 1}}, {"model": "questionnaire_responses.answer", "pk": 486, "fields": {"created": "2018-04-24T06:45:33.847Z", "question": 78, "response": 19, "body": 1}}, {"model": "questionnaire_responses.answer", "pk": 487, "fields": {"created": "2018-04-24T06:45:36.187Z", "question": 79, "response": 19, "body": 1}}, {"model": "questionnaire_responses.answer", "pk": 488, "fields": {"created": "2018-04-24T06:47:40.690Z", "question": 80, "response": 19, "body": 1}}, {"model": "questionnaire_responses.answer", "pk": 489, "fields": {"created": "2018-04-24T06:47:43.751Z", "question": 81, "response": 19, "body": 1}}, {"model": "questionnaire_responses.answer", "pk": 490, "fields": {"created": "2018-04-24T06:47:46.928Z", "question": 82, "response": 19, "body": 1}}, {"model": "questionnaire_responses.answer", "pk": 491, "fields": {"created": "2018-04-24T06:47:50.290Z", "question": 83, "response": 19, "body": 1}}, {"model": "questionnaire_responses.answer", "pk": 492, "fields": {"created": "2018-04-24T06:47:53.363Z", "question": 84, "response": 19, "body": 1}}, {"model": "questionnaire_responses.answer", "pk": 493, "fields": {"created": "2018-04-24T06:47:56.303Z", "question": 85, "response": 19, "body": 1}}, {"model": "questionnaire_responses.answer", "pk": 494, "fields": {"created": "2018-04-24T06:47:58.843Z", "question": 86, "response": 19, "body": 1}}, {"model": "questionnaire_responses.answer", "pk": 495, "fields": {"created": "2018-04-24T06:48:01.748Z", "question": 87, "response": 19, "body": 1}}, {"model": "questionnaire_responses.answer", "pk": 496, "fields": {"created": "2018-04-24T06:48:05.025Z", "question": 88, "response": 19, "body": 1}}, {"model": "questionnaire_responses.answer", "pk": 497, "fields": {"created": "2018-04-24T06:49:32.782Z", "question": 1, "response": 20, "body": 1}}, {"model": "questionnaire_responses.answer", "pk": 498, "fields": {"created": "2018-04-24T06:49:35.264Z", "question": 2, "response": 20, "body": 1}}, {"model": "questionnaire_responses.answer", "pk": 499, "fields": {"created": "2018-04-24T06:49:37.679Z", "question": 3, "response": 20, "body": 1}}, {"model": "questionnaire_responses.answer", "pk": 500, "fields": {"created": "2018-04-24T06:49:39.972Z", "question": 4, "response": 20, "body": 1}}, {"model": "questionnaire_responses.answer", "pk": 501, "fields": {"created": "2018-04-24T06:49:42.620Z", "question": 5, "response": 20, "body": 1}}, {"model": "questionnaire_responses.answer", "pk": 502, "fields": {"created": "2018-04-24T06:49:45.549Z", "question": 6, "response": 20, "body": 1}}, {"model": "questionnaire_responses.answer", "pk": 503, "fields": {"created": "2018-04-24T06:49:48.709Z", "question": 7, "response": 20, "body": 1}}, {"model": "questionnaire_responses.answer", "pk": 504, "fields": {"created": "2018-04-24T06:49:51.281Z", "question": 8, "response": 20, "body": 1}}, {"model": "questionnaire_responses.answer", "pk": 505, "fields": {"created": "2018-04-24T06:49:53.647Z", "question": 9, "response": 20, "body": 1}}, {"model": "questionnaire_responses.answer", "pk": 506, "fields": {"created": "2018-04-24T06:49:55.902Z", "question": 10, "response": 20, "body": 1}}, {"model": "questionnaire_responses.answer", "pk": 507, "fields": {"created": "2018-04-24T06:49:58.530Z", "question": 11, "response": 20, "body": 1}}, {"model": "questionnaire_responses.answer", "pk": 508, "fields": {"created": "2018-04-24T06:50:00.991Z", "question": 12, "response": 20, "body": 1}}, {"model": "questionnaire_responses.answer", "pk": 509, "fields": {"created": "2018-04-24T06:50:03.463Z", "question": 13, "response": 20, "body": 1}}, {"model": "questionnaire_responses.answer", "pk": 510, "fields": {"created": "2018-04-24T06:50:05.956Z", "question": 14, "response": 20, "body": 1}}, {"model": "questionnaire_responses.answer", "pk": 511, "fields": {"created": "2018-04-24T06:50:08.495Z", "question": 15, "response": 20, "body": 1}}, {"model": "questionnaire_responses.answer", "pk": 512, "fields": {"created": "2018-04-24T06:50:10.988Z", "question": 16, "response": 20, "body": 1}}, {"model": "questionnaire_responses.answer", "pk": 513, "fields": {"created": "2018-04-24T06:50:14.103Z", "question": 17, "response": 20, "body": 1}}, {"model": "questionnaire_responses.answer", "pk": 514, "fields": {"created": "2018-04-24T06:50:16.748Z", "question": 18, "response": 20, "body": 1}}, {"model": "questionnaire_responses.answer", "pk": 515, "fields": {"created": "2018-04-24T06:50:19.305Z", "question": 19, "response": 20, "body": 1}}, {"model": "questionnaire_responses.answer", "pk": 516, "fields": {"created": "2018-04-24T06:50:21.659Z", "question": 20, "response": 20, "body": 1}}, {"model": "questionnaire_responses.answer", "pk": 517, "fields": {"created": "2018-04-24T06:50:24.204Z", "question": 21, "response": 20, "body": 1}}, {"model": "questionnaire_responses.answer", "pk": 518, "fields": {"created": "2018-04-24T06:50:26.366Z", "question": 22, "response": 20, "body": 1}}, {"model": "questionnaire_responses.answer", "pk": 519, "fields": {"created": "2018-04-24T06:50:28.447Z", "question": 23, "response": 20, "body": 1}}, {"model": "questionnaire_responses.answer", "pk": 520, "fields": {"created": "2018-04-24T06:50:30.778Z", "question": 24, "response": 20, "body": 1}}, {"model": "questionnaire_responses.answer", "pk": 521, "fields": {"created": "2018-04-24T06:50:32.973Z", "question": 25, "response": 20, "body": 1}}, {"model": "questionnaire_responses.answer", "pk": 522, "fields": {"created": "2018-04-24T06:50:35.029Z", "question": 26, "response": 20, "body": 1}}, {"model": "questionnaire_responses.answer", "pk": 523, "fields": {"created": "2018-04-24T06:50:37.277Z", "question": 27, "response": 20, "body": 1}}, {"model": "questionnaire_responses.answer", "pk": 524, "fields": {"created": "2018-04-24T06:50:39.686Z", "question": 28, "response": 20, "body": 1}}, {"model": "questionnaire_responses.answer", "pk": 525, "fields": {"created": "2018-04-24T06:50:42.232Z", "question": 29, "response": 20, "body": 1}}, {"model": "questionnaire_responses.answer", "pk": 526, "fields": {"created": "2018-04-24T06:50:45.884Z", "question": 30, "response": 20, "body": 1}}, {"model": "questionnaire_responses.answer", "pk": 527, "fields": {"created": "2018-04-24T06:50:48.462Z", "question": 31, "response": 20, "body": 1}}, {"model": "questionnaire_responses.answer", "pk": 528, "fields": {"created": "2018-04-24T06:50:50.633Z", "question": 32, "response": 20, "body": 1}}, {"model": "questionnaire_responses.answer", "pk": 529, "fields": {"created": "2018-04-24T06:50:52.782Z", "question": 33, "response": 20, "body": 1}}, {"model": "questionnaire_responses.answer", "pk": 530, "fields": {"created": "2018-04-24T06:50:54.925Z", "question": 34, "response": 20, "body": 1}}, {"model": "questionnaire_responses.answer", "pk": 531, "fields": {"created": "2018-04-24T06:50:56.986Z", "question": 35, "response": 20, "body": 1}}, {"model": "questionnaire_responses.answer", "pk": 532, "fields": {"created": "2018-04-24T06:50:59.286Z", "question": 36, "response": 20, "body": 1}}, {"model": "questionnaire_responses.answer", "pk": 533, "fields": {"created": "2018-04-24T06:51:01.542Z", "question": 37, "response": 20, "body": 1}}, {"model": "questionnaire_responses.answer", "pk": 534, "fields": {"created": "2018-04-24T06:51:06.330Z", "question": 38, "response": 20, "body": 1}}, {"model": "questionnaire_responses.answer", "pk": 535, "fields": {"created": "2018-04-24T06:51:09.029Z", "question": 39, "response": 20, "body": 1}}, {"model": "questionnaire_responses.answer", "pk": 536, "fields": {"created": "2018-04-24T06:51:16.049Z", "question": 40, "response": 20, "body": 1}}, {"model": "questionnaire_responses.answer", "pk": 537, "fields": {"created": "2018-04-24T07:01:56.781Z", "question": 41, "response": 22, "body": 1}}, {"model": "questionnaire_responses.answer", "pk": 538, "fields": {"created": "2018-04-24T07:01:58.905Z", "question": 42, "response": 22, "body": 1}}, {"model": "questionnaire_responses.answer", "pk": 539, "fields": {"created": "2018-04-24T07:02:00.827Z", "question": 43, "response": 22, "body": 1}}, {"model": "questionnaire_responses.answer", "pk": 540, "fields": {"created": "2018-04-24T07:02:02.714Z", "question": 44, "response": 22, "body": 1}}, {"model": "questionnaire_responses.answer", "pk": 541, "fields": {"created": "2018-04-24T07:02:04.571Z", "question": 45, "response": 22, "body": 1}}, {"model": "questionnaire_responses.answer", "pk": 542, "fields": {"created": "2018-04-24T07:02:06.392Z", "question": 46, "response": 22, "body": 1}}, {"model": "questionnaire_responses.answer", "pk": 543, "fields": {"created": "2018-04-24T07:02:08.227Z", "question": 47, "response": 22, "body": 1}}, {"model": "questionnaire_responses.answer", "pk": 544, "fields": {"created": "2018-04-24T07:02:10.037Z", "question": 48, "response": 22, "body": 1}}, {"model": "questionnaire_responses.answer", "pk": 545, "fields": {"created": "2018-04-24T07:02:12.013Z", "question": 49, "response": 22, "body": 1}}, {"model": "questionnaire_responses.answer", "pk": 546, "fields": {"created": "2018-04-24T07:02:13.763Z", "question": 50, "response": 22, "body": 1}}, {"model": "questionnaire_responses.answer", "pk": 547, "fields": {"created": "2018-04-24T07:02:15.532Z", "question": 51, "response": 22, "body": 1}}, {"model": "questionnaire_responses.answer", "pk": 548, "fields": {"created": "2018-04-24T07:02:17.475Z", "question": 52, "response": 22, "body": 1}}, {"model": "questionnaire_responses.answer", "pk": 549, "fields": {"created": "2018-04-24T07:02:19.193Z", "question": 53, "response": 22, "body": 1}}, {"model": "questionnaire_responses.answer", "pk": 550, "fields": {"created": "2018-04-24T07:02:20.949Z", "question": 54, "response": 22, "body": 1}}, {"model": "questionnaire_responses.answer", "pk": 551, "fields": {"created": "2018-04-24T07:02:47.356Z", "question": 55, "response": 22, "body": 1}}, {"model": "questionnaire_responses.answer", "pk": 552, "fields": {"created": "2018-04-24T07:02:49.392Z", "question": 56, "response": 22, "body": 1}}, {"model": "questionnaire_responses.answer", "pk": 553, "fields": {"created": "2018-04-24T07:02:51.233Z", "question": 57, "response": 22, "body": 1}}, {"model": "questionnaire_responses.answer", "pk": 554, "fields": {"created": "2018-04-24T07:02:53.004Z", "question": 58, "response": 22, "body": 1}}, {"model": "questionnaire_responses.answer", "pk": 555, "fields": {"created": "2018-04-24T07:02:54.923Z", "question": 59, "response": 22, "body": 1}}, {"model": "questionnaire_responses.answer", "pk": 556, "fields": {"created": "2018-04-24T07:02:56.761Z", "question": 60, "response": 22, "body": 1}}, {"model": "questionnaire_responses.answer", "pk": 557, "fields": {"created": "2018-04-24T07:02:58.623Z", "question": 61, "response": 22, "body": 1}}, {"model": "questionnaire_responses.answer", "pk": 558, "fields": {"created": "2018-04-24T07:03:00.474Z", "question": 62, "response": 22, "body": 1}}, {"model": "questionnaire_responses.answer", "pk": 559, "fields": {"created": "2018-04-24T07:03:02.396Z", "question": 63, "response": 22, "body": 1}}, {"model": "questionnaire_responses.answer", "pk": 560, "fields": {"created": "2018-04-24T07:03:04.226Z", "question": 64, "response": 22, "body": 1}}, {"model": "questionnaire_responses.answer", "pk": 561, "fields": {"created": "2018-04-24T07:03:06.134Z", "question": 65, "response": 22, "body": 1}}, {"model": "questionnaire_responses.answer", "pk": 562, "fields": {"created": "2018-04-24T07:03:08.124Z", "question": 66, "response": 22, "body": 1}}, {"model": "questionnaire_responses.answer", "pk": 563, "fields": {"created": "2018-04-24T07:03:09.928Z", "question": 67, "response": 22, "body": 1}}, {"model": "questionnaire_responses.answer", "pk": 564, "fields": {"created": "2018-04-24T07:03:11.681Z", "question": 68, "response": 22, "body": 1}}, {"model": "questionnaire_responses.answer", "pk": 565, "fields": {"created": "2018-04-24T07:03:13.469Z", "question": 69, "response": 22, "body": 1}}, {"model": "questionnaire_responses.answer", "pk": 566, "fields": {"created": "2018-04-24T07:03:15.179Z", "question": 70, "response": 22, "body": 1}}, {"model": "questionnaire_responses.answer", "pk": 567, "fields": {"created": "2018-04-24T07:03:16.931Z", "question": 71, "response": 22, "body": 1}}, {"model": "questionnaire_responses.answer", "pk": 568, "fields": {"created": "2018-04-24T07:03:18.643Z", "question": 72, "response": 22, "body": 1}}, {"model": "questionnaire_responses.answer", "pk": 569, "fields": {"created": "2018-04-24T07:03:20.383Z", "question": 73, "response": 22, "body": 1}}, {"model": "questionnaire_responses.answer", "pk": 570, "fields": {"created": "2018-04-24T07:03:22.199Z", "question": 74, "response": 22, "body": 1}}, {"model": "questionnaire_responses.answer", "pk": 571, "fields": {"created": "2018-04-24T07:03:23.835Z", "question": 75, "response": 22, "body": 1}}, {"model": "questionnaire_responses.answer", "pk": 572, "fields": {"created": "2018-04-24T07:03:25.658Z", "question": 76, "response": 22, "body": 1}}, {"model": "questionnaire_responses.answer", "pk": 573, "fields": {"created": "2018-04-24T07:03:27.510Z", "question": 77, "response": 22, "body": 1}}, {"model": "questionnaire_responses.answer", "pk": 574, "fields": {"created": "2018-04-24T07:03:29.491Z", "question": 78, "response": 22, "body": 1}}, {"model": "questionnaire_responses.answer", "pk": 575, "fields": {"created": "2018-04-24T07:03:31.156Z", "question": 79, "response": 22, "body": 1}}, {"model": "questionnaire_responses.answer", "pk": 576, "fields": {"created": "2018-04-24T07:03:34.098Z", "question": 80, "response": 22, "body": 1}}, {"model": "questionnaire_responses.answer", "pk": 577, "fields": {"created": "2018-04-24T07:03:35.873Z", "question": 81, "response": 22, "body": 1}}, {"model": "questionnaire_responses.answer", "pk": 578, "fields": {"created": "2018-04-24T07:03:37.621Z", "question": 82, "response": 22, "body": 1}}, {"model": "questionnaire_responses.answer", "pk": 579, "fields": {"created": "2018-04-24T07:03:39.412Z", "question": 83, "response": 22, "body": 1}}, {"model": "questionnaire_responses.answer", "pk": 580, "fields": {"created": "2018-04-24T07:03:41.065Z", "question": 84, "response": 22, "body": 1}}, {"model": "questionnaire_responses.answer", "pk": 581, "fields": {"created": "2018-04-24T07:03:42.805Z", "question": 85, "response": 22, "body": 1}}, {"model": "questionnaire_responses.answer", "pk": 582, "fields": {"created": "2018-04-24T07:03:44.612Z", "question": 86, "response": 22, "body": 1}}, {"model": "questionnaire_responses.answer", "pk": 583, "fields": {"created": "2018-04-24T07:03:46.533Z", "question": 87, "response": 22, "body": 1}}, {"model": "questionnaire_responses.answer", "pk": 584, "fields": {"created": "2018-04-24T07:03:49.055Z", "question": 88, "response": 22, "body": 1}}, {"model": "questionnaire_responses.answer", "pk": 585, "fields": {"created": "2018-04-24T19:09:27.607Z", "question": 41, "response": 23, "body": 1}}, {"model": "questionnaire_responses.answer", "pk": 586, "fields": {"created": "2018-04-24T19:09:29.768Z", "question": 42, "response": 23, "body": 1}}, {"model": "questionnaire_responses.answer", "pk": 587, "fields": {"created": "2018-04-24T19:09:31.609Z", "question": 43, "response": 23, "body": 1}}, {"model": "questionnaire_responses.answer", "pk": 588, "fields": {"created": "2018-04-24T19:09:33.144Z", "question": 44, "response": 23, "body": 1}}, {"model": "questionnaire_responses.answer", "pk": 589, "fields": {"created": "2018-04-24T19:09:35.134Z", "question": 45, "response": 23, "body": 1}}, {"model": "questionnaire_responses.answer", "pk": 590, "fields": {"created": "2018-04-24T19:09:37.321Z", "question": 46, "response": 23, "body": 1}}, {"model": "questionnaire_responses.answer", "pk": 591, "fields": {"created": "2018-04-24T19:09:39.890Z", "question": 47, "response": 23, "body": 1}}, {"model": "questionnaire_responses.answer", "pk": 592, "fields": {"created": "2018-04-24T19:09:42.029Z", "question": 48, "response": 23, "body": 1}}, {"model": "questionnaire_responses.answer", "pk": 593, "fields": {"created": "2018-04-24T19:09:44.840Z", "question": 49, "response": 23, "body": 1}}, {"model": "questionnaire_responses.answer", "pk": 594, "fields": {"created": "2018-04-24T19:09:47.402Z", "question": 50, "response": 23, "body": 1}}, {"model": "questionnaire_responses.answer", "pk": 595, "fields": {"created": "2018-04-24T19:09:49.867Z", "question": 51, "response": 23, "body": 1}}, {"model": "questionnaire_responses.answer", "pk": 596, "fields": {"created": "2018-04-24T19:09:52.014Z", "question": 52, "response": 23, "body": 1}}, {"model": "questionnaire_responses.answer", "pk": 597, "fields": {"created": "2018-04-24T19:10:54.977Z", "question": 53, "response": 23, "body": 1}}, {"model": "questionnaire_responses.answer", "pk": 598, "fields": {"created": "2018-04-24T19:10:57.466Z", "question": 54, "response": 23, "body": 1}}, {"model": "questionnaire_responses.answer", "pk": 599, "fields": {"created": "2018-04-24T19:10:59.657Z", "question": 55, "response": 23, "body": 1}}, {"model": "questionnaire_responses.answer", "pk": 600, "fields": {"created": "2018-04-24T19:11:01.716Z", "question": 56, "response": 23, "body": 1}}, {"model": "questionnaire_responses.answer", "pk": 601, "fields": {"created": "2018-04-24T19:11:03.854Z", "question": 57, "response": 23, "body": 1}}, {"model": "questionnaire_responses.answer", "pk": 602, "fields": {"created": "2018-04-24T19:11:05.859Z", "question": 58, "response": 23, "body": 1}}, {"model": "questionnaire_responses.answer", "pk": 603, "fields": {"created": "2018-04-24T19:11:07.642Z", "question": 59, "response": 23, "body": 1}}, {"model": "questionnaire_responses.answer", "pk": 604, "fields": {"created": "2018-04-24T19:11:33.168Z", "question": 60, "response": 23, "body": 1}}, {"model": "questionnaire_responses.answer", "pk": 605, "fields": {"created": "2018-04-24T19:11:35.425Z", "question": 61, "response": 23, "body": 1}}, {"model": "questionnaire_responses.answer", "pk": 606, "fields": {"created": "2018-04-24T19:11:37.909Z", "question": 62, "response": 23, "body": 2}}, {"model": "questionnaire_responses.answer", "pk": 607, "fields": {"created": "2018-04-24T19:11:40.130Z", "question": 63, "response": 23, "body": 1}}, {"model": "questionnaire_responses.answer", "pk": 608, "fields": {"created": "2018-04-24T19:11:42.129Z", "question": 64, "response": 23, "body": 1}}, {"model": "questionnaire_responses.answer", "pk": 609, "fields": {"created": "2018-04-24T19:11:44.729Z", "question": 65, "response": 23, "body": 1}}, {"model": "questionnaire_responses.answer", "pk": 610, "fields": {"created": "2018-04-24T19:11:47.299Z", "question": 66, "response": 23, "body": 1}}, {"model": "questionnaire_responses.answer", "pk": 611, "fields": {"created": "2018-04-24T19:11:49.556Z", "question": 67, "response": 23, "body": 1}}, {"model": "questionnaire_responses.answer", "pk": 612, "fields": {"created": "2018-04-24T19:11:51.949Z", "question": 68, "response": 23, "body": 1}}, {"model": "questionnaire_responses.answer", "pk": 613, "fields": {"created": "2018-04-24T19:11:54.126Z", "question": 69, "response": 23, "body": 1}}, {"model": "questionnaire_responses.answer", "pk": 614, "fields": {"created": "2018-04-24T19:11:56.534Z", "question": 70, "response": 23, "body": 1}}, {"model": "questionnaire_responses.answer", "pk": 615, "fields": {"created": "2018-04-24T19:11:58.593Z", "question": 71, "response": 23, "body": 1}}, {"model": "questionnaire_responses.answer", "pk": 616, "fields": {"created": "2018-04-24T19:12:00.612Z", "question": 72, "response": 23, "body": 1}}, {"model": "questionnaire_responses.answer", "pk": 617, "fields": {"created": "2018-04-24T19:12:02.527Z", "question": 73, "response": 23, "body": 1}}, {"model": "questionnaire_responses.answer", "pk": 618, "fields": {"created": "2018-04-24T19:12:04.681Z", "question": 74, "response": 23, "body": 1}}, {"model": "questionnaire_responses.answer", "pk": 619, "fields": {"created": "2018-04-24T19:12:06.663Z", "question": 75, "response": 23, "body": 1}}, {"model": "questionnaire_responses.answer", "pk": 620, "fields": {"created": "2018-04-24T19:12:08.306Z", "question": 76, "response": 23, "body": 1}}, {"model": "questionnaire_responses.answer", "pk": 621, "fields": {"created": "2018-04-24T19:12:10.582Z", "question": 77, "response": 23, "body": 1}}, {"model": "questionnaire_responses.answer", "pk": 622, "fields": {"created": "2018-04-24T19:12:12.799Z", "question": 78, "response": 23, "body": 1}}, {"model": "questionnaire_responses.answer", "pk": 623, "fields": {"created": "2018-04-24T19:20:22.232Z", "question": 79, "response": 23, "body": 1}}, {"model": "questionnaire_responses.answer", "pk": 624, "fields": {"created": "2018-04-24T19:20:24.709Z", "question": 80, "response": 23, "body": 1}}, {"model": "questionnaire_responses.answer", "pk": 625, "fields": {"created": "2018-04-24T19:20:26.941Z", "question": 81, "response": 23, "body": 1}}, {"model": "questionnaire_responses.answer", "pk": 626, "fields": {"created": "2018-04-24T19:20:29.566Z", "question": 82, "response": 23, "body": 2}}, {"model": "questionnaire_responses.answer", "pk": 627, "fields": {"created": "2018-04-24T19:20:31.786Z", "question": 83, "response": 23, "body": 1}}, {"model": "questionnaire_responses.answer", "pk": 628, "fields": {"created": "2018-04-24T19:20:34.083Z", "question": 84, "response": 23, "body": 1}}, {"model": "questionnaire_responses.answer", "pk": 629, "fields": {"created": "2018-04-24T19:20:36.503Z", "question": 85, "response": 23, "body": 1}}, {"model": "questionnaire_responses.answer", "pk": 630, "fields": {"created": "2018-04-24T19:20:38.683Z", "question": 86, "response": 23, "body": 1}}, {"model": "questionnaire_responses.answer", "pk": 631, "fields": {"created": "2018-04-24T19:20:41.984Z", "question": 87, "response": 23, "body": 2}}, {"model": "questionnaire_responses.answer", "pk": 632, "fields": {"created": "2018-04-24T19:20:45.010Z", "question": 88, "response": 23, "body": 1}}, {"model": "questionnaire_responses.answer", "pk": 633, "fields": {"created": "2018-04-24T19:21:32.456Z", "question": 88, "response": 23, "body": 1}}, {"model": "questionnaire_responses.answer", "pk": 634, "fields": {"created": "2018-04-24T19:21:41.573Z", "question": 88, "response": 23, "body": 1}}, {"model": "questionnaire_responses.answer", "pk": 635, "fields": {"created": "2018-04-24T19:23:52.796Z", "question": 88, "response": 23, "body": 1}}, {"model": "questionnaire_responses.answer", "pk": 636, "fields": {"created": "2018-04-24T19:25:03.853Z", "question": 88, "response": 23, "body": 1}}, {"model": "questionnaire_responses.answer", "pk": 637, "fields": {"created": "2018-04-24T19:25:25.144Z", "question": 88, "response": 23, "body": 1}}, {"model": "questionnaire_responses.answer", "pk": 638, "fields": {"created": "2018-04-24T19:27:15.627Z", "question": 88, "response": 23, "body": 1}}, {"model": "questionnaire_responses.answer", "pk": 639, "fields": {"created": "2018-04-24T19:27:29.630Z", "question": 88, "response": 23, "body": 1}}, {"model": "questionnaire_responses.answer", "pk": 640, "fields": {"created": "2018-04-24T19:27:58.803Z", "question": 88, "response": 23, "body": 1}}, {"model": "questionnaire_responses.answer", "pk": 641, "fields": {"created": "2018-04-24T19:28:13.497Z", "question": 88, "response": 23, "body": 1}}, {"model": "questionnaire_responses.answer", "pk": 642, "fields": {"created": "2018-04-24T19:29:03.713Z", "question": 88, "response": 23, "body": 1}}, {"model": "questionnaire_responses.answer", "pk": 643, "fields": {"created": "2018-04-24T19:29:45.644Z", "question": 88, "response": 23, "body": 1}}, {"model": "questionnaire_responses.answer", "pk": 644, "fields": {"created": "2018-04-24T19:31:37.482Z", "question": 88, "response": 23, "body": 1}}, {"model": "questionnaire_responses.answer", "pk": 645, "fields": {"created": "2018-04-24T19:31:53.608Z", "question": 88, "response": 23, "body": 1}}, {"model": "questionnaire_responses.answer", "pk": 646, "fields": {"created": "2018-04-24T19:32:35.356Z", "question": 88, "response": 23, "body": 1}}, {"model": "questionnaire_responses.answer", "pk": 647, "fields": {"created": "2018-04-24T19:35:03.951Z", "question": 88, "response": 23, "body": 1}}, {"model": "questionnaire_responses.answer", "pk": 648, "fields": {"created": "2018-04-24T19:36:59.487Z", "question": 88, "response": 23, "body": 1}}, {"model": "questionnaire_responses.answer", "pk": 649, "fields": {"created": "2018-04-24T19:37:45.597Z", "question": 88, "response": 23, "body": 1}}, {"model": "questionnaire_responses.answer", "pk": 650, "fields": {"created": "2018-04-24T19:39:34.576Z", "question": 88, "response": 23, "body": 1}}, {"model": "questionnaire_responses.answer", "pk": 651, "fields": {"created": "2018-04-24T19:40:32.948Z", "question": 88, "response": 23, "body": 1}}, {"model": "questionnaire_responses.answer", "pk": 652, "fields": {"created": "2018-04-24T19:40:46.898Z", "question": 88, "response": 23, "body": 1}}, {"model": "questionnaire_responses.answer", "pk": 653, "fields": {"created": "2018-04-24T19:41:16.583Z", "question": 88, "response": 23, "body": 1}}, {"model": "questionnaire_responses.answer", "pk": 654, "fields": {"created": "2018-04-24T19:41:35.700Z", "question": 88, "response": 23, "body": 1}}, {"model": "questionnaire_responses.answer", "pk": 655, "fields": {"created": "2018-04-24T19:42:05.045Z", "question": 88, "response": 23, "body": 1}}, {"model": "questionnaire_responses.answer", "pk": 656, "fields": {"created": "2018-04-24T19:42:26.097Z", "question": 88, "response": 23, "body": 1}}, {"model": "questionnaire_responses.answer", "pk": 657, "fields": {"created": "2018-04-24T19:43:33.905Z", "question": 88, "response": 23, "body": 1}}, {"model": "questionnaire_responses.answer", "pk": 658, "fields": {"created": "2018-04-24T19:43:50.517Z", "question": 88, "response": 23, "body": 1}}, {"model": "questionnaire_responses.answer", "pk": 659, "fields": {"created": "2018-04-24T19:44:32.276Z", "question": 88, "response": 23, "body": 1}}, {"model": "questionnaire_responses.answer", "pk": 660, "fields": {"created": "2018-04-24T19:45:04.850Z", "question": 88, "response": 23, "body": 1}}, {"model": "questionnaire_responses.answer", "pk": 661, "fields": {"created": "2018-04-24T19:45:15.863Z", "question": 88, "response": 23, "body": 1}}, {"model": "questionnaire_responses.answer", "pk": 662, "fields": {"created": "2018-04-24T19:45:45.775Z", "question": 88, "response": 23, "body": 1}}, {"model": "questionnaire_responses.answer", "pk": 663, "fields": {"created": "2018-04-24T19:46:46.009Z", "question": 88, "response": 23, "body": 1}}, {"model": "questionnaire_responses.answer", "pk": 664, "fields": {"created": "2018-04-24T19:47:28.373Z", "question": 88, "response": 23, "body": 1}}, {"model": "questionnaire_responses.answer", "pk": 665, "fields": {"created": "2018-04-24T19:47:45.115Z", "question": 88, "response": 23, "body": 1}}, {"model": "questionnaire_responses.answer", "pk": 666, "fields": {"created": "2018-04-24T19:49:45.772Z", "question": 88, "response": 23, "body": 1}}, {"model": "questionnaire_responses.answer", "pk": 667, "fields": {"created": "2018-04-24T19:50:04.625Z", "question": 88, "response": 23, "body": 1}}, {"model": "questionnaire_responses.answer", "pk": 668, "fields": {"created": "2018-04-24T19:50:57.757Z", "question": 88, "response": 23, "body": 1}}, {"model": "questionnaire_responses.answer", "pk": 669, "fields": {"created": "2018-04-24T19:51:35.541Z", "question": 88, "response": 23, "body": 1}}, {"model": "questionnaire_responses.answer", "pk": 670, "fields": {"created": "2018-04-24T19:51:44.330Z", "question": 88, "response": 23, "body": 1}}, {"model": "questionnaire_responses.answer", "pk": 671, "fields": {"created": "2018-04-24T19:52:01.840Z", "question": 88, "response": 23, "body": 1}}, {"model": "questionnaire_responses.answer", "pk": 672, "fields": {"created": "2018-04-24T19:54:38.604Z", "question": 88, "response": 23, "body": 1}}, {"model": "questionnaire_responses.answer", "pk": 673, "fields": {"created": "2018-04-24T19:54:57.702Z", "question": 88, "response": 23, "body": 1}}, {"model": "questionnaire_responses.answer", "pk": 674, "fields": {"created": "2018-04-24T19:55:14.117Z", "question": 88, "response": 23, "body": 1}}, {"model": "questionnaire_responses.answer", "pk": 675, "fields": {"created": "2018-04-24T19:55:49.615Z", "question": 88, "response": 23, "body": 1}}, {"model": "questionnaire_responses.answer", "pk": 676, "fields": {"created": "2018-04-24T19:56:13.815Z", "question": 88, "response": 23, "body": 1}}, {"model": "questionnaire_responses.answer", "pk": 677, "fields": {"created": "2018-04-24T19:56:21.244Z", "question": 88, "response": 23, "body": 1}}, {"model": "questionnaire_responses.answer", "pk": 678, "fields": {"created": "2018-06-12T10:08:21.254Z", "question": 1, "response": 21, "body": 1}}, {"model": "questionnaire_responses.answer", "pk": 679, "fields": {"created": "2018-06-12T10:08:25.332Z", "question": 2, "response": 21, "body": 1}}, {"model": "questionnaire_responses.answer", "pk": 680, "fields": {"created": "2018-06-12T10:09:24.549Z", "question": 2, "response": 21, "body": 1}}, {"model": "questionnaire_responses.answer", "pk": 681, "fields": {"created": "2018-06-12T10:40:23.437Z", "question": 41, "response": 26, "body": 1}}, {"model": "questionnaire_responses.answer", "pk": 682, "fields": {"created": "2018-06-12T10:40:59.218Z", "question": 41, "response": 26, "body": 1}}, {"model": "questionnaire_responses.answer", "pk": 683, "fields": {"created": "2018-06-12T10:41:09.930Z", "question": 42, "response": 26, "body": 1}}, {"model": "questionnaire_responses.answer", "pk": 684, "fields": {"created": "2018-06-12T10:41:21.249Z", "question": 43, "response": 26, "body": 1}}, {"model": "questionnaire_responses.questionnaireresult", "pk": 1, "fields": {"questionnaire": 2, "category": 7, "main_description": "<div><p>\r\n\u041a\u0438\u043d\u0435\u0441\u0442\u0435\u0442\u0438\u0447\u0435\u0441\u043a\u0430\u044f \u0440\u0435\u043f\u0440\u0435\u0437\u0435\u043d\u0442\u0430\u0442\u0438\u0432\u043d\u0430\u044f \u0441\u0438\u0441\u0442\u0435\u043c\u0430 \u043e\u0441\u043d\u043e\u0432\u044b\u0432\u0430\u0435\u0442\u0441\u044f \u043d\u0430 \u043e\u0431\u043e\u043d\u044f\u0442\u0435\u043b\u044c\u043d\u043e-\u043e\u0441\u044f\u0437\u0430\u0442\u0435\u043b\u044c\u043d\u043e\u043c \u043a\u0430\u043d\u0430\u043b\u0435 \u0438\u043d\u0444\u043e\u0440\u043c\u0430\u0446\u0438\u0438. \u0422\u0430\u043a\u0438\u0435 \u043b\u044e\u0434\u0438 (\u043a\u0438\u043d\u0435\u0441\u0442\u0435\u0442\u0438\u043a\u0438) \u043e\u0447\u0435\u043d\u044c \u043b\u044e\u0431\u044f\u0442 \u0442\u0430\u043a\u0442\u0438\u043b\u044c\u043d\u044b\u0439 \u043a\u043e\u043d\u0442\u0430\u043a\u0442. \u041b\u044e\u0431\u044b\u0435 \u043f\u0435\u0440\u0435\u0436\u0438\u0432\u0430\u043d\u0438\u044f, \u044d\u043c\u043e\u0446\u0438\u0438 \u0438 \u043e\u0449\u0443\u0449\u0435\u043d\u0438\u044f \u043b\u0443\u0447\u0448\u0435 \u0432\u0441\u0435\u0433\u043e \u0432\u043e\u0441\u043f\u0440\u0438\u043d\u0438\u043c\u0430\u044e\u0442\u0441\u044f \u0438\u043c\u0438 \u0432 \u0442\u043e\u043c \u0441\u043b\u0443\u0447\u0430\u0435, \u0435\u0441\u043b\u0438 \u0443 \u043d\u0438\u0445 \u0435\u0441\u0442\u044c \u0432\u043e\u0437\u043c\u043e\u0436\u043d\u043e\u0441\u0442\u044c \u043f\u0440\u0438\u043a\u043e\u0441\u043d\u0443\u0442\u044c\u0441\u044f \u043a \u0447\u0435\u043c\u0443-\u0442\u043e, \u043e\u0449\u0443\u0442\u0438\u0442\u044c \u044d\u0442\u043e \u0444\u0438\u0437\u0438\u0447\u0435\u0441\u043a\u0438.\r\n</p>\r\n</div>", "description1": "<p>\r\n\u0412 \u0436\u0438\u0437\u043d\u0438 \u043a\u0438\u043d\u0435\u0441\u0442\u0435\u0442\u0438\u043a\u0438 \u2013 <i>\u043b\u044e\u0434\u0438 \u0434\u0435\u0439\u0441\u0442\u0432\u0438\u044f</i>! \u0412\u043c\u0435\u0441\u0442\u043e \u0442\u043e\u0433\u043e, \u0447\u0442\u043e\u0431\u044b \u0434\u043e\u043b\u0433\u043e \u043e\u0431\u0441\u0443\u0436\u0434\u0430\u0442\u044c \u0447\u0442\u043e-\u0442\u043e \u0432 \u0442\u0435\u043e\u0440\u0438\u0438, \u043e\u043d\u0438 \u0441\u0442\u0440\u0435\u043c\u044f\u0442\u0441\u044f \u043f\u043e\u0441\u043a\u043e\u0440\u0435\u0435 \u0438\u0441\u043f\u044b\u0442\u0430\u0442\u044c \u044d\u0442\u043e \u043d\u0430 \u0434\u0435\u043b\u0435, \u043d\u0430\u0447\u0438\u043d\u0430\u044e\u0442 \u0434\u0435\u0439\u0441\u0442\u0432\u043e\u0432\u0430\u0442\u044c \u043a\u0430\u043a \u0442\u043e\u043b\u044c\u043a\u043e \u0438\u043c \u043f\u0440\u0435\u0434\u043e\u0441\u0442\u0430\u0432\u043b\u044f\u0435\u0442\u0441\u044f \u0442\u0430\u043a\u0430\u044f \u0432\u043e\u0437\u043c\u043e\u0436\u043d\u043e\u0441\u0442\u044c. \u0412 \u0432\u044b\u0431\u043e\u0440\u0435 \u043f\u0440\u043e\u0444\u0435\u0441\u0441\u0438\u0438 \u043a\u0438\u043d\u0435\u0441\u0442\u0435\u0442\u0438\u043a\u0438 \u043e\u0442\u0434\u0430\u044e\u0442 \u043f\u0440\u0435\u0434\u043f\u043e\u0447\u0442\u0435\u043d\u0438\u0435 \u0442\u0430\u043a\u0438\u043c \u0437\u0430\u043d\u044f\u0442\u0438\u044f\u043c, \u043a\u043e\u0442\u043e\u0440\u044b\u0435 \u043f\u043e\u0437\u0432\u043e\u043b\u044f\u0442 \u0438\u043c \u043e\u0449\u0443\u0449\u0430\u0442\u044c \u0441\u043e\u0431\u0441\u0442\u0432\u0435\u043d\u043d\u043e\u0435 \u0442\u0435\u043b\u043e. </p>\r\n<p>\r\n\u0418\u0437 \u043a\u0438\u043d\u0435\u0441\u0442\u0435\u0442\u0438\u043a\u043e\u0432 \u043f\u043e\u043b\u0443\u0447\u0430\u044e\u0442\u0441\u044f \u043e\u0447\u0435\u043d\u044c \u0445\u043e\u0440\u043e\u0448\u0438\u0435 \u0442\u0430\u043d\u0446\u043e\u0440\u044b \u0438\u043b\u0438 \u0441\u043f\u043e\u0440\u0442\u0441\u043c\u0435\u043d\u044b, \u043c\u0430\u0441\u0441\u0430\u0436\u0438\u0441\u0442\u044b, \u0438 \u0434\u0430\u0436\u0435 \u0434\u0435\u0433\u0443\u0441\u0442\u0430\u0442\u043e\u0440\u044b. \u0412 \u0431\u0443\u0434\u0443\u0449\u0435\u043c \u0442\u0430\u043a\u0438\u0435 \u043b\u044e\u0434\u0438 \u043d\u0435 \u0442\u043e\u043b\u044c\u043a\u043e \u043c\u043e\u0433\u0443\u0442 \u0441\u0442\u0430\u0442\u044c \u043c\u0430\u0441\u0442\u0435\u0440\u0430\u043c\u0438 \u0440\u0443\u0447\u043d\u043e\u0433\u043e \u0442\u0440\u0443\u0434\u0430 (\u0432 \u0442\u043e\u043c \u0447\u0438\u0441\u043b\u0435 \u044d\u043b\u0438\u0442\u043d\u043e\u0433\u043e), \u043d\u043e \u0438 \u043f\u0440\u0435\u043a\u0440\u0430\u0441\u043d\u043e \u043b\u0430\u0434\u0438\u0442\u044c \u0441 \u043b\u044e\u0434\u044c\u043c\u0438. \r\n</p>\r\n<p>\r\n\u0414\u0438\u0437\u0430\u0439\u043d, \u043a\u0443\u043b\u0438\u043d\u0430\u0440\u0438\u044f \u2014 \u044d\u0442\u043e \u0438\u0445 \u0441\u0442\u0435\u0437\u044f. \u041a\u0441\u0442\u0430\u0442\u0438, \u043e\u043d\u0438 \u0434\u043e\u0432\u043e\u043b\u044c\u043d\u043e \u0447\u0430\u0441\u0442\u043e \u0441\u0442\u0430\u043d\u043e\u0432\u044f\u0442\u0441\u044f \u0442\u0440\u0435\u0431\u043e\u0432\u0430\u0442\u0435\u043b\u044c\u043d\u044b\u043c\u0438, \u043d\u043e \u0441\u043f\u0440\u0430\u0432\u0435\u0434\u043b\u0438\u0432\u044b\u043c\u0438 \u0440\u0443\u043a\u043e\u0432\u043e\u0434\u0438\u0442\u0435\u043b\u044f\u043c\u0438.\r\n</p>", "description2": "\u0414\u043b\u044f \u043a\u0438\u043d\u0435\u0441\u0442\u0435\u0442\u0438\u043a\u043e\u0432 \u0445\u0430\u0440\u0430\u043a\u0442\u0435\u0440\u043d\u043e \u0433\u043b\u0443\u0431\u043e\u043a\u043e\u0435 \u043d\u0438\u0437\u043a\u043e\u0435 \u0434\u044b\u0445\u0430\u043d\u0438\u0435 \u0432\u043d\u0438\u0437\u0443 \u0436\u0438\u0432\u043e\u0442\u0430, \u0447\u0430\u0441\u0442\u043e \u0441\u043e\u043f\u0440\u043e\u0432\u043e\u0436\u0434\u0430\u044e\u0449\u0435\u0435\u0441\u044f \u043c\u0443\u0441\u043a\u0443\u043b\u044c\u043d\u044b\u043c \u0440\u0430\u0441\u0441\u043b\u0430\u0431\u043b\u0435\u043d\u0438\u0435\u043c. \u0421 \u043d\u0438\u0437\u043a\u0438\u043c \u043f\u043e\u043b\u043e\u0436\u0435\u043d\u0438\u0435\u043c \u0433\u043e\u043b\u043e\u0432\u044b \u0441\u0432\u044f\u0437\u0430\u043d \u0433\u043e\u043b\u043e\u0441 \u043d\u0438\u0437\u043a\u043e\u0439 \u0442\u043e\u043d\u0430\u043b\u044c\u043d\u043e\u0441\u0442\u0438, \u0431\u043e\u0433\u0430\u0442\u044b\u0439 \u043e\u0431\u0435\u0440\u0442\u043e\u043d\u0430\u043c\u0438. \u041f\u0440\u0435\u0434\u043f\u043e\u0447\u0438\u0442\u0430\u0435\u0442 \u0433\u043e\u0432\u043e\u0440\u0438\u0442\u044c \u043c\u0435\u0434\u043b\u0435\u043d\u043d\u043e, \u0441 \u0434\u043b\u0438\u043d\u043d\u044b\u043c\u0438 \u043f\u0430\u0443\u0437\u0430\u043c\u0438. \u0416\u0435\u0441\u0442\u044b \u0442\u0430\u043a\u0436\u0435 \u00ab\u043d\u0438\u0437\u043a\u043e\u0440\u0430\u0441\u043f\u043e\u043b\u043e\u0436\u0435\u043d\u043d\u044b\u0435\u00bb, \u0442.\u0435. \u0436\u0435\u0441\u0442\u0438\u043a\u0443\u043b\u044f\u0446\u0438\u044f \u043f\u0440\u0435\u0438\u043c\u0443\u0449\u0435\u0441\u0442\u0432\u0435\u043d\u043d\u043e \u043f\u0440\u043e\u0438\u0441\u0445\u043e\u0434\u0438\u0442 \u043d\u0438\u0436\u0435 \u0443\u0440\u043e\u0432\u043d\u044f \u0442\u0430\u043b\u0438\u0438. \u0414\u0432\u0438\u0436\u0435\u043d\u0438\u044f \u043a\u0440\u0443\u043f\u043d\u044b\u0435, \u0440\u0430\u0437\u043c\u0430\u0448\u0438\u0441\u0442\u044b\u0435, \u0441\u0432\u043e\u0431\u043e\u0434\u043d\u044b\u0435, \u0442\u0435\u043b\u043e \u0440\u0430\u0441\u0441\u043b\u0430\u0431\u043b\u0435\u043d\u043e. \u0421\u0442\u0430\u0440\u0430\u0435\u0442\u0441\u044f \u043f\u043e\u0434\u043e\u0439\u0442\u0438 \u0431\u043b\u0438\u0436\u0435 \u043a \u0441\u043e\u0431\u0435\u0441\u0435\u0434\u043d\u0438\u043a\u0443, \u043f\u0440\u0438\u043a\u043e\u0441\u043d\u0443\u0442\u044c\u0441\u044f \u043a \u043d\u0435\u043c\u0443. \u0427\u0430\u0441\u0442\u043e \u0443\u043f\u043e\u0442\u0440\u0435\u0431\u043b\u044f\u0435\u0442 \u0441\u043b\u043e\u0432\u0430 \u0442\u0438\u043f\u0430 \u044f \u043f\u043e\u0447\u0443\u0432\u0441\u0442\u0432\u043e\u0432\u0430\u043b, \u043e\u0449\u0443\u0442\u0438\u043b, \u0440\u0443\u043a\u0438 \u0447\u0435\u0448\u0443\u0442\u0441\u044f \u0438 \u0442.\u0434.", "description3": "<p><b>\u041f\u0440\u0438\u043c\u0435\u0440\u044b \u0441\u0435\u043d\u0441\u043e\u0440\u043d\u043e\u043e\u043f\u0440\u0435\u0434\u0435\u043b\u0451\u043d\u043d\u044b\u0445 \u0441\u043b\u043e\u0432 \u0438 \u0432\u044b\u0440\u0430\u0436\u0435\u043d\u0438\u0439:</b>\r\n<br/>\r\n\u0445\u0432\u0430\u0442\u0430\u0442\u044c, \u0432\u0440\u0443\u0447\u0430\u0442\u044c, \u043a\u043e\u043d\u0442\u0430\u043a\u0442\u0438\u0440\u043e\u0432\u0430\u0442\u044c. \u0422\u043e\u043b\u043a\u0430\u0442\u044c, \u0442\u0435\u0440\u0435\u0442\u044c, \u0436\u0451\u0441\u0442\u043a\u0438\u0439, \u0445\u043e\u043b\u043e\u0434\u043d\u044b\u0439, \u0448\u0435\u0440\u0448\u0430\u0432\u044b\u0439, \u0432\u0437\u044f\u0442\u044c\u0441\u044f, \u0441\u0434\u0430\u0432\u0438\u0442\u044c, \u0432\u0437\u044f\u0442\u044c, \u043d\u0430\u043f\u0440\u044f\u0447\u044c\u0441\u044f, \u043e\u0441\u044f\u0437\u0430\u0435\u043c\u044b\u0439, \u043e\u0449\u0443\u0442\u0438\u043c\u044b\u0439, \u041d\u0430\u043f\u0440\u044f\u0436\u0435\u043d\u0438\u0435, \u0442\u0432\u0451\u0440\u0434\u044b\u0439, \u043c\u044f\u0433\u043a\u0438\u0439, \u043d\u0435\u0436\u043d\u044b\u0439, \u0437\u0430\u0436\u0438\u043c\u0430\u0442\u044c, \u0434\u0435\u0440\u0436\u0430\u0442\u044c, \u0437\u0430\u0434\u0435\u0432\u0430\u0442\u044c, \u0441\u043d\u043e\u0441\u0438\u0442\u044c, \u0442\u044f\u0436\u0451\u043b\u044b\u0439, \u0433\u043b\u0430\u0434\u043a\u0438\u0439.</p>"}}, {"model": "questionnaire_responses.questionnaireresult", "pk": 2, "fields": {"questionnaire": 2, "category": 6, "main_description": "<div>\r\n<p>\r\n\u0410\u0443\u0434\u0438\u0430\u043b\u044c\u043d\u0430\u044f \u0440\u0435\u043f\u0440\u0435\u0437\u0435\u043d\u0442\u0430\u0442\u0438\u0432\u043d\u0430\u044f \u0441\u0438\u0441\u0442\u0435\u043c\u0430 \u043e\u0441\u043d\u043e\u0432\u044b\u0432\u0430\u0435\u0442\u0441\u044f \u043d\u0430 \u0432\u043e\u0441\u043f\u0440\u0438\u044f\u0442\u0438\u0438 \u0437\u0432\u0443\u043a\u043e\u0432. \u041b\u044e\u0434\u0438 \u0441 \u043f\u0440\u0435\u0434\u0441\u0442\u0430\u0432\u043b\u0435\u043d\u043d\u043e\u0439 \u0441\u0438\u0441\u0442\u0435\u043c\u043e\u0439 (\u0430\u0443\u0434\u0438\u0430\u043b\u044b) \u0432\u043e\u0441\u043f\u0440\u0438\u043d\u0438\u043c\u0430\u044e\u0442 \u0438\u043d\u0444\u043e\u0440\u043c\u0430\u0446\u0438\u044e \u0447\u0435\u0440\u0435\u0437 \u043f\u0440\u043e\u0446\u0435\u0441\u0441 \u0441\u043b\u0443\u0448\u0430\u043d\u0438\u044f. \u0412\u0441\u044f \u0438\u043d\u0444\u043e\u0440\u043c\u0430\u0446\u0438\u044f \u0432\u043e\u0441\u043f\u0440\u0438\u043d\u0438\u043c\u0430\u0435\u0442\u0441\u044f \u0438 \u0437\u0430\u043f\u043e\u043c\u0438\u043d\u0430\u0435\u0442\u0441\u044f \u0438\u043c\u0438, \u043f\u0440\u0435\u0438\u043c\u0443\u0449\u0435\u0441\u0442\u0432\u0435\u043d\u043d\u043e, \u0432 \u0444\u043e\u0440\u043c\u0435 \u0437\u0432\u0443\u043a\u043e\u0432\u044b\u0445 \u0432\u043f\u0435\u0447\u0430\u0442\u043b\u0435\u043d\u0438\u0439.\r\n</p>\r\n</div>", "description1": "<p>\r\n<b>\u0410\u0443\u0434\u0438\u0430\u043b\u0430\u043c \u0441\u0442\u043e\u0438\u0442 \u043f\u043e\u0434\u044b\u0441\u043a\u0438\u0432\u0430\u0442\u044c \u0441\u043b\u0435\u0434\u0443\u044e\u0449\u0438\u0435 \u043f\u0440\u043e\u0444\u0435\u0441\u0441\u0438\u0438, \u043a\u043e\u0442\u043e\u0440\u044b\u0435 \u0441\u043e\u0432\u0435\u0442\u0443\u044e\u0442 \u0438\u043c \u0441\u043f\u0435\u0446\u0438\u0430\u043b\u0438\u0441\u0442\u044b:</b> </p>\r\n<p>\r\n<i>\u041c\u0443\u0437\u044b\u043a\u0430\u043d\u0442.</i> \u0427\u0435\u043b\u043e\u0432\u0435\u043a, \u043a\u043e\u0442\u043e\u0440\u044b\u0439 \u043f\u043e\u043b\u0443\u0447\u0430\u0435\u0442 \u0438\u043d\u0444\u043e\u0440\u043c\u0430\u0446\u0438\u044e \u043f\u043e\u0441\u0440\u0435\u0434\u0441\u0442\u0432\u043e\u043c \u0437\u0432\u0443\u043a\u043e\u0432, \u043e\u0442\u043b\u0438\u0447\u043d\u043e \u043c\u043e\u0436\u0435\u0442 \u043f\u0435\u0440\u0435\u0434\u0430\u0442\u044c \u0441\u0443\u0442\u044c \u043b\u044e\u0431\u043e\u0439 \u043c\u0435\u043b\u043e\u0434\u0438\u0438. \u041e\u0434\u043d\u0430\u043a\u043e \u043b\u0443\u0447\u0448\u0435 \u0432\u0441\u0435\u0433\u043e \u0430\u0443\u0434\u0438\u0430\u043b\u044b \u0432\u043e\u0441\u043f\u0440\u0438\u043d\u0438\u043c\u0430\u044e\u0442 \u043a\u043b\u0430\u0441\u0441\u0438\u0447\u0435\u0441\u043a\u0443\u044e \u043c\u0443\u0437\u044b\u043a\u0443, \u0438\u0437\u0431\u0435\u0433\u0430\u044f \u0438\u0441\u043f\u043e\u043b\u043d\u0435\u043d\u0438\u044f \u0438\u0437\u043b\u0438\u0448\u043d\u0435 \u0448\u0443\u043c\u043d\u044b\u0445 \u043f\u0440\u043e\u0438\u0437\u0432\u0435\u0434\u0435\u043d\u0438\u0439. \u0414\u043e\u0432\u043e\u043b\u044c\u043d\u043e \u0447\u0430\u0441\u0442\u043e \u043e\u043d\u0438 \u0441\u0430\u043c\u0438 \u044f\u0432\u043b\u044f\u044e\u0442\u0441\u044f \u043a\u043e\u043c\u043f\u043e\u0437\u0438\u0442\u043e\u0440\u0430\u043c\u0438, \u043f\u043e\u0442\u043e\u043c\u0443 \u0447\u0442\u043e \u043e\u0431\u043b\u0430\u0434\u0430\u044e\u0442 \u0443\u043d\u0438\u043a\u0430\u043b\u044c\u043d\u044b\u043c \u0441\u043b\u0443\u0445\u043e\u043c.\r\n</p>\r\n<p>\r\n<i>\u0410\u0440\u0430\u043d\u0436\u0438\u0440\u043e\u0432\u0449\u0438\u043a.  </i> \u041c\u043d\u043e\u0433\u0438\u0435 \u043b\u044e\u0434\u0438 \u0432 \u0431\u043e\u043b\u044c\u0448\u0438\u043d\u0441\u0442\u0432\u0435 \u0441\u043b\u0443\u0447\u0430\u0435\u0432 \u043d\u0435 \u043c\u043e\u0433\u0443\u0442 \u043e\u0431\u043e\u0439\u0442\u0438\u0441\u044c \u0431\u0435\u0437 \u043f\u043e\u043c\u043e\u0449\u0438 \u043f\u043e\u0434\u043e\u0431\u043d\u044b\u0445 \u043f\u0440\u043e\u0444\u0435\u0441\u0441\u0438\u043e\u043d\u0430\u043b\u043e\u0432. \u041f\u0440\u0438 \u0437\u0430\u0434\u0435\u0439\u0441\u0442\u0432\u043e\u0432\u0430\u043d\u0438\u0438 \u043a\u043e\u043c\u043f\u044c\u044e\u0442\u0435\u0440\u043d\u044b\u0445 \u0442\u0435\u0445\u043d\u043e\u043b\u043e\u0433\u0438\u0439 \u0430\u0440\u0430\u043d\u0436\u0438\u0440\u043e\u0432\u0449\u0438\u043a \u043e\u0441\u043d\u043e\u0432\u0443 \u043c\u0443\u0437\u044b\u043a\u0430\u043b\u044c\u043d\u043e\u0439 \u043a\u043e\u043c\u043f\u043e\u0437\u0438\u0446\u0438\u0438 \u043f\u043e\u0434\u0433\u043e\u043d\u044f\u0435\u0442 \u043f\u043e\u0434 \u043e\u043f\u0440\u0435\u0434\u0435\u043b\u0435\u043d\u043d\u0443\u044e \u0444\u0430\u043a\u0442\u0443\u0440\u0443. \u041e\u0431\u044b\u0447\u043d\u043e \u0441\u0442\u043e\u043f\u0440\u043e\u0446\u0435\u043d\u0442\u043d\u044b\u0435 \u0430\u0443\u0434\u0438\u0430\u043b\u044b \u0441\u0442\u0430\u0440\u0430\u044e\u0442\u0441\u044f \u043d\u0430\u043b\u043e\u0436\u0438\u0442\u044c \u043d\u0430 \u043e\u0431\u0449\u0438\u0439 \u0444\u043e\u043d \u043f\u0440\u043e\u0438\u0437\u0432\u0435\u0434\u0435\u043d\u0438\u044f \u0437\u0432\u0443\u0447\u0430\u043d\u0438\u0435 \u044d\u0442\u043d\u0438\u0447\u0435\u0441\u043a\u0438\u0445 \u0438\u043d\u0441\u0442\u0440\u0443\u043c\u0435\u043d\u0442\u043e\u0432.\r\n</p>\r\n<p>\r\n<i>\u0417\u0432\u0443\u043a\u043e\u0440\u0435\u0436\u0438\u0441\u0441\u0435\u0440.  </i> \u041f\u0438\u0441\u0430\u0442\u0435\u043b\u044c \u0441\u043e\u0437\u0434\u0430\u0435\u0442 \u0445\u0443\u0434\u043e\u0436\u0435\u0441\u0442\u0432\u0435\u043d\u043d\u044b\u0435 \u043e\u0431\u0440\u0430\u0437\u044b, \u0430 \u0434\u0430\u043d\u043d\u0430\u044f \u043f\u0440\u043e\u0444\u0435\u0441\u0441\u0438\u044f \u043d\u0435\u043e\u0431\u0445\u043e\u0434\u0438\u043c\u0430 \u0434\u043b\u044f \u0444\u043e\u0440\u043c\u0438\u0440\u043e\u0432\u0430\u043d\u0438\u044f \u043c\u0443\u0437\u044b\u043a\u0430\u043b\u044c\u043d\u043e\u0439 \u043a\u043e\u043d\u0446\u0435\u043f\u0446\u0438\u0438. \u0423 \u0430\u0443\u0434\u0438\u0430\u043b\u043e\u0432 \u043e\u0442\u043b\u0438\u0447\u043d\u043e \u043f\u043e\u043b\u0443\u0447\u0430\u0435\u0442\u0441\u044f \u0444\u0438\u043a\u0441\u0438\u0440\u043e\u0432\u0430\u0442\u044c \u0438 \u043e\u0431\u0440\u0430\u0431\u0430\u0442\u044b\u0432\u0430\u0442\u044c \u0437\u0432\u0443\u043a. \u041d\u0435\u0437\u0430\u043c\u0435\u043d\u0438\u043c\u044b \u043e\u043d\u0438 \u0442\u0430\u043a\u0436\u0435 \u0438 \u043f\u0440\u0438 \u0441\u043e\u0437\u0434\u0430\u043d\u0438\u0438 \u0444\u043e\u043d\u043e\u0433\u0440\u0430\u043c\u043c\u044b.\r\n</p>\r\n<p>\r\n<i>\u0414\u0438\u043a\u0442\u043e\u0440. </i> \u041f\u0440\u0430\u043a\u0442\u0438\u0447\u0435\u0441\u043a\u0438 \u0432\u0441\u0435 \u0430\u0443\u0434\u0438\u0430\u043b\u044b \u043e\u0442 \u043f\u0440\u0438\u0440\u043e\u0434\u044b \u043e\u0431\u043b\u0430\u0434\u0430\u044e\u0442 \u043e\u0442\u043b\u0438\u0447\u043d\u043e \u043f\u043e\u0441\u0442\u0430\u0432\u043b\u0435\u043d\u043d\u043e\u0439 \u0440\u0435\u0447\u044c\u044e. \u041f\u0440\u043e \u0442\u0430\u043a\u0438\u0445 \u043b\u044e\u0434\u0435\u0439 \u0433\u043e\u0432\u043e\u0440\u044f\u0442, \u0447\u0442\u043e \u0438\u0445 \u0443\u0447\u0438\u0442\u044c \u2014 \u0442\u043e\u043b\u044c\u043a\u043e \u043f\u043e\u0440\u0442\u0438\u0442\u044c. \u041d\u0430 \u0442\u0435\u043b\u0435\u0432\u0438\u0434\u0435\u043d\u0438\u0438 \u0446\u0435\u043d\u044f\u0442 \u043f\u043e\u0434\u043e\u0431\u043d\u044b\u0445 \u043f\u0440\u043e\u0444\u0435\u0441\u0441\u0438\u043e\u043d\u0430\u043b\u043e\u0432 \u0432 \u0432\u0438\u0434\u0435 \u0434\u0438\u043a\u0442\u043e\u0440\u043e\u0432-\u0441\u0430\u043c\u043e\u0440\u043e\u0434\u043a\u043e\u0432.\r\n</p>\r\n\r\n<p>\r\n<i>\u0421\u0443\u0444\u043b\u0435\u0440.</i> \u041a\u0442\u043e \u043a\u0430\u043a \u043d\u0435 \u0430\u0443\u0434\u0438\u0430\u043b \u0441\u043c\u043e\u0436\u0435\u0442 \u0434\u043e\u043d\u0435\u0441\u0442\u0438 \u0434\u043e \u0430\u043a\u0442\u0435\u0440\u043e\u0432 \u0442\u0435\u043a\u0441\u0442 \u0438\u0445 \u0440\u043e\u043b\u0435\u0439. \u041e\u0431\u043b\u0430\u0434\u0430\u044f \u0444\u0435\u043d\u043e\u043c\u0435\u043d\u0430\u043b\u044c\u043d\u043e\u0439 \u043f\u0430\u043c\u044f\u0442\u044c\u044e, \u043e\u043d\u0438 \u0432\u043e \u0432\u0440\u0435\u043c\u044f \u0432\u0438\u0437\u0438\u0442\u043e\u0432 \u043d\u0430 \u0440\u0435\u043f\u0435\u0442\u0438\u0446\u0438\u0438 \u0431\u044b\u0441\u0442\u0440\u043e \u043a\u043e\u043f\u0438\u0440\u0443\u044e\u0442 \u0432 \u0441\u0432\u043e\u0435\u043c \u0441\u043e\u0437\u043d\u0430\u043d\u0438\u0438 \u0443\u0441\u043b\u044b\u0448\u0430\u043d\u043d\u0443\u044e \u0438\u043d\u0444\u043e\u0440\u043c\u0430\u0446\u0438\u044e.\r\n</p>", "description2": "<p><i>\u0410\u0443\u0434\u0438\u0430\u043b</i> \u0434\u044b\u0448\u0438\u0442 \u0432\u0441\u0435\u0439 \u0433\u0440\u0443\u0434\u044c\u044e. \u0427\u0430\u0441\u0442\u043e \u0432\u043e\u0437\u043d\u0438\u043a\u0430\u044e\u0442 \u043c\u0435\u043b\u043a\u0438\u0435 \u0440\u0438\u0442\u043c\u0438\u0447\u0435\u0441\u043a\u0438\u0435 \u0434\u0432\u0438\u0436\u0435\u043d\u0438\u044f \u0442\u0435\u043b\u0430, \u0430 \u0442\u043e\u043d \u0433\u043e\u043b\u043e\u0441\u0430 \u0447\u0438\u0441\u0442\u044b\u0439, \u0440\u0435\u0437\u043e\u043d\u0438\u0440\u0443\u044e\u0449\u0438\u0439 \u0438 \u0432\u0438\u0431\u0440\u0438\u0440\u0443\u044e\u0449\u0438\u0439, \u043c\u0435\u043b\u043e\u0434\u0438\u0447\u043d\u044b\u0439. \u0413\u043e\u043b\u043e\u0432\u0430 \u0431\u0430\u043b\u0430\u043d\u0441\u0438\u0440\u0443\u0435\u0442 \u043d\u0430 \u043f\u043b\u0435\u0447\u0430\u0445 \u0438\u043b\u0438 \u0441\u043b\u0435\u0433\u043a\u0430 \u043d\u0430\u043a\u043b\u043e\u043d\u0435\u043d\u0430 \u043a \u043e\u0434\u043d\u043e\u043c\u0443 \u0438\u0437 \u043d\u0438\u0445, \u043a\u0430\u043a \u0431\u044b \u043f\u0440\u0438\u0441\u043b\u0443\u0448\u0438\u0432\u0430\u044f\u0441\u044c \u043a \u0447\u0435\u043c\u0443-\u0442\u043e. \u041b\u044e\u0434\u0438, \u043a\u043e\u0442\u043e\u0440\u044b\u0435 \u0440\u0430\u0437\u0433\u043e\u0432\u0430\u0440\u0438\u0432\u0430\u044e\u0442 \u0441\u0430\u043c\u0438 \u0441 \u0441\u043e\u0431\u043e\u0439, \u0431\u0443\u0434\u0443\u0442 \u0447\u0430\u0441\u0442\u043e \u0441\u043a\u043b\u043e\u043d\u044f\u0442\u044c \u0433\u043e\u043b\u043e\u0432\u0443 \u0432 \u043e\u0434\u043d\u0443 \u0441\u0442\u043e\u0440\u043e\u043d\u0443, \u043f\u043e\u0434\u043f\u0438\u0440\u0430\u044f \u0435\u0451 \u0440\u0443\u043a\u043e\u0439 \u0438\u043b\u0438 \u043a\u0443\u043b\u0430\u043a\u043e\u043c (\u0442\u0435\u043b\u0435\u0444\u043e\u043d\u043d\u0430\u044f \u043f\u043e\u0437\u0430). <br/>\r\n\u041d\u0435\u043a\u043e\u0442\u043e\u0440\u044b\u0435 \u043b\u044e\u0434\u0438 \u043f\u043e\u0432\u0442\u043e\u0440\u044f\u044e\u0442 \u0442\u043e, \u0447\u0442\u043e \u043e\u043d\u0438 \u0443\u0441\u043b\u044b\u0448\u0430\u043b\u0438 \u0432 \u0442\u0430\u043a\u0442 \u0441\u0432\u043e\u0435\u043c\u0443 \u0434\u044b\u0445\u0430\u043d\u0438\u044e. \u0427\u0430\u0441\u0442\u043e \u043d\u0435 \u0441\u043c\u043e\u0442\u0440\u0438\u0442 \u0432 \u0433\u043b\u0430\u0437\u0430, \u0442.\u043a. \u0432\u0441\u043b\u0443\u0448\u0438\u0432\u0430\u0435\u0442\u0441\u044f \u0432 \u0441\u043b\u043e\u0432\u0430. \u0416\u0435\u0441\u0442\u044b \u0432 \u043e\u0441\u043d\u043e\u0432\u043d\u043e\u043c \u043d\u0430\u0445\u043e\u0434\u044f\u0442\u0441\u044f \u043d\u0430 \u0443\u0440\u043e\u0432\u043d\u0435 \u0433\u0440\u0443\u0434\u0438, \u0432\u044b\u0448\u0435 \u0442\u0430\u043b\u0438\u0438, \u0434\u0432\u0438\u0436\u0435\u043d\u0438\u044f \u0441\u0440\u0435\u0434\u043d\u0435\u0439 \u0448\u0438\u0440\u043e\u0442\u044b. \u0412 \u043b\u0435\u043a\u0441\u0438\u043a\u0435 \u043f\u0440\u0438\u0441\u0443\u0442\u0441\u0442\u0432\u0443\u044e\u0442 \u0442\u0430\u043a\u0438\u0435 \u0441\u043b\u043e\u0432\u0430 \u043a\u0430\u043a, \u043c\u043d\u0435 \u0441\u043e\u0437\u0432\u0443\u0447\u043d\u043e \u044d\u0442\u043e, \u043f\u0440\u043e\u043f\u0443\u0441\u0442\u0438\u043b \u043c\u0438\u043c\u043e \u0443\u0448\u0435\u0439 \u0438 \u0442.\u043f.</p>", "description3": "<p><b>\u041f\u0440\u0438\u043c\u0435\u0440\u044b \u0441\u0435\u043d\u0441\u043e\u0440\u043d\u043e\u043e\u043f\u0440\u0435\u0434\u0435\u043b\u0451\u043d\u043d\u044b\u0445 \u0441\u043b\u043e\u0432 \u0438 \u0432\u044b\u0440\u0430\u0436\u0435\u043d\u0438\u0439:</b><br/>\r\n\u0433\u043e\u0432\u043e\u0440\u0438\u0442\u044c, \u0430\u043a\u0446\u0435\u043d\u0442\u0438\u0440\u043e\u0432\u0430\u0442\u044c, \u0440\u0438\u0444\u043c\u0430, \u0433\u0440\u043e\u043c\u043a\u0438\u0439, \u0442\u043e\u043d, \u0440\u0435\u0437\u043e\u043d\u0438\u0440\u043e\u0432\u0430\u0442\u044c, \u0437\u0432\u0443\u043a, \u043c\u043e\u043d\u043e\u0442\u043e\u043d\u043d\u044b\u0439, \u0433\u043b\u0443\u0445\u043e\u0439, \u0437\u0432\u043e\u043d\u043e\u043a, \u0441\u043f\u0440\u0430\u0448\u0438\u0432\u0430\u0442\u044c, \u0443\u0434\u0430\u0440\u0435\u043d\u0438\u0435, \u0432\u043d\u044f\u0442\u043d\u044b\u0439, \u0441\u043b\u044b\u0448\u0430\u0442\u044c, \u0434\u0438\u0441\u043a\u0443\u0441\u0441\u0438\u044f, \u0437\u0430\u044f\u0432\u043b\u044f\u0442\u044c, \u0434\u0435\u043b\u0430\u0442\u044c \u0437\u0430\u043c\u0435\u0447\u0430\u043d\u0438\u0435, \u0441\u043b\u0443\u0448\u0430\u0442\u044c, \u0437\u0432\u0435\u043d\u0435\u0442\u044c, \u0437\u0430\u043c\u043e\u043b\u0447\u0430\u0442\u044c, \u043d\u0435\u0440\u0430\u0437\u0433\u043e\u0432\u043e\u0440\u0447\u0438\u0432\u044b\u0439, \u0432\u043e\u043a\u0430\u043b\u044c\u043d\u044b\u0439, \u0437\u0432\u0443\u0447\u0430\u0442\u044c, \u0433\u043e\u043b\u043e\u0441, \u0433\u043e\u0432\u043e\u0440\u0438\u0442, \u0442\u0438\u0448\u0438\u043d\u0430, \u0434\u0438\u0441\u0441\u043e\u043d\u0430\u043d\u0441, \u0441\u043e\u0437\u0432\u0443\u0447\u043d\u044b\u0439, \u0433\u0430\u0440\u043c\u043e\u043d\u0438\u0447\u043d\u044b\u0439, \u043f\u0440\u043e\u043d\u0437\u0438\u0442\u0435\u043b\u044c\u043d\u044b\u0439, \u0442\u0438\u0445\u0438\u0439, \u043d\u0435\u043c\u043e\u0439.</p>"}}, {"model": "questionnaire_responses.questionnaireresult", "pk": 3, "fields": {"questionnaire": 2, "category": 5, "main_description": "<div><p>\r\n\u0412\u0438\u0437\u0443\u0430\u043b\u044c\u043d\u0430\u044f \u0440\u0435\u043f\u0440\u0435\u0437\u0435\u043d\u0442\u0430\u0442\u0438\u0432\u043d\u0430\u044f \u0441\u0438\u0441\u0442\u0435\u043c\u0430 \u043e\u0441\u043d\u043e\u0432\u044b\u0432\u0430\u0435\u0442\u0441\u044f \u043d\u0430 \u0432\u043e\u0441\u043f\u0440\u0438\u044f\u0442\u0438\u0438 \u0437\u0440\u0438\u0442\u0435\u043b\u044c\u043d\u044b\u0445 \u043e\u0431\u0440\u0430\u0437\u043e\u0432. \u041b\u044e\u0434\u0438 \u0441 \u0442\u0430\u043a\u043e\u0439 \u0441\u0438\u0441\u0442\u0435\u043c\u043e\u0439 (\u0432\u0438\u0437\u0443\u0430\u043b\u044b) \u043e\u0440\u0433\u0430\u043d\u0438\u0437\u0443\u044e\u0442 \u0441\u0432\u043e\u0451 \u0432\u0438\u0434\u0435\u043d\u0438\u0435 \u0440\u0435\u0430\u043b\u044c\u043d\u043e\u0441\u0442\u0438 \u0447\u0435\u0440\u0435\u0437 \u0442\u043e, \u043d\u0430 \u0447\u0442\u043e \u0441\u043c\u043e\u0442\u0440\u044f\u0442. \u0422\u043e, \u0447\u0442\u043e \u0432\u0438\u0434\u044f\u0442 \u0442\u0430\u043a\u0438\u0435 \u043b\u044e\u0434\u0438 \u0438 \u043a\u0430\u0440\u0442\u0438\u043d\u043a\u0438, \u0432\u043e\u0437\u043d\u0438\u043a\u0430\u044e\u0449\u0438\u0435 \u0432 \u0438\u0445 \u0432\u043e\u043e\u0431\u0440\u0430\u0436\u0435\u043d\u0438\u0438, \u043e\u043a\u0430\u0437\u044b\u0432\u0430\u0435\u0442 \u043d\u0435\u043f\u043e\u0441\u0440\u0435\u0434\u0441\u0442\u0432\u0435\u043d\u043d\u043e\u0435 \u0432\u043b\u0438\u044f\u043d\u0438\u0435 \u043d\u0430 \u0438\u0445 \u044d\u043c\u043e\u0446\u0438\u043e\u043d\u0430\u043b\u044c\u043d\u043e\u0435 \u0441\u043e\u0441\u0442\u043e\u044f\u043d\u0438\u0435 \u0438 \u0432\u043d\u0443\u0442\u0440\u0435\u043d\u043d\u0438\u0439 \u043c\u0438\u0440.</p>\r\n</div>", "description1": "<p>\u0412\u044b\u0431\u043e\u0440 \u0440\u0430\u0431\u043e\u0442\u044b \u0434\u043b\u044f \u043a\u0430\u0436\u0434\u043e\u0433\u043e - \u044d\u0442\u043e \u043e\u0447\u0435\u043d\u044c \u043e\u0442\u0432\u0435\u0442\u0441\u0442\u0432\u0435\u043d\u043d\u044b\u0439 \u0448\u0430\u0433, \u0442\u0430\u043a \u043a\u0430\u043a \u0435\u0441\u043b\u0438 \u0440\u0430\u0431\u043e\u0442\u0430 \u043f\u0440\u0438\u043d\u043e\u0441\u0438\u0442 \u0443\u0434\u043e\u0432\u043e\u043b\u044c\u0441\u0442\u0432\u0438\u0435 - \u044d\u0442\u043e \u0443\u0436\u0435 \u043e\u0442\u0434\u044b\u0445. \u0421\u0438\u043b\u044c\u043d\u043e\u0439 \u0441\u0442\u043e\u0440\u043e\u043d\u043e\u0439 \u0432\u0438\u0437\u0443\u0430\u043b\u043e\u0432 \u044f\u0432\u043b\u044f\u0435\u0442\u0441\u044f \u0444\u043e\u0442\u043e\u0433\u0440\u0430\u0444\u0438\u0447\u0435\u0441\u043a\u0430\u044f \u043f\u0430\u043c\u044f\u0442\u044c. \u0418\u043c \u043b\u0435\u0433\u043a\u043e \u0441\u043e\u0441\u0440\u0435\u0434\u043e\u0442\u043e\u0447\u0438\u0442\u044c \u0441\u0432\u043e\u0435 \u0432\u043d\u0438\u043c\u0430\u043d\u0438\u0435 \u043d\u0430 \u043a\u0430\u043a\u043e\u043c-\u043b\u0438\u0431\u043e \u043e\u0431\u0440\u0430\u0437\u0435 \u0434\u0430\u0436\u0435 \u0432 \u0448\u0443\u043c\u043d\u043e\u043c \u043f\u043e\u043c\u0435\u0449\u0435\u043d\u0438\u0438. \u041e\u043d\u0438 \u0434\u043e\u0441\u0442\u0430\u0442\u043e\u0447\u043d\u043e \u043e\u0441\u043d\u043e\u0432\u0430\u0442\u0435\u043b\u044c\u043d\u043e \u0438\u0437\u0443\u0447\u0430\u044e\u0442 \u043f\u0440\u0435\u0434\u043c\u0435\u0442 \u0441\u0432\u043e\u0435\u0433\u043e \u0438\u043d\u0442\u0435\u0440\u0435\u0441\u0430, \u043b\u0435\u0433\u043a\u043e \u043f\u0440\u0435\u0434\u0441\u0442\u0430\u0432\u043b\u044f\u044e\u0442 \u0432\u043d\u0435\u0448\u043d\u0438\u0439 \u0432\u0438\u0434 \u043a\u043e\u043d\u0435\u0447\u043d\u043e\u0433\u043e \u0440\u0435\u0437\u0443\u043b\u044c\u0442\u0430\u0442\u0430.</p>\r\n<p>\r\n\u0414\u043b\u044f \u044d\u0442\u043e\u0433\u043e \u043f\u0441\u0438\u0445\u043e\u043b\u043e\u0433\u0438\u0447\u0435\u0441\u043a\u043e\u0433\u043e \u0442\u0438\u043f\u0430 \u043f\u0440\u0435\u043a\u0440\u0430\u0441\u043d\u043e \u043f\u043e\u0434\u043e\u0439\u0434\u0435\u0442 \u0440\u0430\u0431\u043e\u0442\u0430 \u043c\u043e\u0434\u0435\u043b\u044c\u0435\u0440\u0430, \u0434\u0438\u0437\u0430\u0439\u043d\u0435\u0440\u0430, \u0444\u043e\u0442\u043e\u0433\u0440\u0430\u0444\u0430, \u043e\u0444\u043e\u0440\u043c\u0438\u0442\u0435\u043b\u044f \u0438\u043d\u0442\u0435\u0440\u044c\u0435\u0440\u043e\u0432, \u043a\u043e\u043d\u0441\u0442\u0440\u0443\u043a\u0442\u043e\u0440\u0430, \u0438\u043d\u0436\u0435\u043d\u0435\u0440\u0430. \u0412\u0438\u0437\u0443\u0430\u043b\u0430\u043c \u043f\u0440\u0438\u0441\u0443\u0449\u0438 \u0445\u0443\u0434\u043e\u0436\u0435\u0441\u0442\u0432\u0435\u043d\u043d\u044b\u0435 \u043d\u0430\u0432\u044b\u043a\u0438.</p>", "description2": "<p>\u0412\u0438\u0437\u0443\u0430\u043b \u0433\u043e\u0432\u043e\u0440\u0438\u0442 \u0431\u044b\u0441\u0442\u0440\u0435\u0435, \u0433\u0440\u043e\u043c\u0447\u0435 \u0438 \u0431\u043e\u043b\u0435\u0435 \u0432\u044b\u0441\u043e\u043a\u0438\u043c \u0442\u043e\u043d\u043e\u043c, \u0442.\u043a. \u043e\u0431\u0440\u0430\u0437\u044b \u0432\u043e\u0437\u043d\u0438\u043a\u0430\u044e\u0442 \u0432 \u0433\u043e\u043b\u043e\u0432\u0435 \u0431\u044b\u0441\u0442\u0440\u043e \u0438 \u0447\u0435\u043b\u043e\u0432\u0435\u043a\u0443 \u043f\u0440\u0438\u0445\u043e\u0434\u0438\u0442\u0441\u044f \u0433\u043e\u0432\u043e\u0440\u0438\u0442\u044c \u0431\u044b\u0441\u0442\u0440\u043e, \u0447\u0442\u043e\u0431\u044b \u0437\u0430 \u043d\u0438\u043c\u0438 \u0443\u0441\u043f\u0435\u0432\u0430\u0442\u044c. \u0414\u044b\u0445\u0430\u043d\u0438\u0435 \u0432\u0435\u0440\u0445\u043d\u0435\u0435 \u0438 \u0431\u043e\u043b\u0435\u0435 \u043f\u043e\u0432\u0435\u0440\u0445\u043d\u043e\u0441\u0442\u043d\u043e\u0435. \u0427\u0430\u0441\u0442\u043e \u043d\u0430\u0431\u043b\u044e\u0434\u0430\u0435\u0442\u0441\u044f \u043f\u043e\u0432\u044b\u0448\u0435\u043d\u043d\u043e\u0435 \u043d\u0430\u043f\u0440\u044f\u0436\u0435\u043d\u0438\u0435 \u043c\u0443\u0441\u043a\u0443\u043b\u0430\u0442\u0443\u0440\u044b, \u0432 \u0447\u0430\u0441\u0442\u043d\u043e\u0441\u0442\u0438, \u0432 \u043f\u043b\u0435\u0447\u0430\u0445, \u0433\u043e\u043b\u043e\u0432\u0430 \u043f\u043e\u0434\u043d\u044f\u0442\u0430 \u0432\u044b\u0441\u043e\u043a\u043e, \u0430 \u043b\u0438\u0446\u043e \u0431\u043b\u0435\u0434\u043d\u0435\u0435 \u043e\u0431\u044b\u0447\u043d\u043e\u0433\u043e. \u0416\u0435\u0441\u0442\u044b \u0442\u0430\u043a\u0436\u0435 \u00ab\u0432\u044b\u0441\u043e\u043a\u0438\u0435\u00bb, \u043d\u0430\u0445\u043e\u0434\u044f\u0442\u0441\u044f \u043d\u0430 \u0443\u0440\u043e\u0432\u043d\u0435 \u043b\u0438\u0446\u0430. \u0412\u0430\u0436\u043d\u043e \u0432\u0438\u0434\u0435\u0442\u044c \u0441\u043e\u0431\u0435\u0441\u0435\u0434\u043d\u0438\u043a\u0430, \u043f\u043e\u044d\u0442\u043e\u043c\u0443 \u0432\u0430\u0436\u0435\u043d \u043a\u043e\u043d\u0442\u0430\u043a\u0442 \u0433\u043b\u0430\u0437. \u041c\u043e\u0436\u0435\u0442 \u0443\u0432\u0435\u043b\u0438\u0447\u0438\u0432\u0430\u0442\u044c \u0434\u0438\u0441\u0442\u0430\u043d\u0446\u0438\u044e, \u0447\u0442\u043e\u0431\u044b \u00ab\u043e\u0445\u0432\u0430\u0442\u0438\u0442\u044c\u00bb \u0432\u0437\u0433\u043b\u044f\u0434\u043e\u043c \u0441\u043e\u0431\u0435\u0441\u0435\u0434\u043d\u0438\u043a\u0430. \u0412 \u0440\u0435\u0447\u0438 \u0443\u043f\u043e\u0442\u0440\u0435\u0431\u043b\u044f\u044e\u0442 \u0441\u043b\u043e\u0432\u0430 \u0441\u043e\u043e\u0442\u0432\u0435\u0442\u0441\u0442\u0432\u0443\u044e\u0449\u0435\u0439 \u043c\u043e\u0434\u0430\u043b\u044c\u043d\u043e\u0441\u0442\u0438: \u044f \u0432\u0438\u0436\u0443, \u0447\u0442\u043e \u0432\u044b \u0433\u043e\u0432\u043e\u0440\u0438\u0442\u0435, \u0443 \u043c\u0435\u043d\u044f \u0432 \u0433\u043e\u043b\u043e\u0432\u0435 \u043f\u0440\u043e\u044f\u0441\u043d\u0438\u043b\u043e\u0441\u044c \u0438 \u0442.\u0434.</p>", "description3": "<p>\u0412\u0438\u0437\u0443\u0430\u043b\u044c\u043d\u044b\u0435 \u0441\u043c\u043e\u0442\u0440\u0435\u0442\u044c, \u043a\u0430\u0440\u0442\u0438\u043d\u0430, \u0444\u043e\u043a\u0443\u0441, \u0432\u043e\u043e\u0431\u0440\u0430\u0436\u0435\u043d\u0438\u0435, \u043f\u0440\u043e\u0437\u0440\u0435\u043d\u0438\u0435, \u0441\u0446\u0435\u043d\u0430, \u0441\u043b\u0435\u043f\u043e\u0439, \u0432\u0438\u0437\u0443\u0430\u043b\u0438\u0437\u0438\u0440\u043e\u0432\u0430\u0442\u044c, \u043f\u0435\u0440\u0441\u043f\u0435\u043a\u0442\u0438\u0432\u0430, \u0431\u043b\u0435\u0441\u0442\u0435\u0442\u044c, \u043e\u0442\u0440\u0430\u0436\u0430\u0442\u044c, \u043f\u0440\u043e\u044f\u0441\u043d\u044f\u0442\u044c, \u0440\u0430\u0441\u0441\u043c\u0430\u0442\u0440\u0438\u0432\u0430\u0442\u044c, \u0433\u043b\u0430\u0437, \u0444\u043e\u043a\u0443\u0441\u0438\u0440\u043e\u0432\u0430\u0442\u044c, \u043f\u0440\u0435\u0434\u0432\u0438\u0434\u0435\u0442\u044c, \u0438\u043b\u043b\u044e\u0437\u0438\u044f, \u0438\u043b\u043b\u044e\u0441\u0442\u0440\u0438\u0440\u043e\u0432\u0430\u0442\u044c, \u0437\u0430\u043c\u0435\u0447\u0430\u0442\u044c, \u0432\u0438\u0434, \u0432\u0437\u0433\u043b\u044f\u0434, \u0442\u043e\u0447\u043a\u0430 \u0437\u0440\u0435\u043d\u0438\u044f, \u043f\u043e\u043a\u0430\u0437\u044b\u0432\u0430\u0442\u044c, \u043f\u043e\u044f\u0432\u0438\u0442\u044c\u0441\u044f, \u0430\u043d\u043e\u043d\u0441, \u0432\u0438\u0434\u0435\u0442\u044c, \u043e\u0431\u0437\u043e\u0440, \u043e\u0431\u043e\u0437\u0440\u0435\u043d\u0438\u0435, \u0437\u0440\u0435\u043d\u0438\u0435, \u0437\u0440\u0435\u043b\u0438\u0449\u0435, \u043d\u0430\u0431\u043b\u044e\u0434\u0430\u0442\u044c, \u043d\u0435\u044f\u0441\u043d\u044b\u0439, \u0442\u0451\u043c\u043d\u044b\u0439.</p>"}}, {"model": "questionnaire_responses.responseresult", "pk": 70, "fields": {"qr": 1, "response": 7, "score": 16.0}}, {"model": "questionnaire_responses.responseresult", "pk": 71, "fields": {"qr": 2, "response": 7, "score": 16.0}}, {"model": "questionnaire_responses.responseresult", "pk": 72, "fields": {"qr": 3, "response": 7, "score": 16.0}}, {"model": "questionnaire_responses.responseresult", "pk": 73, "fields": {"qr": 1, "response": 7, "score": 16.0}}, {"model": "questionnaire_responses.responseresult", "pk": 74, "fields": {"qr": 2, "response": 7, "score": 17.0}}, {"model": "questionnaire_responses.responseresult", "pk": 75, "fields": {"qr": 3, "response": 7, "score": 16.0}}, {"model": "questionnaire_responses.responseresult", "pk": 76, "fields": {"qr": 1, "response": 7, "score": 16.0}}, {"model": "questionnaire_responses.responseresult", "pk": 77, "fields": {"qr": 2, "response": 7, "score": 16.0}}, {"model": "questionnaire_responses.responseresult", "pk": 78, "fields": {"qr": 3, "response": 7, "score": 16.0}}, {"model": "questionnaire_responses.responseresult", "pk": 79, "fields": {"qr": 1, "response": 7, "score": 16.0}}, {"model": "questionnaire_responses.responseresult", "pk": 80, "fields": {"qr": 2, "response": 7, "score": 17.0}}, {"model": "questionnaire_responses.responseresult", "pk": 81, "fields": {"qr": 3, "response": 7, "score": 16.0}}, {"model": "questionnaire_responses.responseresult", "pk": 82, "fields": {"qr": 1, "response": 7, "score": 16.0}}, {"model": "questionnaire_responses.responseresult", "pk": 83, "fields": {"qr": 2, "response": 7, "score": 16.0}}, {"model": "questionnaire_responses.responseresult", "pk": 84, "fields": {"qr": 3, "response": 7, "score": 16.0}}, {"model": "questionnaire_responses.responseresult", "pk": 85, "fields": {"qr": 1, "response": 13, "score": 16.0}}, {"model": "questionnaire_responses.responseresult", "pk": 86, "fields": {"qr": 2, "response": 13, "score": 16.0}}, {"model": "questionnaire_responses.responseresult", "pk": 87, "fields": {"qr": 3, "response": 13, "score": 16.0}}, {"model": "questionnaire_responses.responseresult", "pk": 88, "fields": {"qr": 1, "response": 14, "score": 16.0}}, {"model": "questionnaire_responses.responseresult", "pk": 89, "fields": {"qr": 2, "response": 14, "score": 16.0}}, {"model": "questionnaire_responses.responseresult", "pk": 90, "fields": {"qr": 3, "response": 14, "score": 16.0}}, {"model": "questionnaire_responses.responseresult", "pk": 91, "fields": {"qr": 1, "response": 14, "score": 16.0}}, {"model": "questionnaire_responses.responseresult", "pk": 92, "fields": {"qr": 2, "response": 14, "score": 17.0}}, {"model": "questionnaire_responses.responseresult", "pk": 93, "fields": {"qr": 3, "response": 14, "score": 16.0}}, {"model": "questionnaire_responses.responseresult", "pk": 94, "fields": {"qr": 1, "response": 14, "score": 16.0}}, {"model": "questionnaire_responses.responseresult", "pk": 95, "fields": {"qr": 2, "response": 14, "score": 18.0}}, {"model": "questionnaire_responses.responseresult", "pk": 96, "fields": {"qr": 3, "response": 14, "score": 16.0}}, {"model": "questionnaire_responses.responseresult", "pk": 97, "fields": {"qr": 1, "response": 17, "score": 0.0}}, {"model": "questionnaire_responses.responseresult", "pk": 98, "fields": {"qr": 2, "response": 17, "score": 0.0}}, {"model": "questionnaire_responses.responseresult", "pk": 99, "fields": {"qr": 3, "response": 17, "score": 0.0}}, {"model": "questionnaire_responses.responseresult", "pk": 100, "fields": {"qr": 1, "response": 17, "score": 0.0}}, {"model": "questionnaire_responses.responseresult", "pk": 101, "fields": {"qr": 2, "response": 17, "score": 0.0}}, {"model": "questionnaire_responses.responseresult", "pk": 102, "fields": {"qr": 3, "response": 17, "score": 0.0}}, {"model": "questionnaire_responses.responseresult", "pk": 103, "fields": {"qr": 1, "response": 17, "score": 0.0}}, {"model": "questionnaire_responses.responseresult", "pk": 104, "fields": {"qr": 2, "response": 17, "score": 0.0}}, {"model": "questionnaire_responses.responseresult", "pk": 105, "fields": {"qr": 3, "response": 17, "score": 0.0}}, {"model": "questionnaire_responses.responseresult", "pk": 106, "fields": {"qr": 1, "response": 19, "score": 0.0}}, {"model": "questionnaire_responses.responseresult", "pk": 107, "fields": {"qr": 2, "response": 19, "score": 0.0}}, {"model": "questionnaire_responses.responseresult", "pk": 108, "fields": {"qr": 3, "response": 19, "score": 0.0}}, {"model": "questionnaire_responses.responseresult", "pk": 109, "fields": {"qr": 1, "response": 22, "score": 0.0}}, {"model": "questionnaire_responses.responseresult", "pk": 110, "fields": {"qr": 2, "response": 22, "score": 0.0}}, {"model": "questionnaire_responses.responseresult", "pk": 111, "fields": {"qr": 3, "response": 22, "score": 0.0}}, {"model": "questionnaire_responses.responseresult", "pk": 112, "fields": {"qr": 1, "response": 23, "score": 0.0}}, {"model": "questionnaire_responses.responseresult", "pk": 113, "fields": {"qr": 2, "response": 23, "score": 0.0}}, {"model": "questionnaire_responses.responseresult", "pk": 114, "fields": {"qr": 3, "response": 23, "score": 0.0}}, {"model": "questionnaire_responses.responseresult", "pk": 115, "fields": {"qr": 1, "response": 23, "score": 0.0}}, {"model": "questionnaire_responses.responseresult", "pk": 116, "fields": {"qr": 2, "response": 23, "score": 0.0}}, {"model": "questionnaire_responses.responseresult", "pk": 117, "fields": {"qr": 3, "response": 23, "score": 0.0}}, {"model": "questionnaire_responses.responseresult", "pk": 118, "fields": {"qr": 1, "response": 23, "score": 0.0}}, {"model": "questionnaire_responses.responseresult", "pk": 119, "fields": {"qr": 2, "response": 23, "score": 0.0}}, {"model": "questionnaire_responses.responseresult", "pk": 120, "fields": {"qr": 3, "response": 23, "score": 0.0}}, {"model": "questionnaire_responses.responseresult", "pk": 121, "fields": {"qr": 1, "response": 23, "score": 0.0}}, {"model": "questionnaire_responses.responseresult", "pk": 122, "fields": {"qr": 2, "response": 23, "score": 0.0}}, {"model": "questionnaire_responses.responseresult", "pk": 123, "fields": {"qr": 3, "response": 23, "score": 0.0}}, {"model": "questionnaire_responses.responseresult", "pk": 124, "fields": {"qr": 1, "response": 23, "score": 0.0}}, {"model": "questionnaire_responses.responseresult", "pk": 125, "fields": {"qr": 2, "response": 23, "score": 0.0}}, {"model": "questionnaire_responses.responseresult", "pk": 126, "fields": {"qr": 3, "response": 23, "score": 0.0}}, {"model": "questionnaire_responses.responseresult", "pk": 127, "fields": {"qr": 1, "response": 23, "score": 0.0}}, {"model": "questionnaire_responses.responseresult", "pk": 128, "fields": {"qr": 2, "response": 23, "score": 0.0}}, {"model": "questionnaire_responses.responseresult", "pk": 129, "fields": {"qr": 3, "response": 23, "score": 0.0}}, {"model": "questionnaire_responses.responseresult", "pk": 130, "fields": {"qr": 1, "response": 23, "score": 0.0}}, {"model": "questionnaire_responses.responseresult", "pk": 131, "fields": {"qr": 2, "response": 23, "score": 0.0}}, {"model": "questionnaire_responses.responseresult", "pk": 132, "fields": {"qr": 3, "response": 23, "score": 0.0}}, {"model": "questionnaire_responses.responseresult", "pk": 133, "fields": {"qr": 1, "response": 23, "score": 0.0}}, {"model": "questionnaire_responses.responseresult", "pk": 134, "fields": {"qr": 2, "response": 23, "score": 0.0}}, {"model": "questionnaire_responses.responseresult", "pk": 135, "fields": {"qr": 3, "response": 23, "score": 0.0}}, {"model": "questionnaire_responses.responseresult", "pk": 136, "fields": {"qr": 1, "response": 23, "score": 0.0}}, {"model": "questionnaire_responses.responseresult", "pk": 137, "fields": {"qr": 2, "response": 23, "score": 0.0}}, {"model": "questionnaire_responses.responseresult", "pk": 138, "fields": {"qr": 3, "response": 23, "score": 0.0}}, {"model": "questionnaire_responses.responseresult", "pk": 139, "fields": {"qr": 1, "response": 23, "score": 0.0}}, {"model": "questionnaire_responses.responseresult", "pk": 140, "fields": {"qr": 2, "response": 23, "score": 0.0}}, {"model": "questionnaire_responses.responseresult", "pk": 141, "fields": {"qr": 3, "response": 23, "score": 0.0}}, {"model": "questionnaire_responses.responseresult", "pk": 142, "fields": {"qr": 1, "response": 23, "score": 0.0}}, {"model": "questionnaire_responses.responseresult", "pk": 143, "fields": {"qr": 2, "response": 23, "score": 0.0}}, {"model": "questionnaire_responses.responseresult", "pk": 144, "fields": {"qr": 3, "response": 23, "score": 0.0}}, {"model": "questionnaire_responses.responseresult", "pk": 145, "fields": {"qr": 1, "response": 23, "score": 0.0}}, {"model": "questionnaire_responses.responseresult", "pk": 146, "fields": {"qr": 2, "response": 23, "score": 0.0}}, {"model": "questionnaire_responses.responseresult", "pk": 147, "fields": {"qr": 3, "response": 23, "score": 0.0}}, {"model": "questionnaire_responses.responseresult", "pk": 148, "fields": {"qr": 1, "response": 23, "score": 0.0}}, {"model": "questionnaire_responses.responseresult", "pk": 149, "fields": {"qr": 2, "response": 23, "score": 0.0}}, {"model": "questionnaire_responses.responseresult", "pk": 150, "fields": {"qr": 3, "response": 23, "score": 0.0}}, {"model": "questionnaire_responses.responseresult", "pk": 151, "fields": {"qr": 1, "response": 23, "score": 0.0}}, {"model": "questionnaire_responses.responseresult", "pk": 152, "fields": {"qr": 2, "response": 23, "score": 0.0}}, {"model": "questionnaire_responses.responseresult", "pk": 153, "fields": {"qr": 3, "response": 23, "score": 0.0}}, {"model": "questionnaire_responses.responseresult", "pk": 154, "fields": {"qr": 1, "response": 23, "score": 0.0}}, {"model": "questionnaire_responses.responseresult", "pk": 155, "fields": {"qr": 2, "response": 23, "score": 0.0}}, {"model": "questionnaire_responses.responseresult", "pk": 156, "fields": {"qr": 3, "response": 23, "score": 0.0}}, {"model": "questionnaire_responses.responseresult", "pk": 157, "fields": {"qr": 1, "response": 23, "score": 0.0}}, {"model": "questionnaire_responses.responseresult", "pk": 158, "fields": {"qr": 2, "response": 23, "score": 0.0}}, {"model": "questionnaire_responses.responseresult", "pk": 159, "fields": {"qr": 3, "response": 23, "score": 0.0}}, {"model": "questionnaire_responses.responseresult", "pk": 160, "fields": {"qr": 1, "response": 23, "score": 0.0}}, {"model": "questionnaire_responses.responseresult", "pk": 161, "fields": {"qr": 2, "response": 23, "score": 0.0}}, {"model": "questionnaire_responses.responseresult", "pk": 162, "fields": {"qr": 3, "response": 23, "score": 0.0}}, {"model": "questionnaire_responses.responseresult", "pk": 163, "fields": {"qr": 1, "response": 23, "score": 0.0}}, {"model": "questionnaire_responses.responseresult", "pk": 164, "fields": {"qr": 2, "response": 23, "score": 0.0}}, {"model": "questionnaire_responses.responseresult", "pk": 165, "fields": {"qr": 3, "response": 23, "score": 0.0}}, {"model": "questionnaire_responses.responseresult", "pk": 166, "fields": {"qr": 1, "response": 23, "score": 0.0}}, {"model": "questionnaire_responses.responseresult", "pk": 167, "fields": {"qr": 2, "response": 23, "score": 0.0}}, {"model": "questionnaire_responses.responseresult", "pk": 168, "fields": {"qr": 3, "response": 23, "score": 0.0}}, {"model": "questionnaire_responses.responseresult", "pk": 169, "fields": {"qr": 1, "response": 23, "score": 0.0}}, {"model": "questionnaire_responses.responseresult", "pk": 170, "fields": {"qr": 2, "response": 23, "score": 0.0}}, {"model": "questionnaire_responses.responseresult", "pk": 171, "fields": {"qr": 3, "response": 23, "score": 0.0}}, {"model": "questionnaire_responses.responseresult", "pk": 172, "fields": {"qr": 1, "response": 23, "score": 0.0}}, {"model": "questionnaire_responses.responseresult", "pk": 173, "fields": {"qr": 2, "response": 23, "score": 0.0}}, {"model": "questionnaire_responses.responseresult", "pk": 174, "fields": {"qr": 3, "response": 23, "score": 0.0}}, {"model": "questionnaire_responses.responseresult", "pk": 175, "fields": {"qr": 1, "response": 23, "score": 0.0}}, {"model": "questionnaire_responses.responseresult", "pk": 176, "fields": {"qr": 2, "response": 23, "score": 0.0}}, {"model": "questionnaire_responses.responseresult", "pk": 177, "fields": {"qr": 3, "response": 23, "score": 0.0}}, {"model": "questionnaire_responses.responseresult", "pk": 178, "fields": {"qr": 1, "response": 23, "score": 0.0}}, {"model": "questionnaire_responses.responseresult", "pk": 179, "fields": {"qr": 2, "response": 23, "score": 0.0}}, {"model": "questionnaire_responses.responseresult", "pk": 180, "fields": {"qr": 3, "response": 23, "score": 0.0}}, {"model": "questionnaire_responses.responseresult", "pk": 181, "fields": {"qr": 1, "response": 23, "score": 0.0}}, {"model": "questionnaire_responses.responseresult", "pk": 182, "fields": {"qr": 2, "response": 23, "score": 0.0}}, {"model": "questionnaire_responses.responseresult", "pk": 183, "fields": {"qr": 3, "response": 23, "score": 0.0}}, {"model": "questionnaire_responses.responseresult", "pk": 184, "fields": {"qr": 1, "response": 23, "score": 0.0}}, {"model": "questionnaire_responses.responseresult", "pk": 185, "fields": {"qr": 2, "response": 23, "score": 0.0}}, {"model": "questionnaire_responses.responseresult", "pk": 186, "fields": {"qr": 3, "response": 23, "score": 0.0}}, {"model": "questionnaire_responses.responseresult", "pk": 187, "fields": {"qr": 1, "response": 23, "score": 0.0}}, {"model": "questionnaire_responses.responseresult", "pk": 188, "fields": {"qr": 2, "response": 23, "score": 0.0}}, {"model": "questionnaire_responses.responseresult", "pk": 189, "fields": {"qr": 3, "response": 23, "score": 0.0}}, {"model": "questionnaire_responses.responseresult", "pk": 190, "fields": {"qr": 1, "response": 23, "score": 0.0}}, {"model": "questionnaire_responses.responseresult", "pk": 191, "fields": {"qr": 2, "response": 23, "score": 0.0}}, {"model": "questionnaire_responses.responseresult", "pk": 192, "fields": {"qr": 3, "response": 23, "score": 0.0}}, {"model": "questionnaire_responses.responseresult", "pk": 193, "fields": {"qr": 1, "response": 23, "score": 0.0}}, {"model": "questionnaire_responses.responseresult", "pk": 194, "fields": {"qr": 2, "response": 23, "score": 0.0}}, {"model": "questionnaire_responses.responseresult", "pk": 195, "fields": {"qr": 3, "response": 23, "score": 0.0}}, {"model": "questionnaire_responses.responseresult", "pk": 196, "fields": {"qr": 1, "response": 23, "score": 0.0}}, {"model": "questionnaire_responses.responseresult", "pk": 197, "fields": {"qr": 2, "response": 23, "score": 0.0}}, {"model": "questionnaire_responses.responseresult", "pk": 198, "fields": {"qr": 3, "response": 23, "score": 0.0}}, {"model": "questionnaire_responses.responseresult", "pk": 199, "fields": {"qr": 1, "response": 23, "score": 0.0}}, {"model": "questionnaire_responses.responseresult", "pk": 200, "fields": {"qr": 2, "response": 23, "score": 0.0}}, {"model": "questionnaire_responses.responseresult", "pk": 201, "fields": {"qr": 3, "response": 23, "score": 0.0}}, {"model": "questionnaire_responses.responseresult", "pk": 202, "fields": {"qr": 1, "response": 23, "score": 0.0}}, {"model": "questionnaire_responses.responseresult", "pk": 203, "fields": {"qr": 2, "response": 23, "score": 0.0}}, {"model": "questionnaire_responses.responseresult", "pk": 204, "fields": {"qr": 3, "response": 23, "score": 0.0}}, {"model": "questionnaire_responses.responseresult", "pk": 205, "fields": {"qr": 1, "response": 23, "score": 0.0}}, {"model": "questionnaire_responses.responseresult", "pk": 206, "fields": {"qr": 2, "response": 23, "score": 0.0}}, {"model": "questionnaire_responses.responseresult", "pk": 207, "fields": {"qr": 3, "response": 23, "score": 0.0}}, {"model": "questionnaire_responses.responseresult", "pk": 208, "fields": {"qr": 1, "response": 23, "score": 0.0}}, {"model": "questionnaire_responses.responseresult", "pk": 209, "fields": {"qr": 2, "response": 23, "score": 0.0}}, {"model": "questionnaire_responses.responseresult", "pk": 210, "fields": {"qr": 3, "response": 23, "score": 0.0}}, {"model": "questionnaire_responses.responseresult", "pk": 211, "fields": {"qr": 1, "response": 23, "score": 0.0}}, {"model": "questionnaire_responses.responseresult", "pk": 212, "fields": {"qr": 2, "response": 23, "score": 0.0}}, {"model": "questionnaire_responses.responseresult", "pk": 213, "fields": {"qr": 3, "response": 23, "score": 0.0}}, {"model": "questionnaire_responses.responseresult", "pk": 214, "fields": {"qr": 1, "response": 23, "score": 0.0}}, {"model": "questionnaire_responses.responseresult", "pk": 215, "fields": {"qr": 2, "response": 23, "score": 0.0}}, {"model": "questionnaire_responses.responseresult", "pk": 216, "fields": {"qr": 3, "response": 23, "score": 0.0}}, {"model": "questionnaire_responses.responseresult", "pk": 217, "fields": {"qr": 1, "response": 23, "score": 0.0}}, {"model": "questionnaire_responses.responseresult", "pk": 218, "fields": {"qr": 2, "response": 23, "score": 0.0}}, {"model": "questionnaire_responses.responseresult", "pk": 219, "fields": {"qr": 3, "response": 23, "score": 0.0}}, {"model": "questionnaire_responses.responseresult", "pk": 220, "fields": {"qr": 1, "response": 23, "score": 0.0}}, {"model": "questionnaire_responses.responseresult", "pk": 221, "fields": {"qr": 2, "response": 23, "score": 0.0}}, {"model": "questionnaire_responses.responseresult", "pk": 222, "fields": {"qr": 3, "response": 23, "score": 0.0}}, {"model": "questionnaire_responses.responseresult", "pk": 223, "fields": {"qr": 1, "response": 23, "score": 0.0}}, {"model": "questionnaire_responses.responseresult", "pk": 224, "fields": {"qr": 2, "response": 23, "score": 0.0}}, {"model": "questionnaire_responses.responseresult", "pk": 225, "fields": {"qr": 3, "response": 23, "score": 0.0}}, {"model": "questionnaire_responses.responseresult", "pk": 226, "fields": {"qr": 1, "response": 23, "score": 0.0}}, {"model": "questionnaire_responses.responseresult", "pk": 227, "fields": {"qr": 2, "response": 23, "score": 0.0}}, {"model": "questionnaire_responses.responseresult", "pk": 228, "fields": {"qr": 3, "response": 23, "score": 0.0}}, {"model": "questionnaire_responses.responseresult", "pk": 229, "fields": {"qr": 1, "response": 23, "score": 0.0}}, {"model": "questionnaire_responses.responseresult", "pk": 230, "fields": {"qr": 2, "response": 23, "score": 0.0}}, {"model": "questionnaire_responses.responseresult", "pk": 231, "fields": {"qr": 3, "response": 23, "score": 0.0}}, {"model": "questionnaire_responses.responseresult", "pk": 232, "fields": {"qr": 1, "response": 23, "score": 0.0}}, {"model": "questionnaire_responses.responseresult", "pk": 233, "fields": {"qr": 2, "response": 23, "score": 0.0}}, {"model": "questionnaire_responses.responseresult", "pk": 234, "fields": {"qr": 3, "response": 23, "score": 0.0}}, {"model": "questionnaire_responses.responseresult", "pk": 235, "fields": {"qr": 1, "response": 23, "score": 0.0}}, {"model": "questionnaire_responses.responseresult", "pk": 236, "fields": {"qr": 2, "response": 23, "score": 0.0}}, {"model": "questionnaire_responses.responseresult", "pk": 237, "fields": {"qr": 3, "response": 23, "score": 0.0}}, {"model": "questionnaire_responses.responseresult", "pk": 238, "fields": {"qr": 1, "response": 23, "score": 0.0}}, {"model": "questionnaire_responses.responseresult", "pk": 239, "fields": {"qr": 2, "response": 23, "score": 0.0}}, {"model": "questionnaire_responses.responseresult", "pk": 240, "fields": {"qr": 3, "response": 23, "score": 0.0}}, {"model": "questionnaire_responses.responseresult", "pk": 241, "fields": {"qr": 1, "response": 23, "score": 0.0}}, {"model": "questionnaire_responses.responseresult", "pk": 242, "fields": {"qr": 2, "response": 23, "score": 0.0}}, {"model": "questionnaire_responses.responseresult", "pk": 243, "fields": {"qr": 3, "response": 23, "score": 0.0}}, {"model": "questionnaire_responses.responseresult", "pk": 244, "fields": {"qr": 1, "response": 23, "score": 0.0}}, {"model": "questionnaire_responses.responseresult", "pk": 245, "fields": {"qr": 2, "response": 23, "score": 0.0}}, {"model": "questionnaire_responses.responseresult", "pk": 246, "fields": {"qr": 3, "response": 23, "score": 0.0}}, {"model": "questionnaire_responses.responseresult", "pk": 247, "fields": {"qr": 1, "response": 23, "score": 0.0}}, {"model": "questionnaire_responses.responseresult", "pk": 248, "fields": {"qr": 2, "response": 23, "score": 0.0}}, {"model": "questionnaire_responses.responseresult", "pk": 249, "fields": {"qr": 3, "response": 23, "score": 0.0}}, {"model": "auth.permission", "pk": 1, "fields": {"name": "Can add log entry", "content_type": 1, "codename": "add_logentry"}}, {"model": "auth.permission", "pk": 2, "fields": {"name": "Can change log entry", "content_type": 1, "codename": "change_logentry"}}, {"model": "auth.permission", "pk": 3, "fields": {"name": "Can delete log entry", "content_type": 1, "codename": "delete_logentry"}}, {"model": "auth.permission", "pk": 4, "fields": {"name": "Can add permission", "content_type": 2, "codename": "add_permission"}}, {"model": "auth.permission", "pk": 5, "fields": {"name": "Can change permission", "content_type": 2, "codename": "change_permission"}}, {"model": "auth.permission", "pk": 6, "fields": {"name": "Can delete permission", "content_type": 2, "codename": "delete_permission"}}, {"model": "auth.permission", "pk": 7, "fields": {"name": "Can add group", "content_type": 3, "codename": "add_group"}}, {"model": "auth.permission", "pk": 8, "fields": {"name": "Can change group", "content_type": 3, "codename": "change_group"}}, {"model": "auth.permission", "pk": 9, "fields": {"name": "Can delete group", "content_type": 3, "codename": "delete_group"}}, {"model": "auth.permission", "pk": 10, "fields": {"name": "Can add user", "content_type": 4, "codename": "add_user"}}, {"model": "auth.permission", "pk": 11, "fields": {"name": "Can change user", "content_type": 4, "codename": "change_user"}}, {"model": "auth.permission", "pk": 12, "fields": {"name": "Can delete user", "content_type": 4, "codename": "delete_user"}}, {"model": "auth.permission", "pk": 13, "fields": {"name": "Can add content type", "content_type": 5, "codename": "add_contenttype"}}, {"model": "auth.permission", "pk": 14, "fields": {"name": "Can change content type", "content_type": 5, "codename": "change_contenttype"}}, {"model": "auth.permission", "pk": 15, "fields": {"name": "Can delete content type", "content_type": 5, "codename": "delete_contenttype"}}, {"model": "auth.permission", "pk": 16, "fields": {"name": "Can add session", "content_type": 6, "codename": "add_session"}}, {"model": "auth.permission", "pk": 17, "fields": {"name": "Can change session", "content_type": 6, "codename": "change_session"}}, {"model": "auth.permission", "pk": 18, "fields": {"name": "Can delete session", "content_type": 6, "codename": "delete_session"}}, {"model": "auth.permission", "pk": 19, "fields": {"name": "Can add site", "content_type": 7, "codename": "add_site"}}, {"model": "auth.permission", "pk": 20, "fields": {"name": "Can change site", "content_type": 7, "codename": "change_site"}}, {"model": "auth.permission", "pk": 21, "fields": {"name": "Can delete site", "content_type": 7, "codename": "delete_site"}}, {"model": "auth.permission", "pk": 22, "fields": {"name": "Can add profile", "content_type": 8, "codename": "add_profile"}}, {"model": "auth.permission", "pk": 23, "fields": {"name": "Can change profile", "content_type": 8, "codename": "change_profile"}}, {"model": "auth.permission", "pk": 24, "fields": {"name": "Can delete profile", "content_type": 8, "codename": "delete_profile"}}, {"model": "auth.permission", "pk": 25, "fields": {"name": "Can add \u0412\u0430\u0440\u0438\u0430\u043d\u0442 \u043e\u0442\u0432\u0435\u0442\u0430", "content_type": 9, "codename": "add_answerchoice"}}, {"model": "auth.permission", "pk": 26, "fields": {"name": "Can change \u0412\u0430\u0440\u0438\u0430\u043d\u0442 \u043e\u0442\u0432\u0435\u0442\u0430", "content_type": 9, "codename": "change_answerchoice"}}, {"model": "auth.permission", "pk": 27, "fields": {"name": "Can delete \u0412\u0430\u0440\u0438\u0430\u043d\u0442 \u043e\u0442\u0432\u0435\u0442\u0430", "content_type": 9, "codename": "delete_answerchoice"}}, {"model": "auth.permission", "pk": 28, "fields": {"name": "Can add \u0422\u0438\u043f \u043e\u0442\u0432\u0435\u0442\u0430", "content_type": 10, "codename": "add_answertype"}}, {"model": "auth.permission", "pk": 29, "fields": {"name": "Can change \u0422\u0438\u043f \u043e\u0442\u0432\u0435\u0442\u0430", "content_type": 10, "codename": "change_answertype"}}, {"model": "auth.permission", "pk": 30, "fields": {"name": "Can delete \u0422\u0438\u043f \u043e\u0442\u0432\u0435\u0442\u0430", "content_type": 10, "codename": "delete_answertype"}}, {"model": "auth.permission", "pk": 31, "fields": {"name": "Can add \u041a\u0430\u0442\u0435\u0433\u043e\u0440\u0438\u044f", "content_type": 11, "codename": "add_category"}}, {"model": "auth.permission", "pk": 32, "fields": {"name": "Can change \u041a\u0430\u0442\u0435\u0433\u043e\u0440\u0438\u044f", "content_type": 11, "codename": "change_category"}}, {"model": "auth.permission", "pk": 33, "fields": {"name": "Can delete \u041a\u0430\u0442\u0435\u0433\u043e\u0440\u0438\u044f", "content_type": 11, "codename": "delete_category"}}, {"model": "auth.permission", "pk": 34, "fields": {"name": "Can add \u0412\u043e\u043f\u0440\u043e\u0441", "content_type": 12, "codename": "add_question"}}, {"model": "auth.permission", "pk": 35, "fields": {"name": "Can change \u0412\u043e\u043f\u0440\u043e\u0441", "content_type": 12, "codename": "change_question"}}, {"model": "auth.permission", "pk": 36, "fields": {"name": "Can delete \u0412\u043e\u043f\u0440\u043e\u0441", "content_type": 12, "codename": "delete_question"}}, {"model": "auth.permission", "pk": 37, "fields": {"name": "Can add \u0410\u043d\u043a\u0435\u0442\u0430 \u0442\u0435\u0441\u0442\u0430", "content_type": 13, "codename": "add_questionnaire"}}, {"model": "auth.permission", "pk": 38, "fields": {"name": "Can change \u0410\u043d\u043a\u0435\u0442\u0430 \u0442\u0435\u0441\u0442\u0430", "content_type": 13, "codename": "change_questionnaire"}}, {"model": "auth.permission", "pk": 39, "fields": {"name": "Can delete \u0410\u043d\u043a\u0435\u0442\u0430 \u0442\u0435\u0441\u0442\u0430", "content_type": 13, "codename": "delete_questionnaire"}}, {"model": "auth.permission", "pk": 40, "fields": {"name": "Can add \u041e\u0442\u0432\u0435\u0442 \u043d\u0430 \u0432\u043e\u043f\u0440\u043e\u0441 \u0438\u0437 \u0430\u043d\u043a\u0435\u0442\u044b", "content_type": 14, "codename": "add_answer"}}, {"model": "auth.permission", "pk": 41, "fields": {"name": "Can change \u041e\u0442\u0432\u0435\u0442 \u043d\u0430 \u0432\u043e\u043f\u0440\u043e\u0441 \u0438\u0437 \u0430\u043d\u043a\u0435\u0442\u044b", "content_type": 14, "codename": "change_answer"}}, {"model": "auth.permission", "pk": 42, "fields": {"name": "Can delete \u041e\u0442\u0432\u0435\u0442 \u043d\u0430 \u0432\u043e\u043f\u0440\u043e\u0441 \u0438\u0437 \u0430\u043d\u043a\u0435\u0442\u044b", "content_type": 14, "codename": "delete_answer"}}, {"model": "auth.permission", "pk": 43, "fields": {"name": "Can add \u041f\u0440\u043e\u0445\u043e\u0436\u0434\u0435\u043d\u0438\u0435 \u0442\u0435\u0441\u0442\u0430", "content_type": 15, "codename": "add_response"}}, {"model": "auth.permission", "pk": 44, "fields": {"name": "Can change \u041f\u0440\u043e\u0445\u043e\u0436\u0434\u0435\u043d\u0438\u0435 \u0442\u0435\u0441\u0442\u0430", "content_type": 15, "codename": "change_response"}}, {"model": "auth.permission", "pk": 45, "fields": {"name": "Can delete \u041f\u0440\u043e\u0445\u043e\u0436\u0434\u0435\u043d\u0438\u0435 \u0442\u0435\u0441\u0442\u0430", "content_type": 15, "codename": "delete_response"}}, {"model": "auth.permission", "pk": 46, "fields": {"name": "Can add email address", "content_type": 16, "codename": "add_emailaddress"}}, {"model": "auth.permission", "pk": 47, "fields": {"name": "Can change email address", "content_type": 16, "codename": "change_emailaddress"}}, {"model": "auth.permission", "pk": 48, "fields": {"name": "Can delete email address", "content_type": 16, "codename": "delete_emailaddress"}}, {"model": "auth.permission", "pk": 49, "fields": {"name": "Can add email confirmation", "content_type": 17, "codename": "add_emailconfirmation"}}, {"model": "auth.permission", "pk": 50, "fields": {"name": "Can change email confirmation", "content_type": 17, "codename": "change_emailconfirmation"}}, {"model": "auth.permission", "pk": 51, "fields": {"name": "Can delete email confirmation", "content_type": 17, "codename": "delete_emailconfirmation"}}, {"model": "auth.permission", "pk": 52, "fields": {"name": "Can add social account", "content_type": 18, "codename": "add_socialaccount"}}, {"model": "auth.permission", "pk": 53, "fields": {"name": "Can change social account", "content_type": 18, "codename": "change_socialaccount"}}, {"model": "auth.permission", "pk": 54, "fields": {"name": "Can delete social account", "content_type": 18, "codename": "delete_socialaccount"}}, {"model": "auth.permission", "pk": 55, "fields": {"name": "Can add social application", "content_type": 19, "codename": "add_socialapp"}}, {"model": "auth.permission", "pk": 56, "fields": {"name": "Can change social application", "content_type": 19, "codename": "change_socialapp"}}, {"model": "auth.permission", "pk": 57, "fields": {"name": "Can delete social application", "content_type": 19, "codename": "delete_socialapp"}}, {"model": "auth.permission", "pk": 58, "fields": {"name": "Can add social application token", "content_type": 20, "codename": "add_socialtoken"}}, {"model": "auth.permission", "pk": 59, "fields": {"name": "Can change social application token", "content_type": 20, "codename": "change_socialtoken"}}, {"model": "auth.permission", "pk": 60, "fields": {"name": "Can delete social application token", "content_type": 20, "codename": "delete_socialtoken"}}, {"model": "auth.permission", "pk": 61, "fields": {"name": "Can add questionnaire result", "content_type": 21, "codename": "add_questionnaireresult"}}, {"model": "auth.permission", "pk": 62, "fields": {"name": "Can change questionnaire result", "content_type": 21, "codename": "change_questionnaireresult"}}, {"model": "auth.permission", "pk": 63, "fields": {"name": "Can delete questionnaire result", "content_type": 21, "codename": "delete_questionnaireresult"}}, {"model": "auth.permission", "pk": 64, "fields": {"name": "Can add response result", "content_type": 22, "codename": "add_responseresult"}}, {"model": "auth.permission", "pk": 65, "fields": {"name": "Can change response result", "content_type": 22, "codename": "change_responseresult"}}, {"model": "auth.permission", "pk": 66, "fields": {"name": "Can delete response result", "content_type": 22, "codename": "delete_responseresult"}}, {"model": "auth.permission", "pk": 67, "fields": {"name": "Can add item", "content_type": 23, "codename": "add_item"}}, {"model": "auth.permission", "pk": 68, "fields": {"name": "Can change item", "content_type": 23, "codename": "change_item"}}, {"model": "auth.permission", "pk": 69, "fields": {"name": "Can delete item", "content_type": 23, "codename": "delete_item"}}, {"model": "auth.permission", "pk": 70, "fields": {"name": "Can add \u041f\u0440\u0435\u0434\u043c\u0435\u0442 \u0443 \u043f\u043e\u043b\u044c\u0437\u043e\u0432\u0430\u0442\u0435\u043b\u044f", "content_type": 24, "codename": "add_itemuser"}}, {"model": "auth.permission", "pk": 71, "fields": {"name": "Can change \u041f\u0440\u0435\u0434\u043c\u0435\u0442 \u0443 \u043f\u043e\u043b\u044c\u0437\u043e\u0432\u0430\u0442\u0435\u043b\u044f", "content_type": 24, "codename": "change_itemuser"}}, {"model": "auth.permission", "pk": 72, "fields": {"name": "Can delete \u041f\u0440\u0435\u0434\u043c\u0435\u0442 \u0443 \u043f\u043e\u043b\u044c\u0437\u043e\u0432\u0430\u0442\u0435\u043b\u044f", "content_type": 24, "codename": "delete_itemuser"}}, {"model": "auth.user", "pk": 1, "fields": {"password": "pbkdf2_sha256$100000$bRRUagenHotP$Wi/+p2q1tnRzQPS+M0V90cuStppfTM1iqV4BCsIhNPk=", "last_login": "2018-05-02T04:44:10.311Z", "is_superuser": true, "username": "admin", "first_name": "", "last_name": "", "email": "", "is_staff": true, "is_active": true, "date_joined": "2018-03-31T12:02:29.254Z", "groups": [], "user_permissions": []}}, {"model": "auth.user", "pk": 2, "fields": {"password": "pbkdf2_sha256$100000$g8azALWsbdzo$2aQW+hbeDaQodeuKNSzSDfx+gGmokMZG+YUkpcd7bVQ=", "last_login": "2018-05-03T11:43:16.564Z", "is_superuser": false, "username": "mail12", "first_name": "", "last_name": "", "email": "mail12@mail.ru", "is_staff": false, "is_active": true, "date_joined": "2018-04-23T05:55:12.623Z", "groups": [], "user_permissions": []}}, {"model": "auth.user", "pk": 3, "fields": {"password": "pbkdf2_sha256$100000$tR3e8mM20ucB$/xktDX5adVB+B6J17wwy2FiDe3RJWbE+H4ybxiABWnY=", "last_login": "2018-06-12T09:50:02.627Z", "is_superuser": false, "username": "mail14", "first_name": "", "last_name": "", "email": "mail14@mail.ru", "is_staff": false, "is_active": true, "date_joined": "2018-05-03T11:45:45.994Z", "groups": [], "user_permissions": []}}, {"model": "heroes.profile", "pk": 1, "fields": {"user": 1, "first_name": null, "last_name": null, "father_name": null, "birth_date": null, "sex": null, "slots": "{\"slot1\": \"img/game/items/test02/avatar/kinesthetical03_01.png\", \"slot3\": \"img/game/avatar/M/03.png\", \"slot4\": \"img/game/items/test02/avatar/audial04_04.png\", \"slot2\": \"img/game/avatar/M/02.png\", \"slot5\": \"img/game/items/test02/avatar/audial04_05.png\", \"slot1_pk\": 5, \"slot4_pk\": 4, \"slot5_pk\": 4}"}}, {"model": "heroes.profile", "pk": 2, "fields": {"user": 2, "first_name": null, "last_name": null, "father_name": null, "birth_date": null, "sex": null, "slots": "{\"slot1\": \"img/game/avatar/M/01.png\", \"slot2\": \"img/game/avatar/M/02.png\", \"slot3\": \"img/game/avatar/M/03.png\", \"slot4\": \"img/game/avatar/M/04.png\", \"slot5\": \"img/game/avatar/M/05.png\"}"}}, {"model": "heroes.profile", "pk": 3, "fields": {"user": 3, "first_name": null, "last_name": null, "father_name": null, "birth_date": null, "sex": null, "slots": "{\"slot1\": \"img/game/avatar/M/01.png\", \"slot2\": \"img/game/avatar/M/02.png\", \"slot3\": \"img/game/avatar/M/03.png\", \"slot4\": \"img/game/avatar/M/04.png\", \"slot5\": \"img/game/avatar/M/05.png\"}"}}, {"model": "heroes.itemuser", "pk": 1, "fields": {"item": 1, "user": 1}}, {"model": "heroes.itemuser", "pk": 2, "fields": {"item": 2, "user": 1}}, {"model": "heroes.itemuser", "pk": 3, "fields": {"item": 3, "user": 1}}, {"model": "heroes.itemuser", "pk": 4, "fields": {"item": 4, "user": 1}}, {"model": "heroes.itemuser", "pk": 14, "fields": {"item": 5, "user": 1}}, {"model": "questionnaire_responses.response", "pk": 7, "fields": {"user": 1, "created": "2018-04-23T21:14:39.420Z", "questionnaire": 2, "is_finished": true, "result": "{\"category\": \"\\u041a\\u0438\\u043d\\u0435\\u0441\\u0442\\u0435\\u0442\\u0438\\u0447\\u0435\\u0441\\u043a\\u0438\\u0439 \\u0442\\u0438\\u043f\", \"main_description\": \"<div><p>\\r\\n\\u041a\\u0438\\u043d\\u0435\\u0441\\u0442\\u0435\\u0442\\u0438\\u0447\\u0435\\u0441\\u043a\\u0430\\u044f \\u0440\\u0435\\u043f\\u0440\\u0435\\u0437\\u0435\\u043d\\u0442\\u0430\\u0442\\u0438\\u0432\\u043d\\u0430\\u044f \\u0441\\u0438\\u0441\\u0442\\u0435\\u043c\\u0430 \\u043e\\u0441\\u043d\\u043e\\u0432\\u044b\\u0432\\u0430\\u0435\\u0442\\u0441\\u044f \\u043d\\u0430 \\u043e\\u0431\\u043e\\u043d\\u044f\\u0442\\u0435\\u043b\\u044c\\u043d\\u043e-\\u043e\\u0441\\u044f\\u0437\\u0430\\u0442\\u0435\\u043b\\u044c\\u043d\\u043e\\u043c \\u043a\\u0430\\u043d\\u0430\\u043b\\u0435 \\u0438\\u043d\\u0444\\u043e\\u0440\\u043c\\u0430\\u0446\\u0438\\u0438. \\u0422\\u0430\\u043a\\u0438\\u0435 \\u043b\\u044e\\u0434\\u0438 (\\u043a\\u0438\\u043d\\u0435\\u0441\\u0442\\u0435\\u0442\\u0438\\u043a\\u0438) \\u043e\\u0447\\u0435\\u043d\\u044c \\u043b\\u044e\\u0431\\u044f\\u0442 \\u0442\\u0430\\u043a\\u0442\\u0438\\u043b\\u044c\\u043d\\u044b\\u0439 \\u043a\\u043e\\u043d\\u0442\\u0430\\u043a\\u0442. \\u041b\\u044e\\u0431\\u044b\\u0435 \\u043f\\u0435\\u0440\\u0435\\u0436\\u0438\\u0432\\u0430\\u043d\\u0438\\u044f, \\u044d\\u043c\\u043e\\u0446\\u0438\\u0438 \\u0438 \\u043e\\u0449\\u0443\\u0449\\u0435\\u043d\\u0438\\u044f \\u043b\\u0443\\u0447\\u0448\\u0435 \\u0432\\u0441\\u0435\\u0433\\u043e \\u0432\\u043e\\u0441\\u043f\\u0440\\u0438\\u043d\\u0438\\u043c\\u0430\\u044e\\u0442\\u0441\\u044f \\u0438\\u043c\\u0438 \\u0432 \\u0442\\u043e\\u043c \\u0441\\u043b\\u0443\\u0447\\u0430\\u0435, \\u0435\\u0441\\u043b\\u0438 \\u0443 \\u043d\\u0438\\u0445 \\u0435\\u0441\\u0442\\u044c \\u0432\\u043e\\u0437\\u043c\\u043e\\u0436\\u043d\\u043e\\u0441\\u0442\\u044c \\u043f\\u0440\\u0438\\u043a\\u043e\\u0441\\u043d\\u0443\\u0442\\u044c\\u0441\\u044f \\u043a \\u0447\\u0435\\u043c\\u0443-\\u0442\\u043e, \\u043e\\u0449\\u0443\\u0442\\u0438\\u0442\\u044c \\u044d\\u0442\\u043e \\u0444\\u0438\\u0437\\u0438\\u0447\\u0435\\u0441\\u043a\\u0438.\\r\\n</p>\\r\\n</div>\", \"descr1\": \"<p>\\r\\n\\u0412 \\u0436\\u0438\\u0437\\u043d\\u0438 \\u043a\\u0438\\u043d\\u0435\\u0441\\u0442\\u0435\\u0442\\u0438\\u043a\\u0438 \\u2013 <i>\\u043b\\u044e\\u0434\\u0438 \\u0434\\u0435\\u0439\\u0441\\u0442\\u0432\\u0438\\u044f</i>! \\u0412\\u043c\\u0435\\u0441\\u0442\\u043e \\u0442\\u043e\\u0433\\u043e, \\u0447\\u0442\\u043e\\u0431\\u044b \\u0434\\u043e\\u043b\\u0433\\u043e \\u043e\\u0431\\u0441\\u0443\\u0436\\u0434\\u0430\\u0442\\u044c \\u0447\\u0442\\u043e-\\u0442\\u043e \\u0432 \\u0442\\u0435\\u043e\\u0440\\u0438\\u0438, \\u043e\\u043d\\u0438 \\u0441\\u0442\\u0440\\u0435\\u043c\\u044f\\u0442\\u0441\\u044f \\u043f\\u043e\\u0441\\u043a\\u043e\\u0440\\u0435\\u0435 \\u0438\\u0441\\u043f\\u044b\\u0442\\u0430\\u0442\\u044c \\u044d\\u0442\\u043e \\u043d\\u0430 \\u0434\\u0435\\u043b\\u0435, \\u043d\\u0430\\u0447\\u0438\\u043d\\u0430\\u044e\\u0442 \\u0434\\u0435\\u0439\\u0441\\u0442\\u0432\\u043e\\u0432\\u0430\\u0442\\u044c \\u043a\\u0430\\u043a \\u0442\\u043e\\u043b\\u044c\\u043a\\u043e \\u0438\\u043c \\u043f\\u0440\\u0435\\u0434\\u043e\\u0441\\u0442\\u0430\\u0432\\u043b\\u044f\\u0435\\u0442\\u0441\\u044f \\u0442\\u0430\\u043a\\u0430\\u044f \\u0432\\u043e\\u0437\\u043c\\u043e\\u0436\\u043d\\u043e\\u0441\\u0442\\u044c. \\u0412 \\u0432\\u044b\\u0431\\u043e\\u0440\\u0435 \\u043f\\u0440\\u043e\\u0444\\u0435\\u0441\\u0441\\u0438\\u0438 \\u043a\\u0438\\u043d\\u0435\\u0441\\u0442\\u0435\\u0442\\u0438\\u043a\\u0438 \\u043e\\u0442\\u0434\\u0430\\u044e\\u0442 \\u043f\\u0440\\u0435\\u0434\\u043f\\u043e\\u0447\\u0442\\u0435\\u043d\\u0438\\u0435 \\u0442\\u0430\\u043a\\u0438\\u043c \\u0437\\u0430\\u043d\\u044f\\u0442\\u0438\\u044f\\u043c, \\u043a\\u043e\\u0442\\u043e\\u0440\\u044b\\u0435 \\u043f\\u043e\\u0437\\u0432\\u043e\\u043b\\u044f\\u0442 \\u0438\\u043c \\u043e\\u0449\\u0443\\u0449\\u0430\\u0442\\u044c \\u0441\\u043e\\u0431\\u0441\\u0442\\u0432\\u0435\\u043d\\u043d\\u043e\\u0435 \\u0442\\u0435\\u043b\\u043e. </p>\\r\\n<p>\\r\\n\\u0418\\u0437 \\u043a\\u0438\\u043d\\u0435\\u0441\\u0442\\u0435\\u0442\\u0438\\u043a\\u043e\\u0432 \\u043f\\u043e\\u043b\\u0443\\u0447\\u0430\\u044e\\u0442\\u0441\\u044f \\u043e\\u0447\\u0435\\u043d\\u044c \\u0445\\u043e\\u0440\\u043e\\u0448\\u0438\\u0435 \\u0442\\u0430\\u043d\\u0446\\u043e\\u0440\\u044b \\u0438\\u043b\\u0438 \\u0441\\u043f\\u043e\\u0440\\u0442\\u0441\\u043c\\u0435\\u043d\\u044b, \\u043c\\u0430\\u0441\\u0441\\u0430\\u0436\\u0438\\u0441\\u0442\\u044b, \\u0438 \\u0434\\u0430\\u0436\\u0435 \\u0434\\u0435\\u0433\\u0443\\u0441\\u0442\\u0430\\u0442\\u043e\\u0440\\u044b. \\u0412 \\u0431\\u0443\\u0434\\u0443\\u0449\\u0435\\u043c \\u0442\\u0430\\u043a\\u0438\\u0435 \\u043b\\u044e\\u0434\\u0438 \\u043d\\u0435 \\u0442\\u043e\\u043b\\u044c\\u043a\\u043e \\u043c\\u043e\\u0433\\u0443\\u0442 \\u0441\\u0442\\u0430\\u0442\\u044c \\u043c\\u0430\\u0441\\u0442\\u0435\\u0440\\u0430\\u043c\\u0438 \\u0440\\u0443\\u0447\\u043d\\u043e\\u0433\\u043e \\u0442\\u0440\\u0443\\u0434\\u0430 (\\u0432 \\u0442\\u043e\\u043c \\u0447\\u0438\\u0441\\u043b\\u0435 \\u044d\\u043b\\u0438\\u0442\\u043d\\u043e\\u0433\\u043e), \\u043d\\u043e \\u0438 \\u043f\\u0440\\u0435\\u043a\\u0440\\u0430\\u0441\\u043d\\u043e \\u043b\\u0430\\u0434\\u0438\\u0442\\u044c \\u0441 \\u043b\\u044e\\u0434\\u044c\\u043c\\u0438. \\r\\n</p>\\r\\n<p>\\r\\n\\u0414\\u0438\\u0437\\u0430\\u0439\\u043d, \\u043a\\u0443\\u043b\\u0438\\u043d\\u0430\\u0440\\u0438\\u044f \\u2014 \\u044d\\u0442\\u043e \\u0438\\u0445 \\u0441\\u0442\\u0435\\u0437\\u044f. \\u041a\\u0441\\u0442\\u0430\\u0442\\u0438, \\u043e\\u043d\\u0438 \\u0434\\u043e\\u0432\\u043e\\u043b\\u044c\\u043d\\u043e \\u0447\\u0430\\u0441\\u0442\\u043e \\u0441\\u0442\\u0430\\u043d\\u043e\\u0432\\u044f\\u0442\\u0441\\u044f \\u0442\\u0440\\u0435\\u0431\\u043e\\u0432\\u0430\\u0442\\u0435\\u043b\\u044c\\u043d\\u044b\\u043c\\u0438, \\u043d\\u043e \\u0441\\u043f\\u0440\\u0430\\u0432\\u0435\\u0434\\u043b\\u0438\\u0432\\u044b\\u043c\\u0438 \\u0440\\u0443\\u043a\\u043e\\u0432\\u043e\\u0434\\u0438\\u0442\\u0435\\u043b\\u044f\\u043c\\u0438.\\r\\n</p>\", \"descr2\": \"\\u0414\\u043b\\u044f \\u043a\\u0438\\u043d\\u0435\\u0441\\u0442\\u0435\\u0442\\u0438\\u043a\\u043e\\u0432 \\u0445\\u0430\\u0440\\u0430\\u043a\\u0442\\u0435\\u0440\\u043d\\u043e \\u0433\\u043b\\u0443\\u0431\\u043e\\u043a\\u043e\\u0435 \\u043d\\u0438\\u0437\\u043a\\u043e\\u0435 \\u0434\\u044b\\u0445\\u0430\\u043d\\u0438\\u0435 \\u0432\\u043d\\u0438\\u0437\\u0443 \\u0436\\u0438\\u0432\\u043e\\u0442\\u0430, \\u0447\\u0430\\u0441\\u0442\\u043e \\u0441\\u043e\\u043f\\u0440\\u043e\\u0432\\u043e\\u0436\\u0434\\u0430\\u044e\\u0449\\u0435\\u0435\\u0441\\u044f \\u043c\\u0443\\u0441\\u043a\\u0443\\u043b\\u044c\\u043d\\u044b\\u043c \\u0440\\u0430\\u0441\\u0441\\u043b\\u0430\\u0431\\u043b\\u0435\\u043d\\u0438\\u0435\\u043c. \\u0421 \\u043d\\u0438\\u0437\\u043a\\u0438\\u043c \\u043f\\u043e\\u043b\\u043e\\u0436\\u0435\\u043d\\u0438\\u0435\\u043c \\u0433\\u043e\\u043b\\u043e\\u0432\\u044b \\u0441\\u0432\\u044f\\u0437\\u0430\\u043d \\u0433\\u043e\\u043b\\u043e\\u0441 \\u043d\\u0438\\u0437\\u043a\\u043e\\u0439 \\u0442\\u043e\\u043d\\u0430\\u043b\\u044c\\u043d\\u043e\\u0441\\u0442\\u0438, \\u0431\\u043e\\u0433\\u0430\\u0442\\u044b\\u0439 \\u043e\\u0431\\u0435\\u0440\\u0442\\u043e\\u043d\\u0430\\u043c\\u0438. \\u041f\\u0440\\u0435\\u0434\\u043f\\u043e\\u0447\\u0438\\u0442\\u0430\\u0435\\u0442 \\u0433\\u043e\\u0432\\u043e\\u0440\\u0438\\u0442\\u044c \\u043c\\u0435\\u0434\\u043b\\u0435\\u043d\\u043d\\u043e, \\u0441 \\u0434\\u043b\\u0438\\u043d\\u043d\\u044b\\u043c\\u0438 \\u043f\\u0430\\u0443\\u0437\\u0430\\u043c\\u0438. \\u0416\\u0435\\u0441\\u0442\\u044b \\u0442\\u0430\\u043a\\u0436\\u0435 \\u00ab\\u043d\\u0438\\u0437\\u043a\\u043e\\u0440\\u0430\\u0441\\u043f\\u043e\\u043b\\u043e\\u0436\\u0435\\u043d\\u043d\\u044b\\u0435\\u00bb, \\u0442.\\u0435. \\u0436\\u0435\\u0441\\u0442\\u0438\\u043a\\u0443\\u043b\\u044f\\u0446\\u0438\\u044f \\u043f\\u0440\\u0435\\u0438\\u043c\\u0443\\u0449\\u0435\\u0441\\u0442\\u0432\\u0435\\u043d\\u043d\\u043e \\u043f\\u0440\\u043e\\u0438\\u0441\\u0445\\u043e\\u0434\\u0438\\u0442 \\u043d\\u0438\\u0436\\u0435 \\u0443\\u0440\\u043e\\u0432\\u043d\\u044f \\u0442\\u0430\\u043b\\u0438\\u0438. \\u0414\\u0432\\u0438\\u0436\\u0435\\u043d\\u0438\\u044f \\u043a\\u0440\\u0443\\u043f\\u043d\\u044b\\u0435, \\u0440\\u0430\\u0437\\u043c\\u0430\\u0448\\u0438\\u0441\\u0442\\u044b\\u0435, \\u0441\\u0432\\u043e\\u0431\\u043e\\u0434\\u043d\\u044b\\u0435, \\u0442\\u0435\\u043b\\u043e \\u0440\\u0430\\u0441\\u0441\\u043b\\u0430\\u0431\\u043b\\u0435\\u043d\\u043e. \\u0421\\u0442\\u0430\\u0440\\u0430\\u0435\\u0442\\u0441\\u044f \\u043f\\u043e\\u0434\\u043e\\u0439\\u0442\\u0438 \\u0431\\u043b\\u0438\\u0436\\u0435 \\u043a \\u0441\\u043e\\u0431\\u0435\\u0441\\u0435\\u0434\\u043d\\u0438\\u043a\\u0443, \\u043f\\u0440\\u0438\\u043a\\u043e\\u0441\\u043d\\u0443\\u0442\\u044c\\u0441\\u044f \\u043a \\u043d\\u0435\\u043c\\u0443. \\u0427\\u0430\\u0441\\u0442\\u043e \\u0443\\u043f\\u043e\\u0442\\u0440\\u0435\\u0431\\u043b\\u044f\\u0435\\u0442 \\u0441\\u043b\\u043e\\u0432\\u0430 \\u0442\\u0438\\u043f\\u0430 \\u044f \\u043f\\u043e\\u0447\\u0443\\u0432\\u0441\\u0442\\u0432\\u043e\\u0432\\u0430\\u043b, \\u043e\\u0449\\u0443\\u0442\\u0438\\u043b, \\u0440\\u0443\\u043a\\u0438 \\u0447\\u0435\\u0448\\u0443\\u0442\\u0441\\u044f \\u0438 \\u0442.\\u0434.\"}"}}, {"model": "questionnaire_responses.response", "pk": 9, "fields": {"user": 1, "created": "2018-04-23T21:45:11.269Z", "questionnaire": 2, "is_finished": true, "result": "{}"}}, {"model": "questionnaire_responses.response", "pk": 10, "fields": {"user": 1, "created": "2018-04-23T21:46:29.634Z", "questionnaire": 2, "is_finished": true, "result": "{}"}}, {"model": "questionnaire_responses.response", "pk": 11, "fields": {"user": 1, "created": "2018-04-23T21:46:55.502Z", "questionnaire": 2, "is_finished": true, "result": "{}"}}, {"model": "questionnaire_responses.response", "pk": 12, "fields": {"user": 1, "created": "2018-04-23T21:49:29.334Z", "questionnaire": 2, "is_finished": true, "result": "{}"}}, {"model": "questionnaire_responses.response", "pk": 13, "fields": {"user": 1, "created": "2018-04-23T21:51:08.075Z", "questionnaire": 2, "is_finished": true, "result": "{\"category\": \"\\u041a\\u0438\\u043d\\u0435\\u0441\\u0442\\u0435\\u0442\\u0438\\u0447\\u0435\\u0441\\u043a\\u0438\\u0439 \\u0442\\u0438\\u043f\", \"main_description\": \"<div><p>\\r\\n\\u041a\\u0438\\u043d\\u0435\\u0441\\u0442\\u0435\\u0442\\u0438\\u0447\\u0435\\u0441\\u043a\\u0430\\u044f \\u0440\\u0435\\u043f\\u0440\\u0435\\u0437\\u0435\\u043d\\u0442\\u0430\\u0442\\u0438\\u0432\\u043d\\u0430\\u044f \\u0441\\u0438\\u0441\\u0442\\u0435\\u043c\\u0430 \\u043e\\u0441\\u043d\\u043e\\u0432\\u044b\\u0432\\u0430\\u0435\\u0442\\u0441\\u044f \\u043d\\u0430 \\u043e\\u0431\\u043e\\u043d\\u044f\\u0442\\u0435\\u043b\\u044c\\u043d\\u043e-\\u043e\\u0441\\u044f\\u0437\\u0430\\u0442\\u0435\\u043b\\u044c\\u043d\\u043e\\u043c \\u043a\\u0430\\u043d\\u0430\\u043b\\u0435 \\u0438\\u043d\\u0444\\u043e\\u0440\\u043c\\u0430\\u0446\\u0438\\u0438. \\u0422\\u0430\\u043a\\u0438\\u0435 \\u043b\\u044e\\u0434\\u0438 (\\u043a\\u0438\\u043d\\u0435\\u0441\\u0442\\u0435\\u0442\\u0438\\u043a\\u0438) \\u043e\\u0447\\u0435\\u043d\\u044c \\u043b\\u044e\\u0431\\u044f\\u0442 \\u0442\\u0430\\u043a\\u0442\\u0438\\u043b\\u044c\\u043d\\u044b\\u0439 \\u043a\\u043e\\u043d\\u0442\\u0430\\u043a\\u0442. \\u041b\\u044e\\u0431\\u044b\\u0435 \\u043f\\u0435\\u0440\\u0435\\u0436\\u0438\\u0432\\u0430\\u043d\\u0438\\u044f, \\u044d\\u043c\\u043e\\u0446\\u0438\\u0438 \\u0438 \\u043e\\u0449\\u0443\\u0449\\u0435\\u043d\\u0438\\u044f \\u043b\\u0443\\u0447\\u0448\\u0435 \\u0432\\u0441\\u0435\\u0433\\u043e \\u0432\\u043e\\u0441\\u043f\\u0440\\u0438\\u043d\\u0438\\u043c\\u0430\\u044e\\u0442\\u0441\\u044f \\u0438\\u043c\\u0438 \\u0432 \\u0442\\u043e\\u043c \\u0441\\u043b\\u0443\\u0447\\u0430\\u0435, \\u0435\\u0441\\u043b\\u0438 \\u0443 \\u043d\\u0438\\u0445 \\u0435\\u0441\\u0442\\u044c \\u0432\\u043e\\u0437\\u043c\\u043e\\u0436\\u043d\\u043e\\u0441\\u0442\\u044c \\u043f\\u0440\\u0438\\u043a\\u043e\\u0441\\u043d\\u0443\\u0442\\u044c\\u0441\\u044f \\u043a \\u0447\\u0435\\u043c\\u0443-\\u0442\\u043e, \\u043e\\u0449\\u0443\\u0442\\u0438\\u0442\\u044c \\u044d\\u0442\\u043e \\u0444\\u0438\\u0437\\u0438\\u0447\\u0435\\u0441\\u043a\\u0438.\\r\\n</p>\\r\\n</div>\", \"descr1\": \"<p>\\r\\n\\u0412 \\u0436\\u0438\\u0437\\u043d\\u0438 \\u043a\\u0438\\u043d\\u0435\\u0441\\u0442\\u0435\\u0442\\u0438\\u043a\\u0438 \\u2013 <i>\\u043b\\u044e\\u0434\\u0438 \\u0434\\u0435\\u0439\\u0441\\u0442\\u0432\\u0438\\u044f</i>! \\u0412\\u043c\\u0435\\u0441\\u0442\\u043e \\u0442\\u043e\\u0433\\u043e, \\u0447\\u0442\\u043e\\u0431\\u044b \\u0434\\u043e\\u043b\\u0433\\u043e \\u043e\\u0431\\u0441\\u0443\\u0436\\u0434\\u0430\\u0442\\u044c \\u0447\\u0442\\u043e-\\u0442\\u043e \\u0432 \\u0442\\u0435\\u043e\\u0440\\u0438\\u0438, \\u043e\\u043d\\u0438 \\u0441\\u0442\\u0440\\u0435\\u043c\\u044f\\u0442\\u0441\\u044f \\u043f\\u043e\\u0441\\u043a\\u043e\\u0440\\u0435\\u0435 \\u0438\\u0441\\u043f\\u044b\\u0442\\u0430\\u0442\\u044c \\u044d\\u0442\\u043e \\u043d\\u0430 \\u0434\\u0435\\u043b\\u0435, \\u043d\\u0430\\u0447\\u0438\\u043d\\u0430\\u044e\\u0442 \\u0434\\u0435\\u0439\\u0441\\u0442\\u0432\\u043e\\u0432\\u0430\\u0442\\u044c \\u043a\\u0430\\u043a \\u0442\\u043e\\u043b\\u044c\\u043a\\u043e \\u0438\\u043c \\u043f\\u0440\\u0435\\u0434\\u043e\\u0441\\u0442\\u0430\\u0432\\u043b\\u044f\\u0435\\u0442\\u0441\\u044f \\u0442\\u0430\\u043a\\u0430\\u044f \\u0432\\u043e\\u0437\\u043c\\u043e\\u0436\\u043d\\u043e\\u0441\\u0442\\u044c. \\u0412 \\u0432\\u044b\\u0431\\u043e\\u0440\\u0435 \\u043f\\u0440\\u043e\\u0444\\u0435\\u0441\\u0441\\u0438\\u0438 \\u043a\\u0438\\u043d\\u0435\\u0441\\u0442\\u0435\\u0442\\u0438\\u043a\\u0438 \\u043e\\u0442\\u0434\\u0430\\u044e\\u0442 \\u043f\\u0440\\u0435\\u0434\\u043f\\u043e\\u0447\\u0442\\u0435\\u043d\\u0438\\u0435 \\u0442\\u0430\\u043a\\u0438\\u043c \\u0437\\u0430\\u043d\\u044f\\u0442\\u0438\\u044f\\u043c, \\u043a\\u043e\\u0442\\u043e\\u0440\\u044b\\u0435 \\u043f\\u043e\\u0437\\u0432\\u043e\\u043b\\u044f\\u0442 \\u0438\\u043c \\u043e\\u0449\\u0443\\u0449\\u0430\\u0442\\u044c \\u0441\\u043e\\u0431\\u0441\\u0442\\u0432\\u0435\\u043d\\u043d\\u043e\\u0435 \\u0442\\u0435\\u043b\\u043e. </p>\\r\\n<p>\\r\\n\\u0418\\u0437 \\u043a\\u0438\\u043d\\u0435\\u0441\\u0442\\u0435\\u0442\\u0438\\u043a\\u043e\\u0432 \\u043f\\u043e\\u043b\\u0443\\u0447\\u0430\\u044e\\u0442\\u0441\\u044f \\u043e\\u0447\\u0435\\u043d\\u044c \\u0445\\u043e\\u0440\\u043e\\u0448\\u0438\\u0435 \\u0442\\u0430\\u043d\\u0446\\u043e\\u0440\\u044b \\u0438\\u043b\\u0438 \\u0441\\u043f\\u043e\\u0440\\u0442\\u0441\\u043c\\u0435\\u043d\\u044b, \\u043c\\u0430\\u0441\\u0441\\u0430\\u0436\\u0438\\u0441\\u0442\\u044b, \\u0438 \\u0434\\u0430\\u0436\\u0435 \\u0434\\u0435\\u0433\\u0443\\u0441\\u0442\\u0430\\u0442\\u043e\\u0440\\u044b. \\u0412 \\u0431\\u0443\\u0434\\u0443\\u0449\\u0435\\u043c \\u0442\\u0430\\u043a\\u0438\\u0435 \\u043b\\u044e\\u0434\\u0438 \\u043d\\u0435 \\u0442\\u043e\\u043b\\u044c\\u043a\\u043e \\u043c\\u043e\\u0433\\u0443\\u0442 \\u0441\\u0442\\u0430\\u0442\\u044c \\u043c\\u0430\\u0441\\u0442\\u0435\\u0440\\u0430\\u043c\\u0438 \\u0440\\u0443\\u0447\\u043d\\u043e\\u0433\\u043e \\u0442\\u0440\\u0443\\u0434\\u0430 (\\u0432 \\u0442\\u043e\\u043c \\u0447\\u0438\\u0441\\u043b\\u0435 \\u044d\\u043b\\u0438\\u0442\\u043d\\u043e\\u0433\\u043e), \\u043d\\u043e \\u0438 \\u043f\\u0440\\u0435\\u043a\\u0440\\u0430\\u0441\\u043d\\u043e \\u043b\\u0430\\u0434\\u0438\\u0442\\u044c \\u0441 \\u043b\\u044e\\u0434\\u044c\\u043c\\u0438. \\r\\n</p>\\r\\n<p>\\r\\n\\u0414\\u0438\\u0437\\u0430\\u0439\\u043d, \\u043a\\u0443\\u043b\\u0438\\u043d\\u0430\\u0440\\u0438\\u044f \\u2014 \\u044d\\u0442\\u043e \\u0438\\u0445 \\u0441\\u0442\\u0435\\u0437\\u044f. \\u041a\\u0441\\u0442\\u0430\\u0442\\u0438, \\u043e\\u043d\\u0438 \\u0434\\u043e\\u0432\\u043e\\u043b\\u044c\\u043d\\u043e \\u0447\\u0430\\u0441\\u0442\\u043e \\u0441\\u0442\\u0430\\u043d\\u043e\\u0432\\u044f\\u0442\\u0441\\u044f \\u0442\\u0440\\u0435\\u0431\\u043e\\u0432\\u0430\\u0442\\u0435\\u043b\\u044c\\u043d\\u044b\\u043c\\u0438, \\u043d\\u043e \\u0441\\u043f\\u0440\\u0430\\u0432\\u0435\\u0434\\u043b\\u0438\\u0432\\u044b\\u043c\\u0438 \\u0440\\u0443\\u043a\\u043e\\u0432\\u043e\\u0434\\u0438\\u0442\\u0435\\u043b\\u044f\\u043c\\u0438.\\r\\n</p>\", \"descr2\": \"\\u0414\\u043b\\u044f \\u043a\\u0438\\u043d\\u0435\\u0441\\u0442\\u0435\\u0442\\u0438\\u043a\\u043e\\u0432 \\u0445\\u0430\\u0440\\u0430\\u043a\\u0442\\u0435\\u0440\\u043d\\u043e \\u0433\\u043b\\u0443\\u0431\\u043e\\u043a\\u043e\\u0435 \\u043d\\u0438\\u0437\\u043a\\u043e\\u0435 \\u0434\\u044b\\u0445\\u0430\\u043d\\u0438\\u0435 \\u0432\\u043d\\u0438\\u0437\\u0443 \\u0436\\u0438\\u0432\\u043e\\u0442\\u0430, \\u0447\\u0430\\u0441\\u0442\\u043e \\u0441\\u043e\\u043f\\u0440\\u043e\\u0432\\u043e\\u0436\\u0434\\u0430\\u044e\\u0449\\u0435\\u0435\\u0441\\u044f \\u043c\\u0443\\u0441\\u043a\\u0443\\u043b\\u044c\\u043d\\u044b\\u043c \\u0440\\u0430\\u0441\\u0441\\u043b\\u0430\\u0431\\u043b\\u0435\\u043d\\u0438\\u0435\\u043c. \\u0421 \\u043d\\u0438\\u0437\\u043a\\u0438\\u043c \\u043f\\u043e\\u043b\\u043e\\u0436\\u0435\\u043d\\u0438\\u0435\\u043c \\u0433\\u043e\\u043b\\u043e\\u0432\\u044b \\u0441\\u0432\\u044f\\u0437\\u0430\\u043d \\u0433\\u043e\\u043b\\u043e\\u0441 \\u043d\\u0438\\u0437\\u043a\\u043e\\u0439 \\u0442\\u043e\\u043d\\u0430\\u043b\\u044c\\u043d\\u043e\\u0441\\u0442\\u0438, \\u0431\\u043e\\u0433\\u0430\\u0442\\u044b\\u0439 \\u043e\\u0431\\u0435\\u0440\\u0442\\u043e\\u043d\\u0430\\u043c\\u0438. \\u041f\\u0440\\u0435\\u0434\\u043f\\u043e\\u0447\\u0438\\u0442\\u0430\\u0435\\u0442 \\u0433\\u043e\\u0432\\u043e\\u0440\\u0438\\u0442\\u044c \\u043c\\u0435\\u0434\\u043b\\u0435\\u043d\\u043d\\u043e, \\u0441 \\u0434\\u043b\\u0438\\u043d\\u043d\\u044b\\u043c\\u0438 \\u043f\\u0430\\u0443\\u0437\\u0430\\u043c\\u0438. \\u0416\\u0435\\u0441\\u0442\\u044b \\u0442\\u0430\\u043a\\u0436\\u0435 \\u00ab\\u043d\\u0438\\u0437\\u043a\\u043e\\u0440\\u0430\\u0441\\u043f\\u043e\\u043b\\u043e\\u0436\\u0435\\u043d\\u043d\\u044b\\u0435\\u00bb, \\u0442.\\u0435. \\u0436\\u0435\\u0441\\u0442\\u0438\\u043a\\u0443\\u043b\\u044f\\u0446\\u0438\\u044f \\u043f\\u0440\\u0435\\u0438\\u043c\\u0443\\u0449\\u0435\\u0441\\u0442\\u0432\\u0435\\u043d\\u043d\\u043e \\u043f\\u0440\\u043e\\u0438\\u0441\\u0445\\u043e\\u0434\\u0438\\u0442 \\u043d\\u0438\\u0436\\u0435 \\u0443\\u0440\\u043e\\u0432\\u043d\\u044f \\u0442\\u0430\\u043b\\u0438\\u0438. \\u0414\\u0432\\u0438\\u0436\\u0435\\u043d\\u0438\\u044f \\u043a\\u0440\\u0443\\u043f\\u043d\\u044b\\u0435, \\u0440\\u0430\\u0437\\u043c\\u0430\\u0448\\u0438\\u0441\\u0442\\u044b\\u0435, \\u0441\\u0432\\u043e\\u0431\\u043e\\u0434\\u043d\\u044b\\u0435, \\u0442\\u0435\\u043b\\u043e \\u0440\\u0430\\u0441\\u0441\\u043b\\u0430\\u0431\\u043b\\u0435\\u043d\\u043e. \\u0421\\u0442\\u0430\\u0440\\u0430\\u0435\\u0442\\u0441\\u044f \\u043f\\u043e\\u0434\\u043e\\u0439\\u0442\\u0438 \\u0431\\u043b\\u0438\\u0436\\u0435 \\u043a \\u0441\\u043e\\u0431\\u0435\\u0441\\u0435\\u0434\\u043d\\u0438\\u043a\\u0443, \\u043f\\u0440\\u0438\\u043a\\u043e\\u0441\\u043d\\u0443\\u0442\\u044c\\u0441\\u044f \\u043a \\u043d\\u0435\\u043c\\u0443. \\u0427\\u0430\\u0441\\u0442\\u043e \\u0443\\u043f\\u043e\\u0442\\u0440\\u0435\\u0431\\u043b\\u044f\\u0435\\u0442 \\u0441\\u043b\\u043e\\u0432\\u0430 \\u0442\\u0438\\u043f\\u0430 \\u044f \\u043f\\u043e\\u0447\\u0443\\u0432\\u0441\\u0442\\u0432\\u043e\\u0432\\u0430\\u043b, \\u043e\\u0449\\u0443\\u0442\\u0438\\u043b, \\u0440\\u0443\\u043a\\u0438 \\u0447\\u0435\\u0448\\u0443\\u0442\\u0441\\u044f \\u0438 \\u0442.\\u0434.\"}"}}, {"model": "questionnaire_responses.response", "pk": 14, "fields": {"user": 1, "created": "2018-04-24T05:29:58.737Z", "questionnaire": 2, "is_finished": true, "result": "{\"category\": \"\\u0410\\u0443\\u0434\\u0438\\u0430\\u043b\\u044c\\u043d\\u044b\\u0439 \\u0442\\u0438\\u043f\", \"main_description\": \"<div>\\r\\n<p>\\r\\n\\u0410\\u0443\\u0434\\u0438\\u0430\\u043b\\u044c\\u043d\\u0430\\u044f \\u0440\\u0435\\u043f\\u0440\\u0435\\u0437\\u0435\\u043d\\u0442\\u0430\\u0442\\u0438\\u0432\\u043d\\u0430\\u044f \\u0441\\u0438\\u0441\\u0442\\u0435\\u043c\\u0430 \\u043e\\u0441\\u043d\\u043e\\u0432\\u044b\\u0432\\u0430\\u0435\\u0442\\u0441\\u044f \\u043d\\u0430 \\u0432\\u043e\\u0441\\u043f\\u0440\\u0438\\u044f\\u0442\\u0438\\u0438 \\u0437\\u0432\\u0443\\u043a\\u043e\\u0432. \\u041b\\u044e\\u0434\\u0438 \\u0441 \\u043f\\u0440\\u0435\\u0434\\u0441\\u0442\\u0430\\u0432\\u043b\\u0435\\u043d\\u043d\\u043e\\u0439 \\u0441\\u0438\\u0441\\u0442\\u0435\\u043c\\u043e\\u0439 (\\u0430\\u0443\\u0434\\u0438\\u0430\\u043b\\u044b) \\u0432\\u043e\\u0441\\u043f\\u0440\\u0438\\u043d\\u0438\\u043c\\u0430\\u044e\\u0442 \\u0438\\u043d\\u0444\\u043e\\u0440\\u043c\\u0430\\u0446\\u0438\\u044e \\u0447\\u0435\\u0440\\u0435\\u0437 \\u043f\\u0440\\u043e\\u0446\\u0435\\u0441\\u0441 \\u0441\\u043b\\u0443\\u0448\\u0430\\u043d\\u0438\\u044f. \\u0412\\u0441\\u044f \\u0438\\u043d\\u0444\\u043e\\u0440\\u043c\\u0430\\u0446\\u0438\\u044f \\u0432\\u043e\\u0441\\u043f\\u0440\\u0438\\u043d\\u0438\\u043c\\u0430\\u0435\\u0442\\u0441\\u044f \\u0438 \\u0437\\u0430\\u043f\\u043e\\u043c\\u0438\\u043d\\u0430\\u0435\\u0442\\u0441\\u044f \\u0438\\u043c\\u0438, \\u043f\\u0440\\u0435\\u0438\\u043c\\u0443\\u0449\\u0435\\u0441\\u0442\\u0432\\u0435\\u043d\\u043d\\u043e, \\u0432 \\u0444\\u043e\\u0440\\u043c\\u0435 \\u0437\\u0432\\u0443\\u043a\\u043e\\u0432\\u044b\\u0445 \\u0432\\u043f\\u0435\\u0447\\u0430\\u0442\\u043b\\u0435\\u043d\\u0438\\u0439.\\r\\n</p>\\r\\n</div>\", \"descr1\": \"<p>\\r\\n<b>\\u0410\\u0443\\u0434\\u0438\\u0430\\u043b\\u0430\\u043c \\u0441\\u0442\\u043e\\u0438\\u0442 \\u043f\\u043e\\u0434\\u044b\\u0441\\u043a\\u0438\\u0432\\u0430\\u0442\\u044c \\u0441\\u043b\\u0435\\u0434\\u0443\\u044e\\u0449\\u0438\\u0435 \\u043f\\u0440\\u043e\\u0444\\u0435\\u0441\\u0441\\u0438\\u0438, \\u043a\\u043e\\u0442\\u043e\\u0440\\u044b\\u0435 \\u0441\\u043e\\u0432\\u0435\\u0442\\u0443\\u044e\\u0442 \\u0438\\u043c \\u0441\\u043f\\u0435\\u0446\\u0438\\u0430\\u043b\\u0438\\u0441\\u0442\\u044b:</b> </p>\\r\\n<p>\\r\\n<i>\\u041c\\u0443\\u0437\\u044b\\u043a\\u0430\\u043d\\u0442.</i> \\u0427\\u0435\\u043b\\u043e\\u0432\\u0435\\u043a, \\u043a\\u043e\\u0442\\u043e\\u0440\\u044b\\u0439 \\u043f\\u043e\\u043b\\u0443\\u0447\\u0430\\u0435\\u0442 \\u0438\\u043d\\u0444\\u043e\\u0440\\u043c\\u0430\\u0446\\u0438\\u044e \\u043f\\u043e\\u0441\\u0440\\u0435\\u0434\\u0441\\u0442\\u0432\\u043e\\u043c \\u0437\\u0432\\u0443\\u043a\\u043e\\u0432, \\u043e\\u0442\\u043b\\u0438\\u0447\\u043d\\u043e \\u043c\\u043e\\u0436\\u0435\\u0442 \\u043f\\u0435\\u0440\\u0435\\u0434\\u0430\\u0442\\u044c \\u0441\\u0443\\u0442\\u044c \\u043b\\u044e\\u0431\\u043e\\u0439 \\u043c\\u0435\\u043b\\u043e\\u0434\\u0438\\u0438. \\u041e\\u0434\\u043d\\u0430\\u043a\\u043e \\u043b\\u0443\\u0447\\u0448\\u0435 \\u0432\\u0441\\u0435\\u0433\\u043e \\u0430\\u0443\\u0434\\u0438\\u0430\\u043b\\u044b \\u0432\\u043e\\u0441\\u043f\\u0440\\u0438\\u043d\\u0438\\u043c\\u0430\\u044e\\u0442 \\u043a\\u043b\\u0430\\u0441\\u0441\\u0438\\u0447\\u0435\\u0441\\u043a\\u0443\\u044e \\u043c\\u0443\\u0437\\u044b\\u043a\\u0443, \\u0438\\u0437\\u0431\\u0435\\u0433\\u0430\\u044f \\u0438\\u0441\\u043f\\u043e\\u043b\\u043d\\u0435\\u043d\\u0438\\u044f \\u0438\\u0437\\u043b\\u0438\\u0448\\u043d\\u0435 \\u0448\\u0443\\u043c\\u043d\\u044b\\u0445 \\u043f\\u0440\\u043e\\u0438\\u0437\\u0432\\u0435\\u0434\\u0435\\u043d\\u0438\\u0439. \\u0414\\u043e\\u0432\\u043e\\u043b\\u044c\\u043d\\u043e \\u0447\\u0430\\u0441\\u0442\\u043e \\u043e\\u043d\\u0438 \\u0441\\u0430\\u043c\\u0438 \\u044f\\u0432\\u043b\\u044f\\u044e\\u0442\\u0441\\u044f \\u043a\\u043e\\u043c\\u043f\\u043e\\u0437\\u0438\\u0442\\u043e\\u0440\\u0430\\u043c\\u0438, \\u043f\\u043e\\u0442\\u043e\\u043c\\u0443 \\u0447\\u0442\\u043e \\u043e\\u0431\\u043b\\u0430\\u0434\\u0430\\u044e\\u0442 \\u0443\\u043d\\u0438\\u043a\\u0430\\u043b\\u044c\\u043d\\u044b\\u043c \\u0441\\u043b\\u0443\\u0445\\u043e\\u043c.\\r\\n</p>\\r\\n<p>\\r\\n<i>\\u0410\\u0440\\u0430\\u043d\\u0436\\u0438\\u0440\\u043e\\u0432\\u0449\\u0438\\u043a.  </i> \\u041c\\u043d\\u043e\\u0433\\u0438\\u0435 \\u043b\\u044e\\u0434\\u0438 \\u0432 \\u0431\\u043e\\u043b\\u044c\\u0448\\u0438\\u043d\\u0441\\u0442\\u0432\\u0435 \\u0441\\u043b\\u0443\\u0447\\u0430\\u0435\\u0432 \\u043d\\u0435 \\u043c\\u043e\\u0433\\u0443\\u0442 \\u043e\\u0431\\u043e\\u0439\\u0442\\u0438\\u0441\\u044c \\u0431\\u0435\\u0437 \\u043f\\u043e\\u043c\\u043e\\u0449\\u0438 \\u043f\\u043e\\u0434\\u043e\\u0431\\u043d\\u044b\\u0445 \\u043f\\u0440\\u043e\\u0444\\u0435\\u0441\\u0441\\u0438\\u043e\\u043d\\u0430\\u043b\\u043e\\u0432. \\u041f\\u0440\\u0438 \\u0437\\u0430\\u0434\\u0435\\u0439\\u0441\\u0442\\u0432\\u043e\\u0432\\u0430\\u043d\\u0438\\u0438 \\u043a\\u043e\\u043c\\u043f\\u044c\\u044e\\u0442\\u0435\\u0440\\u043d\\u044b\\u0445 \\u0442\\u0435\\u0445\\u043d\\u043e\\u043b\\u043e\\u0433\\u0438\\u0439 \\u0430\\u0440\\u0430\\u043d\\u0436\\u0438\\u0440\\u043e\\u0432\\u0449\\u0438\\u043a \\u043e\\u0441\\u043d\\u043e\\u0432\\u0443 \\u043c\\u0443\\u0437\\u044b\\u043a\\u0430\\u043b\\u044c\\u043d\\u043e\\u0439 \\u043a\\u043e\\u043c\\u043f\\u043e\\u0437\\u0438\\u0446\\u0438\\u0438 \\u043f\\u043e\\u0434\\u0433\\u043e\\u043d\\u044f\\u0435\\u0442 \\u043f\\u043e\\u0434 \\u043e\\u043f\\u0440\\u0435\\u0434\\u0435\\u043b\\u0435\\u043d\\u043d\\u0443\\u044e \\u0444\\u0430\\u043a\\u0442\\u0443\\u0440\\u0443. \\u041e\\u0431\\u044b\\u0447\\u043d\\u043e \\u0441\\u0442\\u043e\\u043f\\u0440\\u043e\\u0446\\u0435\\u043d\\u0442\\u043d\\u044b\\u0435 \\u0430\\u0443\\u0434\\u0438\\u0430\\u043b\\u044b \\u0441\\u0442\\u0430\\u0440\\u0430\\u044e\\u0442\\u0441\\u044f \\u043d\\u0430\\u043b\\u043e\\u0436\\u0438\\u0442\\u044c \\u043d\\u0430 \\u043e\\u0431\\u0449\\u0438\\u0439 \\u0444\\u043e\\u043d \\u043f\\u0440\\u043e\\u0438\\u0437\\u0432\\u0435\\u0434\\u0435\\u043d\\u0438\\u044f \\u0437\\u0432\\u0443\\u0447\\u0430\\u043d\\u0438\\u0435 \\u044d\\u0442\\u043d\\u0438\\u0447\\u0435\\u0441\\u043a\\u0438\\u0445 \\u0438\\u043d\\u0441\\u0442\\u0440\\u0443\\u043c\\u0435\\u043d\\u0442\\u043e\\u0432.\\r\\n</p>\\r\\n<p>\\r\\n<i>\\u0417\\u0432\\u0443\\u043a\\u043e\\u0440\\u0435\\u0436\\u0438\\u0441\\u0441\\u0435\\u0440.  </i> \\u041f\\u0438\\u0441\\u0430\\u0442\\u0435\\u043b\\u044c \\u0441\\u043e\\u0437\\u0434\\u0430\\u0435\\u0442 \\u0445\\u0443\\u0434\\u043e\\u0436\\u0435\\u0441\\u0442\\u0432\\u0435\\u043d\\u043d\\u044b\\u0435 \\u043e\\u0431\\u0440\\u0430\\u0437\\u044b, \\u0430 \\u0434\\u0430\\u043d\\u043d\\u0430\\u044f \\u043f\\u0440\\u043e\\u0444\\u0435\\u0441\\u0441\\u0438\\u044f \\u043d\\u0435\\u043e\\u0431\\u0445\\u043e\\u0434\\u0438\\u043c\\u0430 \\u0434\\u043b\\u044f \\u0444\\u043e\\u0440\\u043c\\u0438\\u0440\\u043e\\u0432\\u0430\\u043d\\u0438\\u044f \\u043c\\u0443\\u0437\\u044b\\u043a\\u0430\\u043b\\u044c\\u043d\\u043e\\u0439 \\u043a\\u043e\\u043d\\u0446\\u0435\\u043f\\u0446\\u0438\\u0438. \\u0423 \\u0430\\u0443\\u0434\\u0438\\u0430\\u043b\\u043e\\u0432 \\u043e\\u0442\\u043b\\u0438\\u0447\\u043d\\u043e \\u043f\\u043e\\u043b\\u0443\\u0447\\u0430\\u0435\\u0442\\u0441\\u044f \\u0444\\u0438\\u043a\\u0441\\u0438\\u0440\\u043e\\u0432\\u0430\\u0442\\u044c \\u0438 \\u043e\\u0431\\u0440\\u0430\\u0431\\u0430\\u0442\\u044b\\u0432\\u0430\\u0442\\u044c \\u0437\\u0432\\u0443\\u043a. \\u041d\\u0435\\u0437\\u0430\\u043c\\u0435\\u043d\\u0438\\u043c\\u044b \\u043e\\u043d\\u0438 \\u0442\\u0430\\u043a\\u0436\\u0435 \\u0438 \\u043f\\u0440\\u0438 \\u0441\\u043e\\u0437\\u0434\\u0430\\u043d\\u0438\\u0438 \\u0444\\u043e\\u043d\\u043e\\u0433\\u0440\\u0430\\u043c\\u043c\\u044b.\\r\\n</p>\\r\\n<p>\\r\\n<i>\\u0414\\u0438\\u043a\\u0442\\u043e\\u0440. </i> \\u041f\\u0440\\u0430\\u043a\\u0442\\u0438\\u0447\\u0435\\u0441\\u043a\\u0438 \\u0432\\u0441\\u0435 \\u0430\\u0443\\u0434\\u0438\\u0430\\u043b\\u044b \\u043e\\u0442 \\u043f\\u0440\\u0438\\u0440\\u043e\\u0434\\u044b \\u043e\\u0431\\u043b\\u0430\\u0434\\u0430\\u044e\\u0442 \\u043e\\u0442\\u043b\\u0438\\u0447\\u043d\\u043e \\u043f\\u043e\\u0441\\u0442\\u0430\\u0432\\u043b\\u0435\\u043d\\u043d\\u043e\\u0439 \\u0440\\u0435\\u0447\\u044c\\u044e. \\u041f\\u0440\\u043e \\u0442\\u0430\\u043a\\u0438\\u0445 \\u043b\\u044e\\u0434\\u0435\\u0439 \\u0433\\u043e\\u0432\\u043e\\u0440\\u044f\\u0442, \\u0447\\u0442\\u043e \\u0438\\u0445 \\u0443\\u0447\\u0438\\u0442\\u044c \\u2014 \\u0442\\u043e\\u043b\\u044c\\u043a\\u043e \\u043f\\u043e\\u0440\\u0442\\u0438\\u0442\\u044c. \\u041d\\u0430 \\u0442\\u0435\\u043b\\u0435\\u0432\\u0438\\u0434\\u0435\\u043d\\u0438\\u0438 \\u0446\\u0435\\u043d\\u044f\\u0442 \\u043f\\u043e\\u0434\\u043e\\u0431\\u043d\\u044b\\u0445 \\u043f\\u0440\\u043e\\u0444\\u0435\\u0441\\u0441\\u0438\\u043e\\u043d\\u0430\\u043b\\u043e\\u0432 \\u0432 \\u0432\\u0438\\u0434\\u0435 \\u0434\\u0438\\u043a\\u0442\\u043e\\u0440\\u043e\\u0432-\\u0441\\u0430\\u043c\\u043e\\u0440\\u043e\\u0434\\u043a\\u043e\\u0432.\\r\\n</p>\\r\\n\\r\\n<p>\\r\\n<i>\\u0421\\u0443\\u0444\\u043b\\u0435\\u0440.</i> \\u041a\\u0442\\u043e \\u043a\\u0430\\u043a \\u043d\\u0435 \\u0430\\u0443\\u0434\\u0438\\u0430\\u043b \\u0441\\u043c\\u043e\\u0436\\u0435\\u0442 \\u0434\\u043e\\u043d\\u0435\\u0441\\u0442\\u0438 \\u0434\\u043e \\u0430\\u043a\\u0442\\u0435\\u0440\\u043e\\u0432 \\u0442\\u0435\\u043a\\u0441\\u0442 \\u0438\\u0445 \\u0440\\u043e\\u043b\\u0435\\u0439. \\u041e\\u0431\\u043b\\u0430\\u0434\\u0430\\u044f \\u0444\\u0435\\u043d\\u043e\\u043c\\u0435\\u043d\\u0430\\u043b\\u044c\\u043d\\u043e\\u0439 \\u043f\\u0430\\u043c\\u044f\\u0442\\u044c\\u044e, \\u043e\\u043d\\u0438 \\u0432\\u043e \\u0432\\u0440\\u0435\\u043c\\u044f \\u0432\\u0438\\u0437\\u0438\\u0442\\u043e\\u0432 \\u043d\\u0430 \\u0440\\u0435\\u043f\\u0435\\u0442\\u0438\\u0446\\u0438\\u0438 \\u0431\\u044b\\u0441\\u0442\\u0440\\u043e \\u043a\\u043e\\u043f\\u0438\\u0440\\u0443\\u044e\\u0442 \\u0432 \\u0441\\u0432\\u043e\\u0435\\u043c \\u0441\\u043e\\u0437\\u043d\\u0430\\u043d\\u0438\\u0438 \\u0443\\u0441\\u043b\\u044b\\u0448\\u0430\\u043d\\u043d\\u0443\\u044e \\u0438\\u043d\\u0444\\u043e\\u0440\\u043c\\u0430\\u0446\\u0438\\u044e.\\r\\n</p>\", \"descr2\": \"<p><i>\\u0410\\u0443\\u0434\\u0438\\u0430\\u043b</i> \\u0434\\u044b\\u0448\\u0438\\u0442 \\u0432\\u0441\\u0435\\u0439 \\u0433\\u0440\\u0443\\u0434\\u044c\\u044e. \\u0427\\u0430\\u0441\\u0442\\u043e \\u0432\\u043e\\u0437\\u043d\\u0438\\u043a\\u0430\\u044e\\u0442 \\u043c\\u0435\\u043b\\u043a\\u0438\\u0435 \\u0440\\u0438\\u0442\\u043c\\u0438\\u0447\\u0435\\u0441\\u043a\\u0438\\u0435 \\u0434\\u0432\\u0438\\u0436\\u0435\\u043d\\u0438\\u044f \\u0442\\u0435\\u043b\\u0430, \\u0430 \\u0442\\u043e\\u043d \\u0433\\u043e\\u043b\\u043e\\u0441\\u0430 \\u0447\\u0438\\u0441\\u0442\\u044b\\u0439, \\u0440\\u0435\\u0437\\u043e\\u043d\\u0438\\u0440\\u0443\\u044e\\u0449\\u0438\\u0439 \\u0438 \\u0432\\u0438\\u0431\\u0440\\u0438\\u0440\\u0443\\u044e\\u0449\\u0438\\u0439, \\u043c\\u0435\\u043b\\u043e\\u0434\\u0438\\u0447\\u043d\\u044b\\u0439. \\u0413\\u043e\\u043b\\u043e\\u0432\\u0430 \\u0431\\u0430\\u043b\\u0430\\u043d\\u0441\\u0438\\u0440\\u0443\\u0435\\u0442 \\u043d\\u0430 \\u043f\\u043b\\u0435\\u0447\\u0430\\u0445 \\u0438\\u043b\\u0438 \\u0441\\u043b\\u0435\\u0433\\u043a\\u0430 \\u043d\\u0430\\u043a\\u043b\\u043e\\u043d\\u0435\\u043d\\u0430 \\u043a \\u043e\\u0434\\u043d\\u043e\\u043c\\u0443 \\u0438\\u0437 \\u043d\\u0438\\u0445, \\u043a\\u0430\\u043a \\u0431\\u044b \\u043f\\u0440\\u0438\\u0441\\u043b\\u0443\\u0448\\u0438\\u0432\\u0430\\u044f\\u0441\\u044c \\u043a \\u0447\\u0435\\u043c\\u0443-\\u0442\\u043e. \\u041b\\u044e\\u0434\\u0438, \\u043a\\u043e\\u0442\\u043e\\u0440\\u044b\\u0435 \\u0440\\u0430\\u0437\\u0433\\u043e\\u0432\\u0430\\u0440\\u0438\\u0432\\u0430\\u044e\\u0442 \\u0441\\u0430\\u043c\\u0438 \\u0441 \\u0441\\u043e\\u0431\\u043e\\u0439, \\u0431\\u0443\\u0434\\u0443\\u0442 \\u0447\\u0430\\u0441\\u0442\\u043e \\u0441\\u043a\\u043b\\u043e\\u043d\\u044f\\u0442\\u044c \\u0433\\u043e\\u043b\\u043e\\u0432\\u0443 \\u0432 \\u043e\\u0434\\u043d\\u0443 \\u0441\\u0442\\u043e\\u0440\\u043e\\u043d\\u0443, \\u043f\\u043e\\u0434\\u043f\\u0438\\u0440\\u0430\\u044f \\u0435\\u0451 \\u0440\\u0443\\u043a\\u043e\\u0439 \\u0438\\u043b\\u0438 \\u043a\\u0443\\u043b\\u0430\\u043a\\u043e\\u043c (\\u0442\\u0435\\u043b\\u0435\\u0444\\u043e\\u043d\\u043d\\u0430\\u044f \\u043f\\u043e\\u0437\\u0430). <br/>\\r\\n\\u041d\\u0435\\u043a\\u043e\\u0442\\u043e\\u0440\\u044b\\u0435 \\u043b\\u044e\\u0434\\u0438 \\u043f\\u043e\\u0432\\u0442\\u043e\\u0440\\u044f\\u044e\\u0442 \\u0442\\u043e, \\u0447\\u0442\\u043e \\u043e\\u043d\\u0438 \\u0443\\u0441\\u043b\\u044b\\u0448\\u0430\\u043b\\u0438 \\u0432 \\u0442\\u0430\\u043a\\u0442 \\u0441\\u0432\\u043e\\u0435\\u043c\\u0443 \\u0434\\u044b\\u0445\\u0430\\u043d\\u0438\\u044e. \\u0427\\u0430\\u0441\\u0442\\u043e \\u043d\\u0435 \\u0441\\u043c\\u043e\\u0442\\u0440\\u0438\\u0442 \\u0432 \\u0433\\u043b\\u0430\\u0437\\u0430, \\u0442.\\u043a. \\u0432\\u0441\\u043b\\u0443\\u0448\\u0438\\u0432\\u0430\\u0435\\u0442\\u0441\\u044f \\u0432 \\u0441\\u043b\\u043e\\u0432\\u0430. \\u0416\\u0435\\u0441\\u0442\\u044b \\u0432 \\u043e\\u0441\\u043d\\u043e\\u0432\\u043d\\u043e\\u043c \\u043d\\u0430\\u0445\\u043e\\u0434\\u044f\\u0442\\u0441\\u044f \\u043d\\u0430 \\u0443\\u0440\\u043e\\u0432\\u043d\\u0435 \\u0433\\u0440\\u0443\\u0434\\u0438, \\u0432\\u044b\\u0448\\u0435 \\u0442\\u0430\\u043b\\u0438\\u0438, \\u0434\\u0432\\u0438\\u0436\\u0435\\u043d\\u0438\\u044f \\u0441\\u0440\\u0435\\u0434\\u043d\\u0435\\u0439 \\u0448\\u0438\\u0440\\u043e\\u0442\\u044b. \\u0412 \\u043b\\u0435\\u043a\\u0441\\u0438\\u043a\\u0435 \\u043f\\u0440\\u0438\\u0441\\u0443\\u0442\\u0441\\u0442\\u0432\\u0443\\u044e\\u0442 \\u0442\\u0430\\u043a\\u0438\\u0435 \\u0441\\u043b\\u043e\\u0432\\u0430 \\u043a\\u0430\\u043a, \\u043c\\u043d\\u0435 \\u0441\\u043e\\u0437\\u0432\\u0443\\u0447\\u043d\\u043e \\u044d\\u0442\\u043e, \\u043f\\u0440\\u043e\\u043f\\u0443\\u0441\\u0442\\u0438\\u043b \\u043c\\u0438\\u043c\\u043e \\u0443\\u0448\\u0435\\u0439 \\u0438 \\u0442.\\u043f.</p>\"}"}}, {"model": "questionnaire_responses.response", "pk": 15, "fields": {"user": 1, "created": "2018-04-24T05:39:33.986Z", "questionnaire": 1, "is_finished": true, "result": "{}"}}, {"model": "questionnaire_responses.response", "pk": 16, "fields": {"user": 1, "created": "2018-04-24T05:40:00.744Z", "questionnaire": 1, "is_finished": true, "result": "{}"}}, {"model": "questionnaire_responses.response", "pk": 17, "fields": {"user": 1, "created": "2018-04-24T06:30:33.839Z", "questionnaire": 2, "is_finished": true, "result": "{\"category\": \"\\u041a\\u0438\\u043d\\u0435\\u0441\\u0442\\u0435\\u0442\\u0438\\u0447\\u0435\\u0441\\u043a\\u0438\\u0439 \\u0442\\u0438\\u043f\", \"main_description\": \"<div><p>\\r\\n\\u041a\\u0438\\u043d\\u0435\\u0441\\u0442\\u0435\\u0442\\u0438\\u0447\\u0435\\u0441\\u043a\\u0430\\u044f \\u0440\\u0435\\u043f\\u0440\\u0435\\u0437\\u0435\\u043d\\u0442\\u0430\\u0442\\u0438\\u0432\\u043d\\u0430\\u044f \\u0441\\u0438\\u0441\\u0442\\u0435\\u043c\\u0430 \\u043e\\u0441\\u043d\\u043e\\u0432\\u044b\\u0432\\u0430\\u0435\\u0442\\u0441\\u044f \\u043d\\u0430 \\u043e\\u0431\\u043e\\u043d\\u044f\\u0442\\u0435\\u043b\\u044c\\u043d\\u043e-\\u043e\\u0441\\u044f\\u0437\\u0430\\u0442\\u0435\\u043b\\u044c\\u043d\\u043e\\u043c \\u043a\\u0430\\u043d\\u0430\\u043b\\u0435 \\u0438\\u043d\\u0444\\u043e\\u0440\\u043c\\u0430\\u0446\\u0438\\u0438. \\u0422\\u0430\\u043a\\u0438\\u0435 \\u043b\\u044e\\u0434\\u0438 (\\u043a\\u0438\\u043d\\u0435\\u0441\\u0442\\u0435\\u0442\\u0438\\u043a\\u0438) \\u043e\\u0447\\u0435\\u043d\\u044c \\u043b\\u044e\\u0431\\u044f\\u0442 \\u0442\\u0430\\u043a\\u0442\\u0438\\u043b\\u044c\\u043d\\u044b\\u0439 \\u043a\\u043e\\u043d\\u0442\\u0430\\u043a\\u0442. \\u041b\\u044e\\u0431\\u044b\\u0435 \\u043f\\u0435\\u0440\\u0435\\u0436\\u0438\\u0432\\u0430\\u043d\\u0438\\u044f, \\u044d\\u043c\\u043e\\u0446\\u0438\\u0438 \\u0438 \\u043e\\u0449\\u0443\\u0449\\u0435\\u043d\\u0438\\u044f \\u043b\\u0443\\u0447\\u0448\\u0435 \\u0432\\u0441\\u0435\\u0433\\u043e \\u0432\\u043e\\u0441\\u043f\\u0440\\u0438\\u043d\\u0438\\u043c\\u0430\\u044e\\u0442\\u0441\\u044f \\u0438\\u043c\\u0438 \\u0432 \\u0442\\u043e\\u043c \\u0441\\u043b\\u0443\\u0447\\u0430\\u0435, \\u0435\\u0441\\u043b\\u0438 \\u0443 \\u043d\\u0438\\u0445 \\u0435\\u0441\\u0442\\u044c \\u0432\\u043e\\u0437\\u043c\\u043e\\u0436\\u043d\\u043e\\u0441\\u0442\\u044c \\u043f\\u0440\\u0438\\u043a\\u043e\\u0441\\u043d\\u0443\\u0442\\u044c\\u0441\\u044f \\u043a \\u0447\\u0435\\u043c\\u0443-\\u0442\\u043e, \\u043e\\u0449\\u0443\\u0442\\u0438\\u0442\\u044c \\u044d\\u0442\\u043e \\u0444\\u0438\\u0437\\u0438\\u0447\\u0435\\u0441\\u043a\\u0438.\\r\\n</p>\\r\\n</div>\", \"descr1\": \"<p>\\r\\n\\u0412 \\u0436\\u0438\\u0437\\u043d\\u0438 \\u043a\\u0438\\u043d\\u0435\\u0441\\u0442\\u0435\\u0442\\u0438\\u043a\\u0438 \\u2013 <i>\\u043b\\u044e\\u0434\\u0438 \\u0434\\u0435\\u0439\\u0441\\u0442\\u0432\\u0438\\u044f</i>! \\u0412\\u043c\\u0435\\u0441\\u0442\\u043e \\u0442\\u043e\\u0433\\u043e, \\u0447\\u0442\\u043e\\u0431\\u044b \\u0434\\u043e\\u043b\\u0433\\u043e \\u043e\\u0431\\u0441\\u0443\\u0436\\u0434\\u0430\\u0442\\u044c \\u0447\\u0442\\u043e-\\u0442\\u043e \\u0432 \\u0442\\u0435\\u043e\\u0440\\u0438\\u0438, \\u043e\\u043d\\u0438 \\u0441\\u0442\\u0440\\u0435\\u043c\\u044f\\u0442\\u0441\\u044f \\u043f\\u043e\\u0441\\u043a\\u043e\\u0440\\u0435\\u0435 \\u0438\\u0441\\u043f\\u044b\\u0442\\u0430\\u0442\\u044c \\u044d\\u0442\\u043e \\u043d\\u0430 \\u0434\\u0435\\u043b\\u0435, \\u043d\\u0430\\u0447\\u0438\\u043d\\u0430\\u044e\\u0442 \\u0434\\u0435\\u0439\\u0441\\u0442\\u0432\\u043e\\u0432\\u0430\\u0442\\u044c \\u043a\\u0430\\u043a \\u0442\\u043e\\u043b\\u044c\\u043a\\u043e \\u0438\\u043c \\u043f\\u0440\\u0435\\u0434\\u043e\\u0441\\u0442\\u0430\\u0432\\u043b\\u044f\\u0435\\u0442\\u0441\\u044f \\u0442\\u0430\\u043a\\u0430\\u044f \\u0432\\u043e\\u0437\\u043c\\u043e\\u0436\\u043d\\u043e\\u0441\\u0442\\u044c. \\u0412 \\u0432\\u044b\\u0431\\u043e\\u0440\\u0435 \\u043f\\u0440\\u043e\\u0444\\u0435\\u0441\\u0441\\u0438\\u0438 \\u043a\\u0438\\u043d\\u0435\\u0441\\u0442\\u0435\\u0442\\u0438\\u043a\\u0438 \\u043e\\u0442\\u0434\\u0430\\u044e\\u0442 \\u043f\\u0440\\u0435\\u0434\\u043f\\u043e\\u0447\\u0442\\u0435\\u043d\\u0438\\u0435 \\u0442\\u0430\\u043a\\u0438\\u043c \\u0437\\u0430\\u043d\\u044f\\u0442\\u0438\\u044f\\u043c, \\u043a\\u043e\\u0442\\u043e\\u0440\\u044b\\u0435 \\u043f\\u043e\\u0437\\u0432\\u043e\\u043b\\u044f\\u0442 \\u0438\\u043c \\u043e\\u0449\\u0443\\u0449\\u0430\\u0442\\u044c \\u0441\\u043e\\u0431\\u0441\\u0442\\u0432\\u0435\\u043d\\u043d\\u043e\\u0435 \\u0442\\u0435\\u043b\\u043e. </p>\\r\\n<p>\\r\\n\\u0418\\u0437 \\u043a\\u0438\\u043d\\u0435\\u0441\\u0442\\u0435\\u0442\\u0438\\u043a\\u043e\\u0432 \\u043f\\u043e\\u043b\\u0443\\u0447\\u0430\\u044e\\u0442\\u0441\\u044f \\u043e\\u0447\\u0435\\u043d\\u044c \\u0445\\u043e\\u0440\\u043e\\u0448\\u0438\\u0435 \\u0442\\u0430\\u043d\\u0446\\u043e\\u0440\\u044b \\u0438\\u043b\\u0438 \\u0441\\u043f\\u043e\\u0440\\u0442\\u0441\\u043c\\u0435\\u043d\\u044b, \\u043c\\u0430\\u0441\\u0441\\u0430\\u0436\\u0438\\u0441\\u0442\\u044b, \\u0438 \\u0434\\u0430\\u0436\\u0435 \\u0434\\u0435\\u0433\\u0443\\u0441\\u0442\\u0430\\u0442\\u043e\\u0440\\u044b. \\u0412 \\u0431\\u0443\\u0434\\u0443\\u0449\\u0435\\u043c \\u0442\\u0430\\u043a\\u0438\\u0435 \\u043b\\u044e\\u0434\\u0438 \\u043d\\u0435 \\u0442\\u043e\\u043b\\u044c\\u043a\\u043e \\u043c\\u043e\\u0433\\u0443\\u0442 \\u0441\\u0442\\u0430\\u0442\\u044c \\u043c\\u0430\\u0441\\u0442\\u0435\\u0440\\u0430\\u043c\\u0438 \\u0440\\u0443\\u0447\\u043d\\u043e\\u0433\\u043e \\u0442\\u0440\\u0443\\u0434\\u0430 (\\u0432 \\u0442\\u043e\\u043c \\u0447\\u0438\\u0441\\u043b\\u0435 \\u044d\\u043b\\u0438\\u0442\\u043d\\u043e\\u0433\\u043e), \\u043d\\u043e \\u0438 \\u043f\\u0440\\u0435\\u043a\\u0440\\u0430\\u0441\\u043d\\u043e \\u043b\\u0430\\u0434\\u0438\\u0442\\u044c \\u0441 \\u043b\\u044e\\u0434\\u044c\\u043c\\u0438. \\r\\n</p>\\r\\n<p>\\r\\n\\u0414\\u0438\\u0437\\u0430\\u0439\\u043d, \\u043a\\u0443\\u043b\\u0438\\u043d\\u0430\\u0440\\u0438\\u044f \\u2014 \\u044d\\u0442\\u043e \\u0438\\u0445 \\u0441\\u0442\\u0435\\u0437\\u044f. \\u041a\\u0441\\u0442\\u0430\\u0442\\u0438, \\u043e\\u043d\\u0438 \\u0434\\u043e\\u0432\\u043e\\u043b\\u044c\\u043d\\u043e \\u0447\\u0430\\u0441\\u0442\\u043e \\u0441\\u0442\\u0430\\u043d\\u043e\\u0432\\u044f\\u0442\\u0441\\u044f \\u0442\\u0440\\u0435\\u0431\\u043e\\u0432\\u0430\\u0442\\u0435\\u043b\\u044c\\u043d\\u044b\\u043c\\u0438, \\u043d\\u043e \\u0441\\u043f\\u0440\\u0430\\u0432\\u0435\\u0434\\u043b\\u0438\\u0432\\u044b\\u043c\\u0438 \\u0440\\u0443\\u043a\\u043e\\u0432\\u043e\\u0434\\u0438\\u0442\\u0435\\u043b\\u044f\\u043c\\u0438.\\r\\n</p>\", \"descr2\": \"\\u0414\\u043b\\u044f \\u043a\\u0438\\u043d\\u0435\\u0441\\u0442\\u0435\\u0442\\u0438\\u043a\\u043e\\u0432 \\u0445\\u0430\\u0440\\u0430\\u043a\\u0442\\u0435\\u0440\\u043d\\u043e \\u0433\\u043b\\u0443\\u0431\\u043e\\u043a\\u043e\\u0435 \\u043d\\u0438\\u0437\\u043a\\u043e\\u0435 \\u0434\\u044b\\u0445\\u0430\\u043d\\u0438\\u0435 \\u0432\\u043d\\u0438\\u0437\\u0443 \\u0436\\u0438\\u0432\\u043e\\u0442\\u0430, \\u0447\\u0430\\u0441\\u0442\\u043e \\u0441\\u043e\\u043f\\u0440\\u043e\\u0432\\u043e\\u0436\\u0434\\u0430\\u044e\\u0449\\u0435\\u0435\\u0441\\u044f \\u043c\\u0443\\u0441\\u043a\\u0443\\u043b\\u044c\\u043d\\u044b\\u043c \\u0440\\u0430\\u0441\\u0441\\u043b\\u0430\\u0431\\u043b\\u0435\\u043d\\u0438\\u0435\\u043c. \\u0421 \\u043d\\u0438\\u0437\\u043a\\u0438\\u043c \\u043f\\u043e\\u043b\\u043e\\u0436\\u0435\\u043d\\u0438\\u0435\\u043c \\u0433\\u043e\\u043b\\u043e\\u0432\\u044b \\u0441\\u0432\\u044f\\u0437\\u0430\\u043d \\u0433\\u043e\\u043b\\u043e\\u0441 \\u043d\\u0438\\u0437\\u043a\\u043e\\u0439 \\u0442\\u043e\\u043d\\u0430\\u043b\\u044c\\u043d\\u043e\\u0441\\u0442\\u0438, \\u0431\\u043e\\u0433\\u0430\\u0442\\u044b\\u0439 \\u043e\\u0431\\u0435\\u0440\\u0442\\u043e\\u043d\\u0430\\u043c\\u0438. \\u041f\\u0440\\u0435\\u0434\\u043f\\u043e\\u0447\\u0438\\u0442\\u0430\\u0435\\u0442 \\u0433\\u043e\\u0432\\u043e\\u0440\\u0438\\u0442\\u044c \\u043c\\u0435\\u0434\\u043b\\u0435\\u043d\\u043d\\u043e, \\u0441 \\u0434\\u043b\\u0438\\u043d\\u043d\\u044b\\u043c\\u0438 \\u043f\\u0430\\u0443\\u0437\\u0430\\u043c\\u0438. \\u0416\\u0435\\u0441\\u0442\\u044b \\u0442\\u0430\\u043a\\u0436\\u0435 \\u00ab\\u043d\\u0438\\u0437\\u043a\\u043e\\u0440\\u0430\\u0441\\u043f\\u043e\\u043b\\u043e\\u0436\\u0435\\u043d\\u043d\\u044b\\u0435\\u00bb, \\u0442.\\u0435. \\u0436\\u0435\\u0441\\u0442\\u0438\\u043a\\u0443\\u043b\\u044f\\u0446\\u0438\\u044f \\u043f\\u0440\\u0435\\u0438\\u043c\\u0443\\u0449\\u0435\\u0441\\u0442\\u0432\\u0435\\u043d\\u043d\\u043e \\u043f\\u0440\\u043e\\u0438\\u0441\\u0445\\u043e\\u0434\\u0438\\u0442 \\u043d\\u0438\\u0436\\u0435 \\u0443\\u0440\\u043e\\u0432\\u043d\\u044f \\u0442\\u0430\\u043b\\u0438\\u0438. \\u0414\\u0432\\u0438\\u0436\\u0435\\u043d\\u0438\\u044f \\u043a\\u0440\\u0443\\u043f\\u043d\\u044b\\u0435, \\u0440\\u0430\\u0437\\u043c\\u0430\\u0448\\u0438\\u0441\\u0442\\u044b\\u0435, \\u0441\\u0432\\u043e\\u0431\\u043e\\u0434\\u043d\\u044b\\u0435, \\u0442\\u0435\\u043b\\u043e \\u0440\\u0430\\u0441\\u0441\\u043b\\u0430\\u0431\\u043b\\u0435\\u043d\\u043e. \\u0421\\u0442\\u0430\\u0440\\u0430\\u0435\\u0442\\u0441\\u044f \\u043f\\u043e\\u0434\\u043e\\u0439\\u0442\\u0438 \\u0431\\u043b\\u0438\\u0436\\u0435 \\u043a \\u0441\\u043e\\u0431\\u0435\\u0441\\u0435\\u0434\\u043d\\u0438\\u043a\\u0443, \\u043f\\u0440\\u0438\\u043a\\u043e\\u0441\\u043d\\u0443\\u0442\\u044c\\u0441\\u044f \\u043a \\u043d\\u0435\\u043c\\u0443. \\u0427\\u0430\\u0441\\u0442\\u043e \\u0443\\u043f\\u043e\\u0442\\u0440\\u0435\\u0431\\u043b\\u044f\\u0435\\u0442 \\u0441\\u043b\\u043e\\u0432\\u0430 \\u0442\\u0438\\u043f\\u0430 \\u044f \\u043f\\u043e\\u0447\\u0443\\u0432\\u0441\\u0442\\u0432\\u043e\\u0432\\u0430\\u043b, \\u043e\\u0449\\u0443\\u0442\\u0438\\u043b, \\u0440\\u0443\\u043a\\u0438 \\u0447\\u0435\\u0448\\u0443\\u0442\\u0441\\u044f \\u0438 \\u0442.\\u0434.\"}"}}, {"model": "questionnaire_responses.response", "pk": 18, "fields": {"user": 1, "created": "2018-04-24T06:33:42.604Z", "questionnaire": 1, "is_finished": true, "result": "{\"com_level\": \"\\u041d\\u0438\\u0437\\u043a\\u0438\\u0439\", \"com_score\": 50, \"org_level\": \"\\u041d\\u0438\\u0436\\u0435 \\u0441\\u0440\\u0435\\u0434\\u043d\\u0435\\u0433\\u043e\", \"org_score\": 45}"}}, {"model": "questionnaire_responses.response", "pk": 19, "fields": {"user": 1, "created": "2018-04-24T06:43:56.302Z", "questionnaire": 2, "is_finished": true, "result": "{\"category\": \"\\u041a\\u0438\\u043d\\u0435\\u0441\\u0442\\u0435\\u0442\\u0438\\u0447\\u0435\\u0441\\u043a\\u0438\\u0439 \\u0442\\u0438\\u043f\", \"main_description\": \"<div><p>\\r\\n\\u041a\\u0438\\u043d\\u0435\\u0441\\u0442\\u0435\\u0442\\u0438\\u0447\\u0435\\u0441\\u043a\\u0430\\u044f \\u0440\\u0435\\u043f\\u0440\\u0435\\u0437\\u0435\\u043d\\u0442\\u0430\\u0442\\u0438\\u0432\\u043d\\u0430\\u044f \\u0441\\u0438\\u0441\\u0442\\u0435\\u043c\\u0430 \\u043e\\u0441\\u043d\\u043e\\u0432\\u044b\\u0432\\u0430\\u0435\\u0442\\u0441\\u044f \\u043d\\u0430 \\u043e\\u0431\\u043e\\u043d\\u044f\\u0442\\u0435\\u043b\\u044c\\u043d\\u043e-\\u043e\\u0441\\u044f\\u0437\\u0430\\u0442\\u0435\\u043b\\u044c\\u043d\\u043e\\u043c \\u043a\\u0430\\u043d\\u0430\\u043b\\u0435 \\u0438\\u043d\\u0444\\u043e\\u0440\\u043c\\u0430\\u0446\\u0438\\u0438. \\u0422\\u0430\\u043a\\u0438\\u0435 \\u043b\\u044e\\u0434\\u0438 (\\u043a\\u0438\\u043d\\u0435\\u0441\\u0442\\u0435\\u0442\\u0438\\u043a\\u0438) \\u043e\\u0447\\u0435\\u043d\\u044c \\u043b\\u044e\\u0431\\u044f\\u0442 \\u0442\\u0430\\u043a\\u0442\\u0438\\u043b\\u044c\\u043d\\u044b\\u0439 \\u043a\\u043e\\u043d\\u0442\\u0430\\u043a\\u0442. \\u041b\\u044e\\u0431\\u044b\\u0435 \\u043f\\u0435\\u0440\\u0435\\u0436\\u0438\\u0432\\u0430\\u043d\\u0438\\u044f, \\u044d\\u043c\\u043e\\u0446\\u0438\\u0438 \\u0438 \\u043e\\u0449\\u0443\\u0449\\u0435\\u043d\\u0438\\u044f \\u043b\\u0443\\u0447\\u0448\\u0435 \\u0432\\u0441\\u0435\\u0433\\u043e \\u0432\\u043e\\u0441\\u043f\\u0440\\u0438\\u043d\\u0438\\u043c\\u0430\\u044e\\u0442\\u0441\\u044f \\u0438\\u043c\\u0438 \\u0432 \\u0442\\u043e\\u043c \\u0441\\u043b\\u0443\\u0447\\u0430\\u0435, \\u0435\\u0441\\u043b\\u0438 \\u0443 \\u043d\\u0438\\u0445 \\u0435\\u0441\\u0442\\u044c \\u0432\\u043e\\u0437\\u043c\\u043e\\u0436\\u043d\\u043e\\u0441\\u0442\\u044c \\u043f\\u0440\\u0438\\u043a\\u043e\\u0441\\u043d\\u0443\\u0442\\u044c\\u0441\\u044f \\u043a \\u0447\\u0435\\u043c\\u0443-\\u0442\\u043e, \\u043e\\u0449\\u0443\\u0442\\u0438\\u0442\\u044c \\u044d\\u0442\\u043e \\u0444\\u0438\\u0437\\u0438\\u0447\\u0435\\u0441\\u043a\\u0438.\\r\\n</p>\\r\\n</div>\", \"descr1\": \"<p>\\r\\n\\u0412 \\u0436\\u0438\\u0437\\u043d\\u0438 \\u043a\\u0438\\u043d\\u0435\\u0441\\u0442\\u0435\\u0442\\u0438\\u043a\\u0438 \\u2013 <i>\\u043b\\u044e\\u0434\\u0438 \\u0434\\u0435\\u0439\\u0441\\u0442\\u0432\\u0438\\u044f</i>! \\u0412\\u043c\\u0435\\u0441\\u0442\\u043e \\u0442\\u043e\\u0433\\u043e, \\u0447\\u0442\\u043e\\u0431\\u044b \\u0434\\u043e\\u043b\\u0433\\u043e \\u043e\\u0431\\u0441\\u0443\\u0436\\u0434\\u0430\\u0442\\u044c \\u0447\\u0442\\u043e-\\u0442\\u043e \\u0432 \\u0442\\u0435\\u043e\\u0440\\u0438\\u0438, \\u043e\\u043d\\u0438 \\u0441\\u0442\\u0440\\u0435\\u043c\\u044f\\u0442\\u0441\\u044f \\u043f\\u043e\\u0441\\u043a\\u043e\\u0440\\u0435\\u0435 \\u0438\\u0441\\u043f\\u044b\\u0442\\u0430\\u0442\\u044c \\u044d\\u0442\\u043e \\u043d\\u0430 \\u0434\\u0435\\u043b\\u0435, \\u043d\\u0430\\u0447\\u0438\\u043d\\u0430\\u044e\\u0442 \\u0434\\u0435\\u0439\\u0441\\u0442\\u0432\\u043e\\u0432\\u0430\\u0442\\u044c \\u043a\\u0430\\u043a \\u0442\\u043e\\u043b\\u044c\\u043a\\u043e \\u0438\\u043c \\u043f\\u0440\\u0435\\u0434\\u043e\\u0441\\u0442\\u0430\\u0432\\u043b\\u044f\\u0435\\u0442\\u0441\\u044f \\u0442\\u0430\\u043a\\u0430\\u044f \\u0432\\u043e\\u0437\\u043c\\u043e\\u0436\\u043d\\u043e\\u0441\\u0442\\u044c. \\u0412 \\u0432\\u044b\\u0431\\u043e\\u0440\\u0435 \\u043f\\u0440\\u043e\\u0444\\u0435\\u0441\\u0441\\u0438\\u0438 \\u043a\\u0438\\u043d\\u0435\\u0441\\u0442\\u0435\\u0442\\u0438\\u043a\\u0438 \\u043e\\u0442\\u0434\\u0430\\u044e\\u0442 \\u043f\\u0440\\u0435\\u0434\\u043f\\u043e\\u0447\\u0442\\u0435\\u043d\\u0438\\u0435 \\u0442\\u0430\\u043a\\u0438\\u043c \\u0437\\u0430\\u043d\\u044f\\u0442\\u0438\\u044f\\u043c, \\u043a\\u043e\\u0442\\u043e\\u0440\\u044b\\u0435 \\u043f\\u043e\\u0437\\u0432\\u043e\\u043b\\u044f\\u0442 \\u0438\\u043c \\u043e\\u0449\\u0443\\u0449\\u0430\\u0442\\u044c \\u0441\\u043e\\u0431\\u0441\\u0442\\u0432\\u0435\\u043d\\u043d\\u043e\\u0435 \\u0442\\u0435\\u043b\\u043e. </p>\\r\\n<p>\\r\\n\\u0418\\u0437 \\u043a\\u0438\\u043d\\u0435\\u0441\\u0442\\u0435\\u0442\\u0438\\u043a\\u043e\\u0432 \\u043f\\u043e\\u043b\\u0443\\u0447\\u0430\\u044e\\u0442\\u0441\\u044f \\u043e\\u0447\\u0435\\u043d\\u044c \\u0445\\u043e\\u0440\\u043e\\u0448\\u0438\\u0435 \\u0442\\u0430\\u043d\\u0446\\u043e\\u0440\\u044b \\u0438\\u043b\\u0438 \\u0441\\u043f\\u043e\\u0440\\u0442\\u0441\\u043c\\u0435\\u043d\\u044b, \\u043c\\u0430\\u0441\\u0441\\u0430\\u0436\\u0438\\u0441\\u0442\\u044b, \\u0438 \\u0434\\u0430\\u0436\\u0435 \\u0434\\u0435\\u0433\\u0443\\u0441\\u0442\\u0430\\u0442\\u043e\\u0440\\u044b. \\u0412 \\u0431\\u0443\\u0434\\u0443\\u0449\\u0435\\u043c \\u0442\\u0430\\u043a\\u0438\\u0435 \\u043b\\u044e\\u0434\\u0438 \\u043d\\u0435 \\u0442\\u043e\\u043b\\u044c\\u043a\\u043e \\u043c\\u043e\\u0433\\u0443\\u0442 \\u0441\\u0442\\u0430\\u0442\\u044c \\u043c\\u0430\\u0441\\u0442\\u0435\\u0440\\u0430\\u043c\\u0438 \\u0440\\u0443\\u0447\\u043d\\u043e\\u0433\\u043e \\u0442\\u0440\\u0443\\u0434\\u0430 (\\u0432 \\u0442\\u043e\\u043c \\u0447\\u0438\\u0441\\u043b\\u0435 \\u044d\\u043b\\u0438\\u0442\\u043d\\u043e\\u0433\\u043e), \\u043d\\u043e \\u0438 \\u043f\\u0440\\u0435\\u043a\\u0440\\u0430\\u0441\\u043d\\u043e \\u043b\\u0430\\u0434\\u0438\\u0442\\u044c \\u0441 \\u043b\\u044e\\u0434\\u044c\\u043c\\u0438. \\r\\n</p>\\r\\n<p>\\r\\n\\u0414\\u0438\\u0437\\u0430\\u0439\\u043d, \\u043a\\u0443\\u043b\\u0438\\u043d\\u0430\\u0440\\u0438\\u044f \\u2014 \\u044d\\u0442\\u043e \\u0438\\u0445 \\u0441\\u0442\\u0435\\u0437\\u044f. \\u041a\\u0441\\u0442\\u0430\\u0442\\u0438, \\u043e\\u043d\\u0438 \\u0434\\u043e\\u0432\\u043e\\u043b\\u044c\\u043d\\u043e \\u0447\\u0430\\u0441\\u0442\\u043e \\u0441\\u0442\\u0430\\u043d\\u043e\\u0432\\u044f\\u0442\\u0441\\u044f \\u0442\\u0440\\u0435\\u0431\\u043e\\u0432\\u0430\\u0442\\u0435\\u043b\\u044c\\u043d\\u044b\\u043c\\u0438, \\u043d\\u043e \\u0441\\u043f\\u0440\\u0430\\u0432\\u0435\\u0434\\u043b\\u0438\\u0432\\u044b\\u043c\\u0438 \\u0440\\u0443\\u043a\\u043e\\u0432\\u043e\\u0434\\u0438\\u0442\\u0435\\u043b\\u044f\\u043c\\u0438.\\r\\n</p>\", \"descr2\": \"\\u0414\\u043b\\u044f \\u043a\\u0438\\u043d\\u0435\\u0441\\u0442\\u0435\\u0442\\u0438\\u043a\\u043e\\u0432 \\u0445\\u0430\\u0440\\u0430\\u043a\\u0442\\u0435\\u0440\\u043d\\u043e \\u0433\\u043b\\u0443\\u0431\\u043e\\u043a\\u043e\\u0435 \\u043d\\u0438\\u0437\\u043a\\u043e\\u0435 \\u0434\\u044b\\u0445\\u0430\\u043d\\u0438\\u0435 \\u0432\\u043d\\u0438\\u0437\\u0443 \\u0436\\u0438\\u0432\\u043e\\u0442\\u0430, \\u0447\\u0430\\u0441\\u0442\\u043e \\u0441\\u043e\\u043f\\u0440\\u043e\\u0432\\u043e\\u0436\\u0434\\u0430\\u044e\\u0449\\u0435\\u0435\\u0441\\u044f \\u043c\\u0443\\u0441\\u043a\\u0443\\u043b\\u044c\\u043d\\u044b\\u043c \\u0440\\u0430\\u0441\\u0441\\u043b\\u0430\\u0431\\u043b\\u0435\\u043d\\u0438\\u0435\\u043c. \\u0421 \\u043d\\u0438\\u0437\\u043a\\u0438\\u043c \\u043f\\u043e\\u043b\\u043e\\u0436\\u0435\\u043d\\u0438\\u0435\\u043c \\u0433\\u043e\\u043b\\u043e\\u0432\\u044b \\u0441\\u0432\\u044f\\u0437\\u0430\\u043d \\u0433\\u043e\\u043b\\u043e\\u0441 \\u043d\\u0438\\u0437\\u043a\\u043e\\u0439 \\u0442\\u043e\\u043d\\u0430\\u043b\\u044c\\u043d\\u043e\\u0441\\u0442\\u0438, \\u0431\\u043e\\u0433\\u0430\\u0442\\u044b\\u0439 \\u043e\\u0431\\u0435\\u0440\\u0442\\u043e\\u043d\\u0430\\u043c\\u0438. \\u041f\\u0440\\u0435\\u0434\\u043f\\u043e\\u0447\\u0438\\u0442\\u0430\\u0435\\u0442 \\u0433\\u043e\\u0432\\u043e\\u0440\\u0438\\u0442\\u044c \\u043c\\u0435\\u0434\\u043b\\u0435\\u043d\\u043d\\u043e, \\u0441 \\u0434\\u043b\\u0438\\u043d\\u043d\\u044b\\u043c\\u0438 \\u043f\\u0430\\u0443\\u0437\\u0430\\u043c\\u0438. \\u0416\\u0435\\u0441\\u0442\\u044b \\u0442\\u0430\\u043a\\u0436\\u0435 \\u00ab\\u043d\\u0438\\u0437\\u043a\\u043e\\u0440\\u0430\\u0441\\u043f\\u043e\\u043b\\u043e\\u0436\\u0435\\u043d\\u043d\\u044b\\u0435\\u00bb, \\u0442.\\u0435. \\u0436\\u0435\\u0441\\u0442\\u0438\\u043a\\u0443\\u043b\\u044f\\u0446\\u0438\\u044f \\u043f\\u0440\\u0435\\u0438\\u043c\\u0443\\u0449\\u0435\\u0441\\u0442\\u0432\\u0435\\u043d\\u043d\\u043e \\u043f\\u0440\\u043e\\u0438\\u0441\\u0445\\u043e\\u0434\\u0438\\u0442 \\u043d\\u0438\\u0436\\u0435 \\u0443\\u0440\\u043e\\u0432\\u043d\\u044f \\u0442\\u0430\\u043b\\u0438\\u0438. \\u0414\\u0432\\u0438\\u0436\\u0435\\u043d\\u0438\\u044f \\u043a\\u0440\\u0443\\u043f\\u043d\\u044b\\u0435, \\u0440\\u0430\\u0437\\u043c\\u0430\\u0448\\u0438\\u0441\\u0442\\u044b\\u0435, \\u0441\\u0432\\u043e\\u0431\\u043e\\u0434\\u043d\\u044b\\u0435, \\u0442\\u0435\\u043b\\u043e \\u0440\\u0430\\u0441\\u0441\\u043b\\u0430\\u0431\\u043b\\u0435\\u043d\\u043e. \\u0421\\u0442\\u0430\\u0440\\u0430\\u0435\\u0442\\u0441\\u044f \\u043f\\u043e\\u0434\\u043e\\u0439\\u0442\\u0438 \\u0431\\u043b\\u0438\\u0436\\u0435 \\u043a \\u0441\\u043e\\u0431\\u0435\\u0441\\u0435\\u0434\\u043d\\u0438\\u043a\\u0443, \\u043f\\u0440\\u0438\\u043a\\u043e\\u0441\\u043d\\u0443\\u0442\\u044c\\u0441\\u044f \\u043a \\u043d\\u0435\\u043c\\u0443. \\u0427\\u0430\\u0441\\u0442\\u043e \\u0443\\u043f\\u043e\\u0442\\u0440\\u0435\\u0431\\u043b\\u044f\\u0435\\u0442 \\u0441\\u043b\\u043e\\u0432\\u0430 \\u0442\\u0438\\u043f\\u0430 \\u044f \\u043f\\u043e\\u0447\\u0443\\u0432\\u0441\\u0442\\u0432\\u043e\\u0432\\u0430\\u043b, \\u043e\\u0449\\u0443\\u0442\\u0438\\u043b, \\u0440\\u0443\\u043a\\u0438 \\u0447\\u0435\\u0448\\u0443\\u0442\\u0441\\u044f \\u0438 \\u0442.\\u0434.\"}"}}, {"model": "questionnaire_responses.response", "pk": 20, "fields": {"user": 1, "created": "2018-04-24T06:49:30.073Z", "questionnaire": 1, "is_finished": true, "result": "{\"com_level\": \"\\u041d\\u0438\\u0437\\u043a\\u0438\\u0439\", \"com_score\": 50, \"org_level\": \"\\u041d\\u0438\\u0436\\u0435 \\u0441\\u0440\\u0435\\u0434\\u043d\\u0435\\u0433\\u043e\", \"org_score\": 50}"}}, {"model": "questionnaire_responses.response", "pk": 21, "fields": {"user": 1, "created": "2018-04-24T06:52:22.266Z", "questionnaire": 1, "is_finished": false, "result": "{}"}}, {"model": "questionnaire_responses.response", "pk": 22, "fields": {"user": 2, "created": "2018-04-24T07:01:52.886Z", "questionnaire": 2, "is_finished": true, "result": "{\"category\": \"\\u041a\\u0438\\u043d\\u0435\\u0441\\u0442\\u0435\\u0442\\u0438\\u0447\\u0435\\u0441\\u043a\\u0438\\u0439 \\u0442\\u0438\\u043f\", \"main_description\": \"<div><p>\\r\\n\\u041a\\u0438\\u043d\\u0435\\u0441\\u0442\\u0435\\u0442\\u0438\\u0447\\u0435\\u0441\\u043a\\u0430\\u044f \\u0440\\u0435\\u043f\\u0440\\u0435\\u0437\\u0435\\u043d\\u0442\\u0430\\u0442\\u0438\\u0432\\u043d\\u0430\\u044f \\u0441\\u0438\\u0441\\u0442\\u0435\\u043c\\u0430 \\u043e\\u0441\\u043d\\u043e\\u0432\\u044b\\u0432\\u0430\\u0435\\u0442\\u0441\\u044f \\u043d\\u0430 \\u043e\\u0431\\u043e\\u043d\\u044f\\u0442\\u0435\\u043b\\u044c\\u043d\\u043e-\\u043e\\u0441\\u044f\\u0437\\u0430\\u0442\\u0435\\u043b\\u044c\\u043d\\u043e\\u043c \\u043a\\u0430\\u043d\\u0430\\u043b\\u0435 \\u0438\\u043d\\u0444\\u043e\\u0440\\u043c\\u0430\\u0446\\u0438\\u0438. \\u0422\\u0430\\u043a\\u0438\\u0435 \\u043b\\u044e\\u0434\\u0438 (\\u043a\\u0438\\u043d\\u0435\\u0441\\u0442\\u0435\\u0442\\u0438\\u043a\\u0438) \\u043e\\u0447\\u0435\\u043d\\u044c \\u043b\\u044e\\u0431\\u044f\\u0442 \\u0442\\u0430\\u043a\\u0442\\u0438\\u043b\\u044c\\u043d\\u044b\\u0439 \\u043a\\u043e\\u043d\\u0442\\u0430\\u043a\\u0442. \\u041b\\u044e\\u0431\\u044b\\u0435 \\u043f\\u0435\\u0440\\u0435\\u0436\\u0438\\u0432\\u0430\\u043d\\u0438\\u044f, \\u044d\\u043c\\u043e\\u0446\\u0438\\u0438 \\u0438 \\u043e\\u0449\\u0443\\u0449\\u0435\\u043d\\u0438\\u044f \\u043b\\u0443\\u0447\\u0448\\u0435 \\u0432\\u0441\\u0435\\u0433\\u043e \\u0432\\u043e\\u0441\\u043f\\u0440\\u0438\\u043d\\u0438\\u043c\\u0430\\u044e\\u0442\\u0441\\u044f \\u0438\\u043c\\u0438 \\u0432 \\u0442\\u043e\\u043c \\u0441\\u043b\\u0443\\u0447\\u0430\\u0435, \\u0435\\u0441\\u043b\\u0438 \\u0443 \\u043d\\u0438\\u0445 \\u0435\\u0441\\u0442\\u044c \\u0432\\u043e\\u0437\\u043c\\u043e\\u0436\\u043d\\u043e\\u0441\\u0442\\u044c \\u043f\\u0440\\u0438\\u043a\\u043e\\u0441\\u043d\\u0443\\u0442\\u044c\\u0441\\u044f \\u043a \\u0447\\u0435\\u043c\\u0443-\\u0442\\u043e, \\u043e\\u0449\\u0443\\u0442\\u0438\\u0442\\u044c \\u044d\\u0442\\u043e \\u0444\\u0438\\u0437\\u0438\\u0447\\u0435\\u0441\\u043a\\u0438.\\r\\n</p>\\r\\n</div>\", \"descr1\": \"<p>\\r\\n\\u0412 \\u0436\\u0438\\u0437\\u043d\\u0438 \\u043a\\u0438\\u043d\\u0435\\u0441\\u0442\\u0435\\u0442\\u0438\\u043a\\u0438 \\u2013 <i>\\u043b\\u044e\\u0434\\u0438 \\u0434\\u0435\\u0439\\u0441\\u0442\\u0432\\u0438\\u044f</i>! \\u0412\\u043c\\u0435\\u0441\\u0442\\u043e \\u0442\\u043e\\u0433\\u043e, \\u0447\\u0442\\u043e\\u0431\\u044b \\u0434\\u043e\\u043b\\u0433\\u043e \\u043e\\u0431\\u0441\\u0443\\u0436\\u0434\\u0430\\u0442\\u044c \\u0447\\u0442\\u043e-\\u0442\\u043e \\u0432 \\u0442\\u0435\\u043e\\u0440\\u0438\\u0438, \\u043e\\u043d\\u0438 \\u0441\\u0442\\u0440\\u0435\\u043c\\u044f\\u0442\\u0441\\u044f \\u043f\\u043e\\u0441\\u043a\\u043e\\u0440\\u0435\\u0435 \\u0438\\u0441\\u043f\\u044b\\u0442\\u0430\\u0442\\u044c \\u044d\\u0442\\u043e \\u043d\\u0430 \\u0434\\u0435\\u043b\\u0435, \\u043d\\u0430\\u0447\\u0438\\u043d\\u0430\\u044e\\u0442 \\u0434\\u0435\\u0439\\u0441\\u0442\\u0432\\u043e\\u0432\\u0430\\u0442\\u044c \\u043a\\u0430\\u043a \\u0442\\u043e\\u043b\\u044c\\u043a\\u043e \\u0438\\u043c \\u043f\\u0440\\u0435\\u0434\\u043e\\u0441\\u0442\\u0430\\u0432\\u043b\\u044f\\u0435\\u0442\\u0441\\u044f \\u0442\\u0430\\u043a\\u0430\\u044f \\u0432\\u043e\\u0437\\u043c\\u043e\\u0436\\u043d\\u043e\\u0441\\u0442\\u044c. \\u0412 \\u0432\\u044b\\u0431\\u043e\\u0440\\u0435 \\u043f\\u0440\\u043e\\u0444\\u0435\\u0441\\u0441\\u0438\\u0438 \\u043a\\u0438\\u043d\\u0435\\u0441\\u0442\\u0435\\u0442\\u0438\\u043a\\u0438 \\u043e\\u0442\\u0434\\u0430\\u044e\\u0442 \\u043f\\u0440\\u0435\\u0434\\u043f\\u043e\\u0447\\u0442\\u0435\\u043d\\u0438\\u0435 \\u0442\\u0430\\u043a\\u0438\\u043c \\u0437\\u0430\\u043d\\u044f\\u0442\\u0438\\u044f\\u043c, \\u043a\\u043e\\u0442\\u043e\\u0440\\u044b\\u0435 \\u043f\\u043e\\u0437\\u0432\\u043e\\u043b\\u044f\\u0442 \\u0438\\u043c \\u043e\\u0449\\u0443\\u0449\\u0430\\u0442\\u044c \\u0441\\u043e\\u0431\\u0441\\u0442\\u0432\\u0435\\u043d\\u043d\\u043e\\u0435 \\u0442\\u0435\\u043b\\u043e. </p>\\r\\n<p>\\r\\n\\u0418\\u0437 \\u043a\\u0438\\u043d\\u0435\\u0441\\u0442\\u0435\\u0442\\u0438\\u043a\\u043e\\u0432 \\u043f\\u043e\\u043b\\u0443\\u0447\\u0430\\u044e\\u0442\\u0441\\u044f \\u043e\\u0447\\u0435\\u043d\\u044c \\u0445\\u043e\\u0440\\u043e\\u0448\\u0438\\u0435 \\u0442\\u0430\\u043d\\u0446\\u043e\\u0440\\u044b \\u0438\\u043b\\u0438 \\u0441\\u043f\\u043e\\u0440\\u0442\\u0441\\u043c\\u0435\\u043d\\u044b, \\u043c\\u0430\\u0441\\u0441\\u0430\\u0436\\u0438\\u0441\\u0442\\u044b, \\u0438 \\u0434\\u0430\\u0436\\u0435 \\u0434\\u0435\\u0433\\u0443\\u0441\\u0442\\u0430\\u0442\\u043e\\u0440\\u044b. \\u0412 \\u0431\\u0443\\u0434\\u0443\\u0449\\u0435\\u043c \\u0442\\u0430\\u043a\\u0438\\u0435 \\u043b\\u044e\\u0434\\u0438 \\u043d\\u0435 \\u0442\\u043e\\u043b\\u044c\\u043a\\u043e \\u043c\\u043e\\u0433\\u0443\\u0442 \\u0441\\u0442\\u0430\\u0442\\u044c \\u043c\\u0430\\u0441\\u0442\\u0435\\u0440\\u0430\\u043c\\u0438 \\u0440\\u0443\\u0447\\u043d\\u043e\\u0433\\u043e \\u0442\\u0440\\u0443\\u0434\\u0430 (\\u0432 \\u0442\\u043e\\u043c \\u0447\\u0438\\u0441\\u043b\\u0435 \\u044d\\u043b\\u0438\\u0442\\u043d\\u043e\\u0433\\u043e), \\u043d\\u043e \\u0438 \\u043f\\u0440\\u0435\\u043a\\u0440\\u0430\\u0441\\u043d\\u043e \\u043b\\u0430\\u0434\\u0438\\u0442\\u044c \\u0441 \\u043b\\u044e\\u0434\\u044c\\u043c\\u0438. \\r\\n</p>\\r\\n<p>\\r\\n\\u0414\\u0438\\u0437\\u0430\\u0439\\u043d, \\u043a\\u0443\\u043b\\u0438\\u043d\\u0430\\u0440\\u0438\\u044f \\u2014 \\u044d\\u0442\\u043e \\u0438\\u0445 \\u0441\\u0442\\u0435\\u0437\\u044f. \\u041a\\u0441\\u0442\\u0430\\u0442\\u0438, \\u043e\\u043d\\u0438 \\u0434\\u043e\\u0432\\u043e\\u043b\\u044c\\u043d\\u043e \\u0447\\u0430\\u0441\\u0442\\u043e \\u0441\\u0442\\u0430\\u043d\\u043e\\u0432\\u044f\\u0442\\u0441\\u044f \\u0442\\u0440\\u0435\\u0431\\u043e\\u0432\\u0430\\u0442\\u0435\\u043b\\u044c\\u043d\\u044b\\u043c\\u0438, \\u043d\\u043e \\u0441\\u043f\\u0440\\u0430\\u0432\\u0435\\u0434\\u043b\\u0438\\u0432\\u044b\\u043c\\u0438 \\u0440\\u0443\\u043a\\u043e\\u0432\\u043e\\u0434\\u0438\\u0442\\u0435\\u043b\\u044f\\u043c\\u0438.\\r\\n</p>\", \"descr2\": \"\\u0414\\u043b\\u044f \\u043a\\u0438\\u043d\\u0435\\u0441\\u0442\\u0435\\u0442\\u0438\\u043a\\u043e\\u0432 \\u0445\\u0430\\u0440\\u0430\\u043a\\u0442\\u0435\\u0440\\u043d\\u043e \\u0433\\u043b\\u0443\\u0431\\u043e\\u043a\\u043e\\u0435 \\u043d\\u0438\\u0437\\u043a\\u043e\\u0435 \\u0434\\u044b\\u0445\\u0430\\u043d\\u0438\\u0435 \\u0432\\u043d\\u0438\\u0437\\u0443 \\u0436\\u0438\\u0432\\u043e\\u0442\\u0430, \\u0447\\u0430\\u0441\\u0442\\u043e \\u0441\\u043e\\u043f\\u0440\\u043e\\u0432\\u043e\\u0436\\u0434\\u0430\\u044e\\u0449\\u0435\\u0435\\u0441\\u044f \\u043c\\u0443\\u0441\\u043a\\u0443\\u043b\\u044c\\u043d\\u044b\\u043c \\u0440\\u0430\\u0441\\u0441\\u043b\\u0430\\u0431\\u043b\\u0435\\u043d\\u0438\\u0435\\u043c. \\u0421 \\u043d\\u0438\\u0437\\u043a\\u0438\\u043c \\u043f\\u043e\\u043b\\u043e\\u0436\\u0435\\u043d\\u0438\\u0435\\u043c \\u0433\\u043e\\u043b\\u043e\\u0432\\u044b \\u0441\\u0432\\u044f\\u0437\\u0430\\u043d \\u0433\\u043e\\u043b\\u043e\\u0441 \\u043d\\u0438\\u0437\\u043a\\u043e\\u0439 \\u0442\\u043e\\u043d\\u0430\\u043b\\u044c\\u043d\\u043e\\u0441\\u0442\\u0438, \\u0431\\u043e\\u0433\\u0430\\u0442\\u044b\\u0439 \\u043e\\u0431\\u0435\\u0440\\u0442\\u043e\\u043d\\u0430\\u043c\\u0438. \\u041f\\u0440\\u0435\\u0434\\u043f\\u043e\\u0447\\u0438\\u0442\\u0430\\u0435\\u0442 \\u0433\\u043e\\u0432\\u043e\\u0440\\u0438\\u0442\\u044c \\u043c\\u0435\\u0434\\u043b\\u0435\\u043d\\u043d\\u043e, \\u0441 \\u0434\\u043b\\u0438\\u043d\\u043d\\u044b\\u043c\\u0438 \\u043f\\u0430\\u0443\\u0437\\u0430\\u043c\\u0438. \\u0416\\u0435\\u0441\\u0442\\u044b \\u0442\\u0430\\u043a\\u0436\\u0435 \\u00ab\\u043d\\u0438\\u0437\\u043a\\u043e\\u0440\\u0430\\u0441\\u043f\\u043e\\u043b\\u043e\\u0436\\u0435\\u043d\\u043d\\u044b\\u0435\\u00bb, \\u0442.\\u0435. \\u0436\\u0435\\u0441\\u0442\\u0438\\u043a\\u0443\\u043b\\u044f\\u0446\\u0438\\u044f \\u043f\\u0440\\u0435\\u0438\\u043c\\u0443\\u0449\\u0435\\u0441\\u0442\\u0432\\u0435\\u043d\\u043d\\u043e \\u043f\\u0440\\u043e\\u0438\\u0441\\u0445\\u043e\\u0434\\u0438\\u0442 \\u043d\\u0438\\u0436\\u0435 \\u0443\\u0440\\u043e\\u0432\\u043d\\u044f \\u0442\\u0430\\u043b\\u0438\\u0438. \\u0414\\u0432\\u0438\\u0436\\u0435\\u043d\\u0438\\u044f \\u043a\\u0440\\u0443\\u043f\\u043d\\u044b\\u0435, \\u0440\\u0430\\u0437\\u043c\\u0430\\u0448\\u0438\\u0441\\u0442\\u044b\\u0435, \\u0441\\u0432\\u043e\\u0431\\u043e\\u0434\\u043d\\u044b\\u0435, \\u0442\\u0435\\u043b\\u043e \\u0440\\u0430\\u0441\\u0441\\u043b\\u0430\\u0431\\u043b\\u0435\\u043d\\u043e. \\u0421\\u0442\\u0430\\u0440\\u0430\\u0435\\u0442\\u0441\\u044f \\u043f\\u043e\\u0434\\u043e\\u0439\\u0442\\u0438 \\u0431\\u043b\\u0438\\u0436\\u0435 \\u043a \\u0441\\u043e\\u0431\\u0435\\u0441\\u0435\\u0434\\u043d\\u0438\\u043a\\u0443, \\u043f\\u0440\\u0438\\u043a\\u043e\\u0441\\u043d\\u0443\\u0442\\u044c\\u0441\\u044f \\u043a \\u043d\\u0435\\u043c\\u0443. \\u0427\\u0430\\u0441\\u0442\\u043e \\u0443\\u043f\\u043e\\u0442\\u0440\\u0435\\u0431\\u043b\\u044f\\u0435\\u0442 \\u0441\\u043b\\u043e\\u0432\\u0430 \\u0442\\u0438\\u043f\\u0430 \\u044f \\u043f\\u043e\\u0447\\u0443\\u0432\\u0441\\u0442\\u0432\\u043e\\u0432\\u0430\\u043b, \\u043e\\u0449\\u0443\\u0442\\u0438\\u043b, \\u0440\\u0443\\u043a\\u0438 \\u0447\\u0435\\u0448\\u0443\\u0442\\u0441\\u044f \\u0438 \\u0442.\\u0434.\"}"}}, {"model": "questionnaire_responses.response", "pk": 23, "fields": {"user": 1, "created": "2018-04-24T19:09:24.828Z", "questionnaire": 2, "is_finished": true, "result": "{\"category\": \"\\u041a\\u0438\\u043d\\u0435\\u0441\\u0442\\u0435\\u0442\\u0438\\u0447\\u0435\\u0441\\u043a\\u0438\\u0439 \\u0442\\u0438\\u043f\", \"main_description\": \"<div><p>\\r\\n\\u041a\\u0438\\u043d\\u0435\\u0441\\u0442\\u0435\\u0442\\u0438\\u0447\\u0435\\u0441\\u043a\\u0430\\u044f \\u0440\\u0435\\u043f\\u0440\\u0435\\u0437\\u0435\\u043d\\u0442\\u0430\\u0442\\u0438\\u0432\\u043d\\u0430\\u044f \\u0441\\u0438\\u0441\\u0442\\u0435\\u043c\\u0430 \\u043e\\u0441\\u043d\\u043e\\u0432\\u044b\\u0432\\u0430\\u0435\\u0442\\u0441\\u044f \\u043d\\u0430 \\u043e\\u0431\\u043e\\u043d\\u044f\\u0442\\u0435\\u043b\\u044c\\u043d\\u043e-\\u043e\\u0441\\u044f\\u0437\\u0430\\u0442\\u0435\\u043b\\u044c\\u043d\\u043e\\u043c \\u043a\\u0430\\u043d\\u0430\\u043b\\u0435 \\u0438\\u043d\\u0444\\u043e\\u0440\\u043c\\u0430\\u0446\\u0438\\u0438. \\u0422\\u0430\\u043a\\u0438\\u0435 \\u043b\\u044e\\u0434\\u0438 (\\u043a\\u0438\\u043d\\u0435\\u0441\\u0442\\u0435\\u0442\\u0438\\u043a\\u0438) \\u043e\\u0447\\u0435\\u043d\\u044c \\u043b\\u044e\\u0431\\u044f\\u0442 \\u0442\\u0430\\u043a\\u0442\\u0438\\u043b\\u044c\\u043d\\u044b\\u0439 \\u043a\\u043e\\u043d\\u0442\\u0430\\u043a\\u0442. \\u041b\\u044e\\u0431\\u044b\\u0435 \\u043f\\u0435\\u0440\\u0435\\u0436\\u0438\\u0432\\u0430\\u043d\\u0438\\u044f, \\u044d\\u043c\\u043e\\u0446\\u0438\\u0438 \\u0438 \\u043e\\u0449\\u0443\\u0449\\u0435\\u043d\\u0438\\u044f \\u043b\\u0443\\u0447\\u0448\\u0435 \\u0432\\u0441\\u0435\\u0433\\u043e \\u0432\\u043e\\u0441\\u043f\\u0440\\u0438\\u043d\\u0438\\u043c\\u0430\\u044e\\u0442\\u0441\\u044f \\u0438\\u043c\\u0438 \\u0432 \\u0442\\u043e\\u043c \\u0441\\u043b\\u0443\\u0447\\u0430\\u0435, \\u0435\\u0441\\u043b\\u0438 \\u0443 \\u043d\\u0438\\u0445 \\u0435\\u0441\\u0442\\u044c \\u0432\\u043e\\u0437\\u043c\\u043e\\u0436\\u043d\\u043e\\u0441\\u0442\\u044c \\u043f\\u0440\\u0438\\u043a\\u043e\\u0441\\u043d\\u0443\\u0442\\u044c\\u0441\\u044f \\u043a \\u0447\\u0435\\u043c\\u0443-\\u0442\\u043e, \\u043e\\u0449\\u0443\\u0442\\u0438\\u0442\\u044c \\u044d\\u0442\\u043e \\u0444\\u0438\\u0437\\u0438\\u0447\\u0435\\u0441\\u043a\\u0438.\\r\\n</p>\\r\\n</div>\", \"descr1\": \"<p>\\r\\n\\u0412 \\u0436\\u0438\\u0437\\u043d\\u0438 \\u043a\\u0438\\u043d\\u0435\\u0441\\u0442\\u0435\\u0442\\u0438\\u043a\\u0438 \\u2013 <i>\\u043b\\u044e\\u0434\\u0438 \\u0434\\u0435\\u0439\\u0441\\u0442\\u0432\\u0438\\u044f</i>! \\u0412\\u043c\\u0435\\u0441\\u0442\\u043e \\u0442\\u043e\\u0433\\u043e, \\u0447\\u0442\\u043e\\u0431\\u044b \\u0434\\u043e\\u043b\\u0433\\u043e \\u043e\\u0431\\u0441\\u0443\\u0436\\u0434\\u0430\\u0442\\u044c \\u0447\\u0442\\u043e-\\u0442\\u043e \\u0432 \\u0442\\u0435\\u043e\\u0440\\u0438\\u0438, \\u043e\\u043d\\u0438 \\u0441\\u0442\\u0440\\u0435\\u043c\\u044f\\u0442\\u0441\\u044f \\u043f\\u043e\\u0441\\u043a\\u043e\\u0440\\u0435\\u0435 \\u0438\\u0441\\u043f\\u044b\\u0442\\u0430\\u0442\\u044c \\u044d\\u0442\\u043e \\u043d\\u0430 \\u0434\\u0435\\u043b\\u0435, \\u043d\\u0430\\u0447\\u0438\\u043d\\u0430\\u044e\\u0442 \\u0434\\u0435\\u0439\\u0441\\u0442\\u0432\\u043e\\u0432\\u0430\\u0442\\u044c \\u043a\\u0430\\u043a \\u0442\\u043e\\u043b\\u044c\\u043a\\u043e \\u0438\\u043c \\u043f\\u0440\\u0435\\u0434\\u043e\\u0441\\u0442\\u0430\\u0432\\u043b\\u044f\\u0435\\u0442\\u0441\\u044f \\u0442\\u0430\\u043a\\u0430\\u044f \\u0432\\u043e\\u0437\\u043c\\u043e\\u0436\\u043d\\u043e\\u0441\\u0442\\u044c. \\u0412 \\u0432\\u044b\\u0431\\u043e\\u0440\\u0435 \\u043f\\u0440\\u043e\\u0444\\u0435\\u0441\\u0441\\u0438\\u0438 \\u043a\\u0438\\u043d\\u0435\\u0441\\u0442\\u0435\\u0442\\u0438\\u043a\\u0438 \\u043e\\u0442\\u0434\\u0430\\u044e\\u0442 \\u043f\\u0440\\u0435\\u0434\\u043f\\u043e\\u0447\\u0442\\u0435\\u043d\\u0438\\u0435 \\u0442\\u0430\\u043a\\u0438\\u043c \\u0437\\u0430\\u043d\\u044f\\u0442\\u0438\\u044f\\u043c, \\u043a\\u043e\\u0442\\u043e\\u0440\\u044b\\u0435 \\u043f\\u043e\\u0437\\u0432\\u043e\\u043b\\u044f\\u0442 \\u0438\\u043c \\u043e\\u0449\\u0443\\u0449\\u0430\\u0442\\u044c \\u0441\\u043e\\u0431\\u0441\\u0442\\u0432\\u0435\\u043d\\u043d\\u043e\\u0435 \\u0442\\u0435\\u043b\\u043e. </p>\\r\\n<p>\\r\\n\\u0418\\u0437 \\u043a\\u0438\\u043d\\u0435\\u0441\\u0442\\u0435\\u0442\\u0438\\u043a\\u043e\\u0432 \\u043f\\u043e\\u043b\\u0443\\u0447\\u0430\\u044e\\u0442\\u0441\\u044f \\u043e\\u0447\\u0435\\u043d\\u044c \\u0445\\u043e\\u0440\\u043e\\u0448\\u0438\\u0435 \\u0442\\u0430\\u043d\\u0446\\u043e\\u0440\\u044b \\u0438\\u043b\\u0438 \\u0441\\u043f\\u043e\\u0440\\u0442\\u0441\\u043c\\u0435\\u043d\\u044b, \\u043c\\u0430\\u0441\\u0441\\u0430\\u0436\\u0438\\u0441\\u0442\\u044b, \\u0438 \\u0434\\u0430\\u0436\\u0435 \\u0434\\u0435\\u0433\\u0443\\u0441\\u0442\\u0430\\u0442\\u043e\\u0440\\u044b. \\u0412 \\u0431\\u0443\\u0434\\u0443\\u0449\\u0435\\u043c \\u0442\\u0430\\u043a\\u0438\\u0435 \\u043b\\u044e\\u0434\\u0438 \\u043d\\u0435 \\u0442\\u043e\\u043b\\u044c\\u043a\\u043e \\u043c\\u043e\\u0433\\u0443\\u0442 \\u0441\\u0442\\u0430\\u0442\\u044c \\u043c\\u0430\\u0441\\u0442\\u0435\\u0440\\u0430\\u043c\\u0438 \\u0440\\u0443\\u0447\\u043d\\u043e\\u0433\\u043e \\u0442\\u0440\\u0443\\u0434\\u0430 (\\u0432 \\u0442\\u043e\\u043c \\u0447\\u0438\\u0441\\u043b\\u0435 \\u044d\\u043b\\u0438\\u0442\\u043d\\u043e\\u0433\\u043e), \\u043d\\u043e \\u0438 \\u043f\\u0440\\u0435\\u043a\\u0440\\u0430\\u0441\\u043d\\u043e \\u043b\\u0430\\u0434\\u0438\\u0442\\u044c \\u0441 \\u043b\\u044e\\u0434\\u044c\\u043c\\u0438. \\r\\n</p>\\r\\n<p>\\r\\n\\u0414\\u0438\\u0437\\u0430\\u0439\\u043d, \\u043a\\u0443\\u043b\\u0438\\u043d\\u0430\\u0440\\u0438\\u044f \\u2014 \\u044d\\u0442\\u043e \\u0438\\u0445 \\u0441\\u0442\\u0435\\u0437\\u044f. \\u041a\\u0441\\u0442\\u0430\\u0442\\u0438, \\u043e\\u043d\\u0438 \\u0434\\u043e\\u0432\\u043e\\u043b\\u044c\\u043d\\u043e \\u0447\\u0430\\u0441\\u0442\\u043e \\u0441\\u0442\\u0430\\u043d\\u043e\\u0432\\u044f\\u0442\\u0441\\u044f \\u0442\\u0440\\u0435\\u0431\\u043e\\u0432\\u0430\\u0442\\u0435\\u043b\\u044c\\u043d\\u044b\\u043c\\u0438, \\u043d\\u043e \\u0441\\u043f\\u0440\\u0430\\u0432\\u0435\\u0434\\u043b\\u0438\\u0432\\u044b\\u043c\\u0438 \\u0440\\u0443\\u043a\\u043e\\u0432\\u043e\\u0434\\u0438\\u0442\\u0435\\u043b\\u044f\\u043c\\u0438.\\r\\n</p>\", \"descr2\": \"\\u0414\\u043b\\u044f \\u043a\\u0438\\u043d\\u0435\\u0441\\u0442\\u0435\\u0442\\u0438\\u043a\\u043e\\u0432 \\u0445\\u0430\\u0440\\u0430\\u043a\\u0442\\u0435\\u0440\\u043d\\u043e \\u0433\\u043b\\u0443\\u0431\\u043e\\u043a\\u043e\\u0435 \\u043d\\u0438\\u0437\\u043a\\u043e\\u0435 \\u0434\\u044b\\u0445\\u0430\\u043d\\u0438\\u0435 \\u0432\\u043d\\u0438\\u0437\\u0443 \\u0436\\u0438\\u0432\\u043e\\u0442\\u0430, \\u0447\\u0430\\u0441\\u0442\\u043e \\u0441\\u043e\\u043f\\u0440\\u043e\\u0432\\u043e\\u0436\\u0434\\u0430\\u044e\\u0449\\u0435\\u0435\\u0441\\u044f \\u043c\\u0443\\u0441\\u043a\\u0443\\u043b\\u044c\\u043d\\u044b\\u043c \\u0440\\u0430\\u0441\\u0441\\u043b\\u0430\\u0431\\u043b\\u0435\\u043d\\u0438\\u0435\\u043c. \\u0421 \\u043d\\u0438\\u0437\\u043a\\u0438\\u043c \\u043f\\u043e\\u043b\\u043e\\u0436\\u0435\\u043d\\u0438\\u0435\\u043c \\u0433\\u043e\\u043b\\u043e\\u0432\\u044b \\u0441\\u0432\\u044f\\u0437\\u0430\\u043d \\u0433\\u043e\\u043b\\u043e\\u0441 \\u043d\\u0438\\u0437\\u043a\\u043e\\u0439 \\u0442\\u043e\\u043d\\u0430\\u043b\\u044c\\u043d\\u043e\\u0441\\u0442\\u0438, \\u0431\\u043e\\u0433\\u0430\\u0442\\u044b\\u0439 \\u043e\\u0431\\u0435\\u0440\\u0442\\u043e\\u043d\\u0430\\u043c\\u0438. \\u041f\\u0440\\u0435\\u0434\\u043f\\u043e\\u0447\\u0438\\u0442\\u0430\\u0435\\u0442 \\u0433\\u043e\\u0432\\u043e\\u0440\\u0438\\u0442\\u044c \\u043c\\u0435\\u0434\\u043b\\u0435\\u043d\\u043d\\u043e, \\u0441 \\u0434\\u043b\\u0438\\u043d\\u043d\\u044b\\u043c\\u0438 \\u043f\\u0430\\u0443\\u0437\\u0430\\u043c\\u0438. \\u0416\\u0435\\u0441\\u0442\\u044b \\u0442\\u0430\\u043a\\u0436\\u0435 \\u00ab\\u043d\\u0438\\u0437\\u043a\\u043e\\u0440\\u0430\\u0441\\u043f\\u043e\\u043b\\u043e\\u0436\\u0435\\u043d\\u043d\\u044b\\u0435\\u00bb, \\u0442.\\u0435. \\u0436\\u0435\\u0441\\u0442\\u0438\\u043a\\u0443\\u043b\\u044f\\u0446\\u0438\\u044f \\u043f\\u0440\\u0435\\u0438\\u043c\\u0443\\u0449\\u0435\\u0441\\u0442\\u0432\\u0435\\u043d\\u043d\\u043e \\u043f\\u0440\\u043e\\u0438\\u0441\\u0445\\u043e\\u0434\\u0438\\u0442 \\u043d\\u0438\\u0436\\u0435 \\u0443\\u0440\\u043e\\u0432\\u043d\\u044f \\u0442\\u0430\\u043b\\u0438\\u0438. \\u0414\\u0432\\u0438\\u0436\\u0435\\u043d\\u0438\\u044f \\u043a\\u0440\\u0443\\u043f\\u043d\\u044b\\u0435, \\u0440\\u0430\\u0437\\u043c\\u0430\\u0448\\u0438\\u0441\\u0442\\u044b\\u0435, \\u0441\\u0432\\u043e\\u0431\\u043e\\u0434\\u043d\\u044b\\u0435, \\u0442\\u0435\\u043b\\u043e \\u0440\\u0430\\u0441\\u0441\\u043b\\u0430\\u0431\\u043b\\u0435\\u043d\\u043e. \\u0421\\u0442\\u0430\\u0440\\u0430\\u0435\\u0442\\u0441\\u044f \\u043f\\u043e\\u0434\\u043e\\u0439\\u0442\\u0438 \\u0431\\u043b\\u0438\\u0436\\u0435 \\u043a \\u0441\\u043e\\u0431\\u0435\\u0441\\u0435\\u0434\\u043d\\u0438\\u043a\\u0443, \\u043f\\u0440\\u0438\\u043a\\u043e\\u0441\\u043d\\u0443\\u0442\\u044c\\u0441\\u044f \\u043a \\u043d\\u0435\\u043c\\u0443. \\u0427\\u0430\\u0441\\u0442\\u043e \\u0443\\u043f\\u043e\\u0442\\u0440\\u0435\\u0431\\u043b\\u044f\\u0435\\u0442 \\u0441\\u043b\\u043e\\u0432\\u0430 \\u0442\\u0438\\u043f\\u0430 \\u044f \\u043f\\u043e\\u0447\\u0443\\u0432\\u0441\\u0442\\u0432\\u043e\\u0432\\u0430\\u043b, \\u043e\\u0449\\u0443\\u0442\\u0438\\u043b, \\u0440\\u0443\\u043a\\u0438 \\u0447\\u0435\\u0448\\u0443\\u0442\\u0441\\u044f \\u0438 \\u0442.\\u0434.\"}"}}, {"model": "questionnaire_responses.response", "pk": 24, "fields": {"user": 1, "created": "2018-04-25T16:48:07.644Z", "questionnaire": 2, "is_finished": true, "result": "{}"}}, {"model": "questionnaire_responses.response", "pk": 25, "fields": {"user": 1, "created": "2018-04-25T16:49:37.153Z", "questionnaire": 2, "is_finished": true, "result": "{}"}}, {"model": "questionnaire_responses.response", "pk": 26, "fields": {"user": 1, "created": "2018-04-25T16:49:51.243Z", "questionnaire": 2, "is_finished": false, "result": "{}"}}, {"model": "account.emailaddress", "pk": 1, "fields": {"user": 2, "email": "mail12@mail.ru", "verified": false, "primary": true}}, {"model": "account.emailaddress", "pk": 2, "fields": {"user": 3, "email": "mail14@mail.ru", "verified": false, "primary": true}}, {"model": "admin.logentry", "pk": 1, "fields": {"action_time": "2018-03-31T12:03:21.253Z", "user": 1, "content_type": 10, "object_id": "1", "object_repr": "\u0414\u0430/\u041d\u0435\u0442", "action_flag": 1, "change_message": "[{\"added\": {}}, {\"added\": {\"name\": \"\\u0412\\u0430\\u0440\\u0438\\u0430\\u043d\\u0442 \\u043e\\u0442\\u0432\\u0435\\u0442\\u0430\", \"object\": \"\\u0414\\u0430\"}}, {\"added\": {\"name\": \"\\u0412\\u0430\\u0440\\u0438\\u0430\\u043d\\u0442 \\u043e\\u0442\\u0432\\u0435\\u0442\\u0430\", \"object\": \"\\u041d\\u0435\\u0442\"}}]"}}, {"model": "admin.logentry", "pk": 2, "fields": {"action_time": "2018-03-31T12:06:36.163Z", "user": 1, "content_type": 11, "object_id": "1", "object_repr": "\u041a\u043e\u043c\u043c\u0443\u043d\u0438\u043a\u0430\u0442\u0438\u0432\u043d\u044b\u0435 \u0441\u043a\u043b\u043e\u043d\u043d\u043e\u0441\u0442\u0438 +", "action_flag": 1, "change_message": "[{\"added\": {}}]"}}, {"model": "admin.logentry", "pk": 3, "fields": {"action_time": "2018-03-31T12:07:20.615Z", "user": 1, "content_type": 11, "object_id": "2", "object_repr": "\u041e\u0440\u0433\u0430\u043d\u0438\u0437\u0430\u0442\u043e\u0440\u0441\u043a\u0438\u0435 \u0441\u043a\u043b\u043e\u043d\u043d\u043e\u0441\u0442\u0438 +", "action_flag": 1, "change_message": "[{\"added\": {}}]"}}, {"model": "admin.logentry", "pk": 4, "fields": {"action_time": "2018-03-31T12:07:53.506Z", "user": 1, "content_type": 11, "object_id": "3", "object_repr": "\u041a\u043e\u043c\u043c\u0443\u043d\u0438\u043a\u0430\u0442\u0438\u0432\u043d\u044b\u0435 \u0441\u043a\u043b\u043e\u043d\u043d\u043e\u0441\u0442\u0438 -", "action_flag": 1, "change_message": "[{\"added\": {}}]"}}, {"model": "admin.logentry", "pk": 5, "fields": {"action_time": "2018-03-31T12:08:18.174Z", "user": 1, "content_type": 11, "object_id": "4", "object_repr": "\u041e\u0440\u0433\u0430\u043d\u0438\u0437\u0430\u0442\u043e\u0440\u0441\u043a\u0438\u0435 \u0441\u043a\u043b\u043e\u043d\u043d\u043e\u0441\u0442\u0438 -", "action_flag": 1, "change_message": "[{\"added\": {}}]"}}, {"model": "admin.logentry", "pk": 6, "fields": {"action_time": "2018-03-31T12:08:20.546Z", "user": 1, "content_type": 13, "object_id": "1", "object_repr": "\u0422\u0435\u0441\u0442 \u043f\u043e \u043c\u0435\u0442\u043e\u0434\u0438\u043a\u0435 \u041a\u041e\u0421-I", "action_flag": 1, "change_message": "[{\"added\": {}}, {\"added\": {\"name\": \"\\u0412\\u043e\\u043f\\u0440\\u043e\\u0441\", \"object\": \"1 \\u0438\\u0437 \\u043f\\u043e \\u043c\\u0435\\u0442\\u043e\\u0434\\u0438\\u043a\\u0435 \\u041a\\u041e\\u0421-I\"}}, {\"added\": {\"name\": \"\\u0412\\u043e\\u043f\\u0440\\u043e\\u0441\", \"object\": \"2 \\u0438\\u0437 \\u043f\\u043e \\u043c\\u0435\\u0442\\u043e\\u0434\\u0438\\u043a\\u0435 \\u041a\\u041e\\u0421-I\"}}, {\"added\": {\"name\": \"\\u0412\\u043e\\u043f\\u0440\\u043e\\u0441\", \"object\": \"3 \\u0438\\u0437 \\u043f\\u043e \\u043c\\u0435\\u0442\\u043e\\u0434\\u0438\\u043a\\u0435 \\u041a\\u041e\\u0421-I\"}}, {\"added\": {\"name\": \"\\u0412\\u043e\\u043f\\u0440\\u043e\\u0441\", \"object\": \"4 \\u0438\\u0437 \\u043f\\u043e \\u043c\\u0435\\u0442\\u043e\\u0434\\u0438\\u043a\\u0435 \\u041a\\u041e\\u0421-I\"}}]"}}, {"model": "admin.logentry", "pk": 7, "fields": {"action_time": "2018-03-31T12:20:09.352Z", "user": 1, "content_type": 13, "object_id": "1", "object_repr": "\u0422\u0435\u0441\u0442 \u043f\u043e \u043c\u0435\u0442\u043e\u0434\u0438\u043a\u0435 \u041a\u041e\u0421-I", "action_flag": 2, "change_message": "[{\"added\": {\"name\": \"\\u0412\\u043e\\u043f\\u0440\\u043e\\u0441\", \"object\": \"5 \\u0438\\u0437 \\u043f\\u043e \\u043c\\u0435\\u0442\\u043e\\u0434\\u0438\\u043a\\u0435 \\u041a\\u041e\\u0421-I\"}}, {\"added\": {\"name\": \"\\u0412\\u043e\\u043f\\u0440\\u043e\\u0441\", \"object\": \"6 \\u0438\\u0437 \\u043f\\u043e \\u043c\\u0435\\u0442\\u043e\\u0434\\u0438\\u043a\\u0435 \\u041a\\u041e\\u0421-I\"}}, {\"added\": {\"name\": \"\\u0412\\u043e\\u043f\\u0440\\u043e\\u0441\", \"object\": \"7 \\u0438\\u0437 \\u043f\\u043e \\u043c\\u0435\\u0442\\u043e\\u0434\\u0438\\u043a\\u0435 \\u041a\\u041e\\u0421-I\"}}, {\"added\": {\"name\": \"\\u0412\\u043e\\u043f\\u0440\\u043e\\u0441\", \"object\": \"8 \\u0438\\u0437 \\u043f\\u043e \\u043c\\u0435\\u0442\\u043e\\u0434\\u0438\\u043a\\u0435 \\u041a\\u041e\\u0421-I\"}}, {\"added\": {\"name\": \"\\u0412\\u043e\\u043f\\u0440\\u043e\\u0441\", \"object\": \"9 \\u0438\\u0437 \\u043f\\u043e \\u043c\\u0435\\u0442\\u043e\\u0434\\u0438\\u043a\\u0435 \\u041a\\u041e\\u0421-I\"}}, {\"added\": {\"name\": \"\\u0412\\u043e\\u043f\\u0440\\u043e\\u0441\", \"object\": \"10 \\u0438\\u0437 \\u043f\\u043e \\u043c\\u0435\\u0442\\u043e\\u0434\\u0438\\u043a\\u0435 \\u041a\\u041e\\u0421-I\"}}, {\"added\": {\"name\": \"\\u0412\\u043e\\u043f\\u0440\\u043e\\u0441\", \"object\": \"11 \\u0438\\u0437 \\u043f\\u043e \\u043c\\u0435\\u0442\\u043e\\u0434\\u0438\\u043a\\u0435 \\u041a\\u041e\\u0421-I\"}}, {\"added\": {\"name\": \"\\u0412\\u043e\\u043f\\u0440\\u043e\\u0441\", \"object\": \"12 \\u0438\\u0437 \\u043f\\u043e \\u043c\\u0435\\u0442\\u043e\\u0434\\u0438\\u043a\\u0435 \\u041a\\u041e\\u0421-I\"}}, {\"added\": {\"name\": \"\\u0412\\u043e\\u043f\\u0440\\u043e\\u0441\", \"object\": \"13 \\u0438\\u0437 \\u043f\\u043e \\u043c\\u0435\\u0442\\u043e\\u0434\\u0438\\u043a\\u0435 \\u041a\\u041e\\u0421-I\"}}, {\"added\": {\"name\": \"\\u0412\\u043e\\u043f\\u0440\\u043e\\u0441\", \"object\": \"14 \\u0438\\u0437 \\u043f\\u043e \\u043c\\u0435\\u0442\\u043e\\u0434\\u0438\\u043a\\u0435 \\u041a\\u041e\\u0421-I\"}}, {\"added\": {\"name\": \"\\u0412\\u043e\\u043f\\u0440\\u043e\\u0441\", \"object\": \"15 \\u0438\\u0437 \\u043f\\u043e \\u043c\\u0435\\u0442\\u043e\\u0434\\u0438\\u043a\\u0435 \\u041a\\u041e\\u0421-I\"}}, {\"added\": {\"name\": \"\\u0412\\u043e\\u043f\\u0440\\u043e\\u0441\", \"object\": \"16 \\u0438\\u0437 \\u043f\\u043e \\u043c\\u0435\\u0442\\u043e\\u0434\\u0438\\u043a\\u0435 \\u041a\\u041e\\u0421-I\"}}, {\"added\": {\"name\": \"\\u0412\\u043e\\u043f\\u0440\\u043e\\u0441\", \"object\": \"17 \\u0438\\u0437 \\u043f\\u043e \\u043c\\u0435\\u0442\\u043e\\u0434\\u0438\\u043a\\u0435 \\u041a\\u041e\\u0421-I\"}}, {\"added\": {\"name\": \"\\u0412\\u043e\\u043f\\u0440\\u043e\\u0441\", \"object\": \"18 \\u0438\\u0437 \\u043f\\u043e \\u043c\\u0435\\u0442\\u043e\\u0434\\u0438\\u043a\\u0435 \\u041a\\u041e\\u0421-I\"}}]"}}, {"model": "admin.logentry", "pk": 8, "fields": {"action_time": "2018-03-31T12:24:20.082Z", "user": 1, "content_type": 13, "object_id": "1", "object_repr": "\u0422\u0435\u0441\u0442 \u043f\u043e \u043c\u0435\u0442\u043e\u0434\u0438\u043a\u0435 \u041a\u041e\u0421-I", "action_flag": 2, "change_message": "[{\"added\": {\"name\": \"\\u0412\\u043e\\u043f\\u0440\\u043e\\u0441\", \"object\": \"19 \\u0438\\u0437 \\u043f\\u043e \\u043c\\u0435\\u0442\\u043e\\u0434\\u0438\\u043a\\u0435 \\u041a\\u041e\\u0421-I\"}}, {\"added\": {\"name\": \"\\u0412\\u043e\\u043f\\u0440\\u043e\\u0441\", \"object\": \"20 \\u0438\\u0437 \\u043f\\u043e \\u043c\\u0435\\u0442\\u043e\\u0434\\u0438\\u043a\\u0435 \\u041a\\u041e\\u0421-I\"}}, {\"added\": {\"name\": \"\\u0412\\u043e\\u043f\\u0440\\u043e\\u0441\", \"object\": \"21 \\u0438\\u0437 \\u043f\\u043e \\u043c\\u0435\\u0442\\u043e\\u0434\\u0438\\u043a\\u0435 \\u041a\\u041e\\u0421-I\"}}, {\"added\": {\"name\": \"\\u0412\\u043e\\u043f\\u0440\\u043e\\u0441\", \"object\": \"22 \\u0438\\u0437 \\u043f\\u043e \\u043c\\u0435\\u0442\\u043e\\u0434\\u0438\\u043a\\u0435 \\u041a\\u041e\\u0421-I\"}}, {\"added\": {\"name\": \"\\u0412\\u043e\\u043f\\u0440\\u043e\\u0441\", \"object\": \"23 \\u0438\\u0437 \\u043f\\u043e \\u043c\\u0435\\u0442\\u043e\\u0434\\u0438\\u043a\\u0435 \\u041a\\u041e\\u0421-I\"}}, {\"added\": {\"name\": \"\\u0412\\u043e\\u043f\\u0440\\u043e\\u0441\", \"object\": \"24 \\u0438\\u0437 \\u043f\\u043e \\u043c\\u0435\\u0442\\u043e\\u0434\\u0438\\u043a\\u0435 \\u041a\\u041e\\u0421-I\"}}, {\"added\": {\"name\": \"\\u0412\\u043e\\u043f\\u0440\\u043e\\u0441\", \"object\": \"25 \\u0438\\u0437 \\u043f\\u043e \\u043c\\u0435\\u0442\\u043e\\u0434\\u0438\\u043a\\u0435 \\u041a\\u041e\\u0421-I\"}}, {\"added\": {\"name\": \"\\u0412\\u043e\\u043f\\u0440\\u043e\\u0441\", \"object\": \"26 \\u0438\\u0437 \\u043f\\u043e \\u043c\\u0435\\u0442\\u043e\\u0434\\u0438\\u043a\\u0435 \\u041a\\u041e\\u0421-I\"}}, {\"added\": {\"name\": \"\\u0412\\u043e\\u043f\\u0440\\u043e\\u0441\", \"object\": \"27 \\u0438\\u0437 \\u043f\\u043e \\u043c\\u0435\\u0442\\u043e\\u0434\\u0438\\u043a\\u0435 \\u041a\\u041e\\u0421-I\"}}, {\"added\": {\"name\": \"\\u0412\\u043e\\u043f\\u0440\\u043e\\u0441\", \"object\": \"28 \\u0438\\u0437 \\u043f\\u043e \\u043c\\u0435\\u0442\\u043e\\u0434\\u0438\\u043a\\u0435 \\u041a\\u041e\\u0421-I\"}}, {\"added\": {\"name\": \"\\u0412\\u043e\\u043f\\u0440\\u043e\\u0441\", \"object\": \"29 \\u0438\\u0437 \\u043f\\u043e \\u043c\\u0435\\u0442\\u043e\\u0434\\u0438\\u043a\\u0435 \\u041a\\u041e\\u0421-I\"}}, {\"added\": {\"name\": \"\\u0412\\u043e\\u043f\\u0440\\u043e\\u0441\", \"object\": \"30 \\u0438\\u0437 \\u043f\\u043e \\u043c\\u0435\\u0442\\u043e\\u0434\\u0438\\u043a\\u0435 \\u041a\\u041e\\u0421-I\"}}, {\"added\": {\"name\": \"\\u0412\\u043e\\u043f\\u0440\\u043e\\u0441\", \"object\": \"31 \\u0438\\u0437 \\u043f\\u043e \\u043c\\u0435\\u0442\\u043e\\u0434\\u0438\\u043a\\u0435 \\u041a\\u041e\\u0421-I\"}}, {\"added\": {\"name\": \"\\u0412\\u043e\\u043f\\u0440\\u043e\\u0441\", \"object\": \"32 \\u0438\\u0437 \\u043f\\u043e \\u043c\\u0435\\u0442\\u043e\\u0434\\u0438\\u043a\\u0435 \\u041a\\u041e\\u0421-I\"}}]"}}, {"model": "admin.logentry", "pk": 9, "fields": {"action_time": "2018-03-31T12:27:56.914Z", "user": 1, "content_type": 13, "object_id": "1", "object_repr": "\u0422\u0435\u0441\u0442 \u043f\u043e \u043c\u0435\u0442\u043e\u0434\u0438\u043a\u0435 \u041a\u041e\u0421-I", "action_flag": 2, "change_message": "[{\"added\": {\"name\": \"\\u0412\\u043e\\u043f\\u0440\\u043e\\u0441\", \"object\": \"33 \\u0438\\u0437 \\u043f\\u043e \\u043c\\u0435\\u0442\\u043e\\u0434\\u0438\\u043a\\u0435 \\u041a\\u041e\\u0421-I\"}}, {\"added\": {\"name\": \"\\u0412\\u043e\\u043f\\u0440\\u043e\\u0441\", \"object\": \"34 \\u0438\\u0437 \\u043f\\u043e \\u043c\\u0435\\u0442\\u043e\\u0434\\u0438\\u043a\\u0435 \\u041a\\u041e\\u0421-I\"}}, {\"added\": {\"name\": \"\\u0412\\u043e\\u043f\\u0440\\u043e\\u0441\", \"object\": \"35 \\u0438\\u0437 \\u043f\\u043e \\u043c\\u0435\\u0442\\u043e\\u0434\\u0438\\u043a\\u0435 \\u041a\\u041e\\u0421-I\"}}, {\"added\": {\"name\": \"\\u0412\\u043e\\u043f\\u0440\\u043e\\u0441\", \"object\": \"36 \\u0438\\u0437 \\u043f\\u043e \\u043c\\u0435\\u0442\\u043e\\u0434\\u0438\\u043a\\u0435 \\u041a\\u041e\\u0421-I\"}}, {\"added\": {\"name\": \"\\u0412\\u043e\\u043f\\u0440\\u043e\\u0441\", \"object\": \"37 \\u0438\\u0437 \\u043f\\u043e \\u043c\\u0435\\u0442\\u043e\\u0434\\u0438\\u043a\\u0435 \\u041a\\u041e\\u0421-I\"}}, {\"added\": {\"name\": \"\\u0412\\u043e\\u043f\\u0440\\u043e\\u0441\", \"object\": \"38 \\u0438\\u0437 \\u043f\\u043e \\u043c\\u0435\\u0442\\u043e\\u0434\\u0438\\u043a\\u0435 \\u041a\\u041e\\u0421-I\"}}, {\"added\": {\"name\": \"\\u0412\\u043e\\u043f\\u0440\\u043e\\u0441\", \"object\": \"39 \\u0438\\u0437 \\u043f\\u043e \\u043c\\u0435\\u0442\\u043e\\u0434\\u0438\\u043a\\u0435 \\u041a\\u041e\\u0421-I\"}}, {\"added\": {\"name\": \"\\u0412\\u043e\\u043f\\u0440\\u043e\\u0441\", \"object\": \"40 \\u0438\\u0437 \\u043f\\u043e \\u043c\\u0435\\u0442\\u043e\\u0434\\u0438\\u043a\\u0435 \\u041a\\u041e\\u0421-I\"}}]"}}, {"model": "admin.logentry", "pk": 10, "fields": {"action_time": "2018-04-23T06:21:08.910Z", "user": 1, "content_type": 11, "object_id": "5", "object_repr": "\u0412\u0438\u0437\u0443\u0430\u043b\u044c\u043d\u044b\u0439 \u0442\u0438\u043f", "action_flag": 1, "change_message": "[{\"added\": {}}]"}}, {"model": "admin.logentry", "pk": 11, "fields": {"action_time": "2018-04-23T06:21:34.554Z", "user": 1, "content_type": 11, "object_id": "6", "object_repr": "\u0410\u0443\u0434\u0438\u0430\u043b\u044c\u043d\u044b\u0439 \u0442\u0438\u043f", "action_flag": 1, "change_message": "[{\"added\": {}}]"}}, {"model": "admin.logentry", "pk": 12, "fields": {"action_time": "2018-04-23T06:22:03.247Z", "user": 1, "content_type": 11, "object_id": "7", "object_repr": "\u041a\u0438\u043d\u0435\u0441\u0442\u0435\u0442\u0438\u0447\u0435\u0441\u043a\u0438\u0439 \u0442\u0438\u043f", "action_flag": 1, "change_message": "[{\"added\": {}}]"}}, {"model": "admin.logentry", "pk": 13, "fields": {"action_time": "2018-04-23T06:24:32.773Z", "user": 1, "content_type": 13, "object_id": "2", "object_repr": "\u041a\u0430\u043a \u044f \u0432\u043e\u0441\u043f\u0440\u0438\u043d\u0438\u043c\u0430\u044e \u043c\u0438\u0440", "action_flag": 1, "change_message": "[{\"added\": {}}, {\"added\": {\"name\": \"\\u0412\\u043e\\u043f\\u0440\\u043e\\u0441\", \"object\": \"1 \\u0438\\u0437 \\u041a\\u0430\\u043a \\u044f \\u0432\\u043e\\u0441\\u043f\\u0440\\u0438\\u043d\\u0438\\u043c\\u0430\\u044e \\u043c\\u0438\\u0440\"}}, {\"added\": {\"name\": \"\\u0412\\u043e\\u043f\\u0440\\u043e\\u0441\", \"object\": \"2 \\u0438\\u0437 \\u041a\\u0430\\u043a \\u044f \\u0432\\u043e\\u0441\\u043f\\u0440\\u0438\\u043d\\u0438\\u043c\\u0430\\u044e \\u043c\\u0438\\u0440\"}}, {\"added\": {\"name\": \"\\u0412\\u043e\\u043f\\u0440\\u043e\\u0441\", \"object\": \"3 \\u0438\\u0437 \\u041a\\u0430\\u043a \\u044f \\u0432\\u043e\\u0441\\u043f\\u0440\\u0438\\u043d\\u0438\\u043c\\u0430\\u044e \\u043c\\u0438\\u0440\"}}]"}}, {"model": "admin.logentry", "pk": 14, "fields": {"action_time": "2018-04-23T06:27:39.073Z", "user": 1, "content_type": 13, "object_id": "2", "object_repr": "\u041a\u0430\u043a \u044f \u0432\u043e\u0441\u043f\u0440\u0438\u043d\u0438\u043c\u0430\u044e \u043c\u0438\u0440", "action_flag": 2, "change_message": "[{\"added\": {\"name\": \"\\u0412\\u043e\\u043f\\u0440\\u043e\\u0441\", \"object\": \"4 \\u0438\\u0437 \\u041a\\u0430\\u043a \\u044f \\u0432\\u043e\\u0441\\u043f\\u0440\\u0438\\u043d\\u0438\\u043c\\u0430\\u044e \\u043c\\u0438\\u0440\"}}, {\"added\": {\"name\": \"\\u0412\\u043e\\u043f\\u0440\\u043e\\u0441\", \"object\": \"5 \\u0438\\u0437 \\u041a\\u0430\\u043a \\u044f \\u0432\\u043e\\u0441\\u043f\\u0440\\u0438\\u043d\\u0438\\u043c\\u0430\\u044e \\u043c\\u0438\\u0440\"}}, {\"added\": {\"name\": \"\\u0412\\u043e\\u043f\\u0440\\u043e\\u0441\", \"object\": \"6 \\u0438\\u0437 \\u041a\\u0430\\u043a \\u044f \\u0432\\u043e\\u0441\\u043f\\u0440\\u0438\\u043d\\u0438\\u043c\\u0430\\u044e \\u043c\\u0438\\u0440\"}}, {\"added\": {\"name\": \"\\u0412\\u043e\\u043f\\u0440\\u043e\\u0441\", \"object\": \"7 \\u0438\\u0437 \\u041a\\u0430\\u043a \\u044f \\u0432\\u043e\\u0441\\u043f\\u0440\\u0438\\u043d\\u0438\\u043c\\u0430\\u044e \\u043c\\u0438\\u0440\"}}, {\"added\": {\"name\": \"\\u0412\\u043e\\u043f\\u0440\\u043e\\u0441\", \"object\": \"8 \\u0438\\u0437 \\u041a\\u0430\\u043a \\u044f \\u0432\\u043e\\u0441\\u043f\\u0440\\u0438\\u043d\\u0438\\u043c\\u0430\\u044e \\u043c\\u0438\\u0440\"}}, {\"added\": {\"name\": \"\\u0412\\u043e\\u043f\\u0440\\u043e\\u0441\", \"object\": \"9 \\u0438\\u0437 \\u041a\\u0430\\u043a \\u044f \\u0432\\u043e\\u0441\\u043f\\u0440\\u0438\\u043d\\u0438\\u043c\\u0430\\u044e \\u043c\\u0438\\u0440\"}}, {\"added\": {\"name\": \"\\u0412\\u043e\\u043f\\u0440\\u043e\\u0441\", \"object\": \"10 \\u0438\\u0437 \\u041a\\u0430\\u043a \\u044f \\u0432\\u043e\\u0441\\u043f\\u0440\\u0438\\u043d\\u0438\\u043c\\u0430\\u044e \\u043c\\u0438\\u0440\"}}, {\"added\": {\"name\": \"\\u0412\\u043e\\u043f\\u0440\\u043e\\u0441\", \"object\": \"11 \\u0438\\u0437 \\u041a\\u0430\\u043a \\u044f \\u0432\\u043e\\u0441\\u043f\\u0440\\u0438\\u043d\\u0438\\u043c\\u0430\\u044e \\u043c\\u0438\\u0440\"}}]"}}, {"model": "admin.logentry", "pk": 15, "fields": {"action_time": "2018-04-23T06:34:39.995Z", "user": 1, "content_type": 13, "object_id": "2", "object_repr": "\u041a\u0430\u043a \u044f \u0432\u043e\u0441\u043f\u0440\u0438\u043d\u0438\u043c\u0430\u044e \u043c\u0438\u0440", "action_flag": 2, "change_message": "[{\"added\": {\"name\": \"\\u0412\\u043e\\u043f\\u0440\\u043e\\u0441\", \"object\": \"12 \\u0438\\u0437 \\u041a\\u0430\\u043a \\u044f \\u0432\\u043e\\u0441\\u043f\\u0440\\u0438\\u043d\\u0438\\u043c\\u0430\\u044e \\u043c\\u0438\\u0440\"}}, {\"added\": {\"name\": \"\\u0412\\u043e\\u043f\\u0440\\u043e\\u0441\", \"object\": \"13 \\u0438\\u0437 \\u041a\\u0430\\u043a \\u044f \\u0432\\u043e\\u0441\\u043f\\u0440\\u0438\\u043d\\u0438\\u043c\\u0430\\u044e \\u043c\\u0438\\u0440\"}}, {\"added\": {\"name\": \"\\u0412\\u043e\\u043f\\u0440\\u043e\\u0441\", \"object\": \"14 \\u0438\\u0437 \\u041a\\u0430\\u043a \\u044f \\u0432\\u043e\\u0441\\u043f\\u0440\\u0438\\u043d\\u0438\\u043c\\u0430\\u044e \\u043c\\u0438\\u0440\"}}, {\"added\": {\"name\": \"\\u0412\\u043e\\u043f\\u0440\\u043e\\u0441\", \"object\": \"15 \\u0438\\u0437 \\u041a\\u0430\\u043a \\u044f \\u0432\\u043e\\u0441\\u043f\\u0440\\u0438\\u043d\\u0438\\u043c\\u0430\\u044e \\u043c\\u0438\\u0440\"}}, {\"added\": {\"name\": \"\\u0412\\u043e\\u043f\\u0440\\u043e\\u0441\", \"object\": \"16 \\u0438\\u0437 \\u041a\\u0430\\u043a \\u044f \\u0432\\u043e\\u0441\\u043f\\u0440\\u0438\\u043d\\u0438\\u043c\\u0430\\u044e \\u043c\\u0438\\u0440\"}}, {\"added\": {\"name\": \"\\u0412\\u043e\\u043f\\u0440\\u043e\\u0441\", \"object\": \"17 \\u0438\\u0437 \\u041a\\u0430\\u043a \\u044f \\u0432\\u043e\\u0441\\u043f\\u0440\\u0438\\u043d\\u0438\\u043c\\u0430\\u044e \\u043c\\u0438\\u0440\"}}, {\"added\": {\"name\": \"\\u0412\\u043e\\u043f\\u0440\\u043e\\u0441\", \"object\": \"18 \\u0438\\u0437 \\u041a\\u0430\\u043a \\u044f \\u0432\\u043e\\u0441\\u043f\\u0440\\u0438\\u043d\\u0438\\u043c\\u0430\\u044e \\u043c\\u0438\\u0440\"}}, {\"added\": {\"name\": \"\\u0412\\u043e\\u043f\\u0440\\u043e\\u0441\", \"object\": \"19 \\u0438\\u0437 \\u041a\\u0430\\u043a \\u044f \\u0432\\u043e\\u0441\\u043f\\u0440\\u0438\\u043d\\u0438\\u043c\\u0430\\u044e \\u043c\\u0438\\u0440\"}}, {\"added\": {\"name\": \"\\u0412\\u043e\\u043f\\u0440\\u043e\\u0441\", \"object\": \"20 \\u0438\\u0437 \\u041a\\u0430\\u043a \\u044f \\u0432\\u043e\\u0441\\u043f\\u0440\\u0438\\u043d\\u0438\\u043c\\u0430\\u044e \\u043c\\u0438\\u0440\"}}, {\"added\": {\"name\": \"\\u0412\\u043e\\u043f\\u0440\\u043e\\u0441\", \"object\": \"21 \\u0438\\u0437 \\u041a\\u0430\\u043a \\u044f \\u0432\\u043e\\u0441\\u043f\\u0440\\u0438\\u043d\\u0438\\u043c\\u0430\\u044e \\u043c\\u0438\\u0440\"}}, {\"added\": {\"name\": \"\\u0412\\u043e\\u043f\\u0440\\u043e\\u0441\", \"object\": \"22 \\u0438\\u0437 \\u041a\\u0430\\u043a \\u044f \\u0432\\u043e\\u0441\\u043f\\u0440\\u0438\\u043d\\u0438\\u043c\\u0430\\u044e \\u043c\\u0438\\u0440\"}}, {\"added\": {\"name\": \"\\u0412\\u043e\\u043f\\u0440\\u043e\\u0441\", \"object\": \"23 \\u0438\\u0437 \\u041a\\u0430\\u043a \\u044f \\u0432\\u043e\\u0441\\u043f\\u0440\\u0438\\u043d\\u0438\\u043c\\u0430\\u044e \\u043c\\u0438\\u0440\"}}, {\"added\": {\"name\": \"\\u0412\\u043e\\u043f\\u0440\\u043e\\u0441\", \"object\": \"24 \\u0438\\u0437 \\u041a\\u0430\\u043a \\u044f \\u0432\\u043e\\u0441\\u043f\\u0440\\u0438\\u043d\\u0438\\u043c\\u0430\\u044e \\u043c\\u0438\\u0440\"}}, {\"added\": {\"name\": \"\\u0412\\u043e\\u043f\\u0440\\u043e\\u0441\", \"object\": \"25 \\u0438\\u0437 \\u041a\\u0430\\u043a \\u044f \\u0432\\u043e\\u0441\\u043f\\u0440\\u0438\\u043d\\u0438\\u043c\\u0430\\u044e \\u043c\\u0438\\u0440\"}}, {\"added\": {\"name\": \"\\u0412\\u043e\\u043f\\u0440\\u043e\\u0441\", \"object\": \"26 \\u0438\\u0437 \\u041a\\u0430\\u043a \\u044f \\u0432\\u043e\\u0441\\u043f\\u0440\\u0438\\u043d\\u0438\\u043c\\u0430\\u044e \\u043c\\u0438\\u0440\"}}, {\"added\": {\"name\": \"\\u0412\\u043e\\u043f\\u0440\\u043e\\u0441\", \"object\": \"27 \\u0438\\u0437 \\u041a\\u0430\\u043a \\u044f \\u0432\\u043e\\u0441\\u043f\\u0440\\u0438\\u043d\\u0438\\u043c\\u0430\\u044e \\u043c\\u0438\\u0440\"}}, {\"added\": {\"name\": \"\\u0412\\u043e\\u043f\\u0440\\u043e\\u0441\", \"object\": \"28 \\u0438\\u0437 \\u041a\\u0430\\u043a \\u044f \\u0432\\u043e\\u0441\\u043f\\u0440\\u0438\\u043d\\u0438\\u043c\\u0430\\u044e \\u043c\\u0438\\u0440\"}}, {\"added\": {\"name\": \"\\u0412\\u043e\\u043f\\u0440\\u043e\\u0441\", \"object\": \"29 \\u0438\\u0437 \\u041a\\u0430\\u043a \\u044f \\u0432\\u043e\\u0441\\u043f\\u0440\\u0438\\u043d\\u0438\\u043c\\u0430\\u044e \\u043c\\u0438\\u0440\"}}, {\"added\": {\"name\": \"\\u0412\\u043e\\u043f\\u0440\\u043e\\u0441\", \"object\": \"30 \\u0438\\u0437 \\u041a\\u0430\\u043a \\u044f \\u0432\\u043e\\u0441\\u043f\\u0440\\u0438\\u043d\\u0438\\u043c\\u0430\\u044e \\u043c\\u0438\\u0440\"}}, {\"added\": {\"name\": \"\\u0412\\u043e\\u043f\\u0440\\u043e\\u0441\", \"object\": \"31 \\u0438\\u0437 \\u041a\\u0430\\u043a \\u044f \\u0432\\u043e\\u0441\\u043f\\u0440\\u0438\\u043d\\u0438\\u043c\\u0430\\u044e \\u043c\\u0438\\u0440\"}}, {\"added\": {\"name\": \"\\u0412\\u043e\\u043f\\u0440\\u043e\\u0441\", \"object\": \"32 \\u0438\\u0437 \\u041a\\u0430\\u043a \\u044f \\u0432\\u043e\\u0441\\u043f\\u0440\\u0438\\u043d\\u0438\\u043c\\u0430\\u044e \\u043c\\u0438\\u0440\"}}, {\"added\": {\"name\": \"\\u0412\\u043e\\u043f\\u0440\\u043e\\u0441\", \"object\": \"33 \\u0438\\u0437 \\u041a\\u0430\\u043a \\u044f \\u0432\\u043e\\u0441\\u043f\\u0440\\u0438\\u043d\\u0438\\u043c\\u0430\\u044e \\u043c\\u0438\\u0440\"}}, {\"added\": {\"name\": \"\\u0412\\u043e\\u043f\\u0440\\u043e\\u0441\", \"object\": \"34 \\u0438\\u0437 \\u041a\\u0430\\u043a \\u044f \\u0432\\u043e\\u0441\\u043f\\u0440\\u0438\\u043d\\u0438\\u043c\\u0430\\u044e \\u043c\\u0438\\u0440\"}}, {\"added\": {\"name\": \"\\u0412\\u043e\\u043f\\u0440\\u043e\\u0441\", \"object\": \"35 \\u0438\\u0437 \\u041a\\u0430\\u043a \\u044f \\u0432\\u043e\\u0441\\u043f\\u0440\\u0438\\u043d\\u0438\\u043c\\u0430\\u044e \\u043c\\u0438\\u0440\"}}, {\"added\": {\"name\": \"\\u0412\\u043e\\u043f\\u0440\\u043e\\u0441\", \"object\": \"36 \\u0438\\u0437 \\u041a\\u0430\\u043a \\u044f \\u0432\\u043e\\u0441\\u043f\\u0440\\u0438\\u043d\\u0438\\u043c\\u0430\\u044e \\u043c\\u0438\\u0440\"}}, {\"added\": {\"name\": \"\\u0412\\u043e\\u043f\\u0440\\u043e\\u0441\", \"object\": \"37 \\u0438\\u0437 \\u041a\\u0430\\u043a \\u044f \\u0432\\u043e\\u0441\\u043f\\u0440\\u0438\\u043d\\u0438\\u043c\\u0430\\u044e \\u043c\\u0438\\u0440\"}}, {\"added\": {\"name\": \"\\u0412\\u043e\\u043f\\u0440\\u043e\\u0441\", \"object\": \"38 \\u0438\\u0437 \\u041a\\u0430\\u043a \\u044f \\u0432\\u043e\\u0441\\u043f\\u0440\\u0438\\u043d\\u0438\\u043c\\u0430\\u044e \\u043c\\u0438\\u0440\"}}, {\"added\": {\"name\": \"\\u0412\\u043e\\u043f\\u0440\\u043e\\u0441\", \"object\": \"39 \\u0438\\u0437 \\u041a\\u0430\\u043a \\u044f \\u0432\\u043e\\u0441\\u043f\\u0440\\u0438\\u043d\\u0438\\u043c\\u0430\\u044e \\u043c\\u0438\\u0440\"}}, {\"added\": {\"name\": \"\\u0412\\u043e\\u043f\\u0440\\u043e\\u0441\", \"object\": \"40 \\u0438\\u0437 \\u041a\\u0430\\u043a \\u044f \\u0432\\u043e\\u0441\\u043f\\u0440\\u0438\\u043d\\u0438\\u043c\\u0430\\u044e \\u043c\\u0438\\u0440\"}}, {\"added\": {\"name\": \"\\u0412\\u043e\\u043f\\u0440\\u043e\\u0441\", \"object\": \"41 \\u0438\\u0437 \\u041a\\u0430\\u043a \\u044f \\u0432\\u043e\\u0441\\u043f\\u0440\\u0438\\u043d\\u0438\\u043c\\u0430\\u044e \\u043c\\u0438\\u0440\"}}, {\"added\": {\"name\": \"\\u0412\\u043e\\u043f\\u0440\\u043e\\u0441\", \"object\": \"42 \\u0438\\u0437 \\u041a\\u0430\\u043a \\u044f \\u0432\\u043e\\u0441\\u043f\\u0440\\u0438\\u043d\\u0438\\u043c\\u0430\\u044e \\u043c\\u0438\\u0440\"}}, {\"added\": {\"name\": \"\\u0412\\u043e\\u043f\\u0440\\u043e\\u0441\", \"object\": \"43 \\u0438\\u0437 \\u041a\\u0430\\u043a \\u044f \\u0432\\u043e\\u0441\\u043f\\u0440\\u0438\\u043d\\u0438\\u043c\\u0430\\u044e \\u043c\\u0438\\u0440\"}}, {\"added\": {\"name\": \"\\u0412\\u043e\\u043f\\u0440\\u043e\\u0441\", \"object\": \"44 \\u0438\\u0437 \\u041a\\u0430\\u043a \\u044f \\u0432\\u043e\\u0441\\u043f\\u0440\\u0438\\u043d\\u0438\\u043c\\u0430\\u044e \\u043c\\u0438\\u0440\"}}, {\"added\": {\"name\": \"\\u0412\\u043e\\u043f\\u0440\\u043e\\u0441\", \"object\": \"45 \\u0438\\u0437 \\u041a\\u0430\\u043a \\u044f \\u0432\\u043e\\u0441\\u043f\\u0440\\u0438\\u043d\\u0438\\u043c\\u0430\\u044e \\u043c\\u0438\\u0440\"}}, {\"added\": {\"name\": \"\\u0412\\u043e\\u043f\\u0440\\u043e\\u0441\", \"object\": \"46 \\u0438\\u0437 \\u041a\\u0430\\u043a \\u044f \\u0432\\u043e\\u0441\\u043f\\u0440\\u0438\\u043d\\u0438\\u043c\\u0430\\u044e \\u043c\\u0438\\u0440\"}}, {\"added\": {\"name\": \"\\u0412\\u043e\\u043f\\u0440\\u043e\\u0441\", \"object\": \"47 \\u0438\\u0437 \\u041a\\u0430\\u043a \\u044f \\u0432\\u043e\\u0441\\u043f\\u0440\\u0438\\u043d\\u0438\\u043c\\u0430\\u044e \\u043c\\u0438\\u0440\"}}, {\"added\": {\"name\": \"\\u0412\\u043e\\u043f\\u0440\\u043e\\u0441\", \"object\": \"48 \\u0438\\u0437 \\u041a\\u0430\\u043a \\u044f \\u0432\\u043e\\u0441\\u043f\\u0440\\u0438\\u043d\\u0438\\u043c\\u0430\\u044e \\u043c\\u0438\\u0440\"}}, {\"changed\": {\"name\": \"\\u0412\\u043e\\u043f\\u0440\\u043e\\u0441\", \"object\": \"4 \\u0438\\u0437 \\u041a\\u0430\\u043a \\u044f \\u0432\\u043e\\u0441\\u043f\\u0440\\u0438\\u043d\\u0438\\u043c\\u0430\\u044e \\u043c\\u0438\\u0440\", \"fields\": [\"category\"]}}, {\"changed\": {\"name\": \"\\u0412\\u043e\\u043f\\u0440\\u043e\\u0441\", \"object\": \"5 \\u0438\\u0437 \\u041a\\u0430\\u043a \\u044f \\u0432\\u043e\\u0441\\u043f\\u0440\\u0438\\u043d\\u0438\\u043c\\u0430\\u044e \\u043c\\u0438\\u0440\", \"fields\": [\"category\"]}}, {\"changed\": {\"name\": \"\\u0412\\u043e\\u043f\\u0440\\u043e\\u0441\", \"object\": \"7 \\u0438\\u0437 \\u041a\\u0430\\u043a \\u044f \\u0432\\u043e\\u0441\\u043f\\u0440\\u0438\\u043d\\u0438\\u043c\\u0430\\u044e \\u043c\\u0438\\u0440\", \"fields\": [\"category\"]}}, {\"changed\": {\"name\": \"\\u0412\\u043e\\u043f\\u0440\\u043e\\u0441\", \"object\": \"8 \\u0438\\u0437 \\u041a\\u0430\\u043a \\u044f \\u0432\\u043e\\u0441\\u043f\\u0440\\u0438\\u043d\\u0438\\u043c\\u0430\\u044e \\u043c\\u0438\\u0440\", \"fields\": [\"category\"]}}, {\"changed\": {\"name\": \"\\u0412\\u043e\\u043f\\u0440\\u043e\\u0441\", \"object\": \"9 \\u0438\\u0437 \\u041a\\u0430\\u043a \\u044f \\u0432\\u043e\\u0441\\u043f\\u0440\\u0438\\u043d\\u0438\\u043c\\u0430\\u044e \\u043c\\u0438\\u0440\", \"fields\": [\"category\"]}}, {\"changed\": {\"name\": \"\\u0412\\u043e\\u043f\\u0440\\u043e\\u0441\", \"object\": \"10 \\u0438\\u0437 \\u041a\\u0430\\u043a \\u044f \\u0432\\u043e\\u0441\\u043f\\u0440\\u0438\\u043d\\u0438\\u043c\\u0430\\u044e \\u043c\\u0438\\u0440\", \"fields\": [\"category\"]}}, {\"changed\": {\"name\": \"\\u0412\\u043e\\u043f\\u0440\\u043e\\u0441\", \"object\": \"11 \\u0438\\u0437 \\u041a\\u0430\\u043a \\u044f \\u0432\\u043e\\u0441\\u043f\\u0440\\u0438\\u043d\\u0438\\u043c\\u0430\\u044e \\u043c\\u0438\\u0440\", \"fields\": [\"category\"]}}]"}}, {"model": "admin.logentry", "pk": 16, "fields": {"action_time": "2018-04-23T06:37:59.285Z", "user": 1, "content_type": 13, "object_id": "2", "object_repr": "\u041a\u0430\u043a \u044f \u0432\u043e\u0441\u043f\u0440\u0438\u043d\u0438\u043c\u0430\u044e \u043c\u0438\u0440", "action_flag": 2, "change_message": "[{\"changed\": {\"name\": \"\\u0412\\u043e\\u043f\\u0440\\u043e\\u0441\", \"object\": \"12 \\u0438\\u0437 \\u041a\\u0430\\u043a \\u044f \\u0432\\u043e\\u0441\\u043f\\u0440\\u0438\\u043d\\u0438\\u043c\\u0430\\u044e \\u043c\\u0438\\u0440\", \"fields\": [\"category\"]}}, {\"changed\": {\"name\": \"\\u0412\\u043e\\u043f\\u0440\\u043e\\u0441\", \"object\": \"13 \\u0438\\u0437 \\u041a\\u0430\\u043a \\u044f \\u0432\\u043e\\u0441\\u043f\\u0440\\u0438\\u043d\\u0438\\u043c\\u0430\\u044e \\u043c\\u0438\\u0440\", \"fields\": [\"category\"]}}, {\"changed\": {\"name\": \"\\u0412\\u043e\\u043f\\u0440\\u043e\\u0441\", \"object\": \"14 \\u0438\\u0437 \\u041a\\u0430\\u043a \\u044f \\u0432\\u043e\\u0441\\u043f\\u0440\\u0438\\u043d\\u0438\\u043c\\u0430\\u044e \\u043c\\u0438\\u0440\", \"fields\": [\"category\"]}}, {\"changed\": {\"name\": \"\\u0412\\u043e\\u043f\\u0440\\u043e\\u0441\", \"object\": \"15 \\u0438\\u0437 \\u041a\\u0430\\u043a \\u044f \\u0432\\u043e\\u0441\\u043f\\u0440\\u0438\\u043d\\u0438\\u043c\\u0430\\u044e \\u043c\\u0438\\u0440\", \"fields\": [\"category\"]}}, {\"changed\": {\"name\": \"\\u0412\\u043e\\u043f\\u0440\\u043e\\u0441\", \"object\": \"16 \\u0438\\u0437 \\u041a\\u0430\\u043a \\u044f \\u0432\\u043e\\u0441\\u043f\\u0440\\u0438\\u043d\\u0438\\u043c\\u0430\\u044e \\u043c\\u0438\\u0440\", \"fields\": [\"category\"]}}, {\"changed\": {\"name\": \"\\u0412\\u043e\\u043f\\u0440\\u043e\\u0441\", \"object\": \"17 \\u0438\\u0437 \\u041a\\u0430\\u043a \\u044f \\u0432\\u043e\\u0441\\u043f\\u0440\\u0438\\u043d\\u0438\\u043c\\u0430\\u044e \\u043c\\u0438\\u0440\", \"fields\": [\"category\"]}}, {\"changed\": {\"name\": \"\\u0412\\u043e\\u043f\\u0440\\u043e\\u0441\", \"object\": \"18 \\u0438\\u0437 \\u041a\\u0430\\u043a \\u044f \\u0432\\u043e\\u0441\\u043f\\u0440\\u0438\\u043d\\u0438\\u043c\\u0430\\u044e \\u043c\\u0438\\u0440\", \"fields\": [\"category\"]}}, {\"changed\": {\"name\": \"\\u0412\\u043e\\u043f\\u0440\\u043e\\u0441\", \"object\": \"19 \\u0438\\u0437 \\u041a\\u0430\\u043a \\u044f \\u0432\\u043e\\u0441\\u043f\\u0440\\u0438\\u043d\\u0438\\u043c\\u0430\\u044e \\u043c\\u0438\\u0440\", \"fields\": [\"category\"]}}, {\"changed\": {\"name\": \"\\u0412\\u043e\\u043f\\u0440\\u043e\\u0441\", \"object\": \"20 \\u0438\\u0437 \\u041a\\u0430\\u043a \\u044f \\u0432\\u043e\\u0441\\u043f\\u0440\\u0438\\u043d\\u0438\\u043c\\u0430\\u044e \\u043c\\u0438\\u0440\", \"fields\": [\"category\"]}}, {\"changed\": {\"name\": \"\\u0412\\u043e\\u043f\\u0440\\u043e\\u0441\", \"object\": \"21 \\u0438\\u0437 \\u041a\\u0430\\u043a \\u044f \\u0432\\u043e\\u0441\\u043f\\u0440\\u0438\\u043d\\u0438\\u043c\\u0430\\u044e \\u043c\\u0438\\u0440\", \"fields\": [\"category\"]}}, {\"changed\": {\"name\": \"\\u0412\\u043e\\u043f\\u0440\\u043e\\u0441\", \"object\": \"22 \\u0438\\u0437 \\u041a\\u0430\\u043a \\u044f \\u0432\\u043e\\u0441\\u043f\\u0440\\u0438\\u043d\\u0438\\u043c\\u0430\\u044e \\u043c\\u0438\\u0440\", \"fields\": [\"category\"]}}, {\"changed\": {\"name\": \"\\u0412\\u043e\\u043f\\u0440\\u043e\\u0441\", \"object\": \"23 \\u0438\\u0437 \\u041a\\u0430\\u043a \\u044f \\u0432\\u043e\\u0441\\u043f\\u0440\\u0438\\u043d\\u0438\\u043c\\u0430\\u044e \\u043c\\u0438\\u0440\", \"fields\": [\"category\"]}}, {\"changed\": {\"name\": \"\\u0412\\u043e\\u043f\\u0440\\u043e\\u0441\", \"object\": \"24 \\u0438\\u0437 \\u041a\\u0430\\u043a \\u044f \\u0432\\u043e\\u0441\\u043f\\u0440\\u0438\\u043d\\u0438\\u043c\\u0430\\u044e \\u043c\\u0438\\u0440\", \"fields\": [\"category\"]}}, {\"changed\": {\"name\": \"\\u0412\\u043e\\u043f\\u0440\\u043e\\u0441\", \"object\": \"25 \\u0438\\u0437 \\u041a\\u0430\\u043a \\u044f \\u0432\\u043e\\u0441\\u043f\\u0440\\u0438\\u043d\\u0438\\u043c\\u0430\\u044e \\u043c\\u0438\\u0440\", \"fields\": [\"category\"]}}, {\"changed\": {\"name\": \"\\u0412\\u043e\\u043f\\u0440\\u043e\\u0441\", \"object\": \"26 \\u0438\\u0437 \\u041a\\u0430\\u043a \\u044f \\u0432\\u043e\\u0441\\u043f\\u0440\\u0438\\u043d\\u0438\\u043c\\u0430\\u044e \\u043c\\u0438\\u0440\", \"fields\": [\"category\"]}}, {\"changed\": {\"name\": \"\\u0412\\u043e\\u043f\\u0440\\u043e\\u0441\", \"object\": \"27 \\u0438\\u0437 \\u041a\\u0430\\u043a \\u044f \\u0432\\u043e\\u0441\\u043f\\u0440\\u0438\\u043d\\u0438\\u043c\\u0430\\u044e \\u043c\\u0438\\u0440\", \"fields\": [\"category\"]}}, {\"changed\": {\"name\": \"\\u0412\\u043e\\u043f\\u0440\\u043e\\u0441\", \"object\": \"28 \\u0438\\u0437 \\u041a\\u0430\\u043a \\u044f \\u0432\\u043e\\u0441\\u043f\\u0440\\u0438\\u043d\\u0438\\u043c\\u0430\\u044e \\u043c\\u0438\\u0440\", \"fields\": [\"category\"]}}, {\"changed\": {\"name\": \"\\u0412\\u043e\\u043f\\u0440\\u043e\\u0441\", \"object\": \"29 \\u0438\\u0437 \\u041a\\u0430\\u043a \\u044f \\u0432\\u043e\\u0441\\u043f\\u0440\\u0438\\u043d\\u0438\\u043c\\u0430\\u044e \\u043c\\u0438\\u0440\", \"fields\": [\"category\"]}}, {\"changed\": {\"name\": \"\\u0412\\u043e\\u043f\\u0440\\u043e\\u0441\", \"object\": \"30 \\u0438\\u0437 \\u041a\\u0430\\u043a \\u044f \\u0432\\u043e\\u0441\\u043f\\u0440\\u0438\\u043d\\u0438\\u043c\\u0430\\u044e \\u043c\\u0438\\u0440\", \"fields\": [\"category\"]}}, {\"changed\": {\"name\": \"\\u0412\\u043e\\u043f\\u0440\\u043e\\u0441\", \"object\": \"31 \\u0438\\u0437 \\u041a\\u0430\\u043a \\u044f \\u0432\\u043e\\u0441\\u043f\\u0440\\u0438\\u043d\\u0438\\u043c\\u0430\\u044e \\u043c\\u0438\\u0440\", \"fields\": [\"category\"]}}, {\"changed\": {\"name\": \"\\u0412\\u043e\\u043f\\u0440\\u043e\\u0441\", \"object\": \"32 \\u0438\\u0437 \\u041a\\u0430\\u043a \\u044f \\u0432\\u043e\\u0441\\u043f\\u0440\\u0438\\u043d\\u0438\\u043c\\u0430\\u044e \\u043c\\u0438\\u0440\", \"fields\": [\"category\"]}}, {\"changed\": {\"name\": \"\\u0412\\u043e\\u043f\\u0440\\u043e\\u0441\", \"object\": \"33 \\u0438\\u0437 \\u041a\\u0430\\u043a \\u044f \\u0432\\u043e\\u0441\\u043f\\u0440\\u0438\\u043d\\u0438\\u043c\\u0430\\u044e \\u043c\\u0438\\u0440\", \"fields\": [\"category\"]}}, {\"changed\": {\"name\": \"\\u0412\\u043e\\u043f\\u0440\\u043e\\u0441\", \"object\": \"34 \\u0438\\u0437 \\u041a\\u0430\\u043a \\u044f \\u0432\\u043e\\u0441\\u043f\\u0440\\u0438\\u043d\\u0438\\u043c\\u0430\\u044e \\u043c\\u0438\\u0440\", \"fields\": [\"category\"]}}, {\"changed\": {\"name\": \"\\u0412\\u043e\\u043f\\u0440\\u043e\\u0441\", \"object\": \"35 \\u0438\\u0437 \\u041a\\u0430\\u043a \\u044f \\u0432\\u043e\\u0441\\u043f\\u0440\\u0438\\u043d\\u0438\\u043c\\u0430\\u044e \\u043c\\u0438\\u0440\", \"fields\": [\"category\"]}}, {\"changed\": {\"name\": \"\\u0412\\u043e\\u043f\\u0440\\u043e\\u0441\", \"object\": \"36 \\u0438\\u0437 \\u041a\\u0430\\u043a \\u044f \\u0432\\u043e\\u0441\\u043f\\u0440\\u0438\\u043d\\u0438\\u043c\\u0430\\u044e \\u043c\\u0438\\u0440\", \"fields\": [\"category\"]}}, {\"changed\": {\"name\": \"\\u0412\\u043e\\u043f\\u0440\\u043e\\u0441\", \"object\": \"37 \\u0438\\u0437 \\u041a\\u0430\\u043a \\u044f \\u0432\\u043e\\u0441\\u043f\\u0440\\u0438\\u043d\\u0438\\u043c\\u0430\\u044e \\u043c\\u0438\\u0440\", \"fields\": [\"category\"]}}, {\"changed\": {\"name\": \"\\u0412\\u043e\\u043f\\u0440\\u043e\\u0441\", \"object\": \"38 \\u0438\\u0437 \\u041a\\u0430\\u043a \\u044f \\u0432\\u043e\\u0441\\u043f\\u0440\\u0438\\u043d\\u0438\\u043c\\u0430\\u044e \\u043c\\u0438\\u0440\", \"fields\": [\"category\"]}}, {\"changed\": {\"name\": \"\\u0412\\u043e\\u043f\\u0440\\u043e\\u0441\", \"object\": \"39 \\u0438\\u0437 \\u041a\\u0430\\u043a \\u044f \\u0432\\u043e\\u0441\\u043f\\u0440\\u0438\\u043d\\u0438\\u043c\\u0430\\u044e \\u043c\\u0438\\u0440\", \"fields\": [\"category\"]}}, {\"changed\": {\"name\": \"\\u0412\\u043e\\u043f\\u0440\\u043e\\u0441\", \"object\": \"40 \\u0438\\u0437 \\u041a\\u0430\\u043a \\u044f \\u0432\\u043e\\u0441\\u043f\\u0440\\u0438\\u043d\\u0438\\u043c\\u0430\\u044e \\u043c\\u0438\\u0440\", \"fields\": [\"category\"]}}, {\"changed\": {\"name\": \"\\u0412\\u043e\\u043f\\u0440\\u043e\\u0441\", \"object\": \"41 \\u0438\\u0437 \\u041a\\u0430\\u043a \\u044f \\u0432\\u043e\\u0441\\u043f\\u0440\\u0438\\u043d\\u0438\\u043c\\u0430\\u044e \\u043c\\u0438\\u0440\", \"fields\": [\"category\"]}}, {\"changed\": {\"name\": \"\\u0412\\u043e\\u043f\\u0440\\u043e\\u0441\", \"object\": \"42 \\u0438\\u0437 \\u041a\\u0430\\u043a \\u044f \\u0432\\u043e\\u0441\\u043f\\u0440\\u0438\\u043d\\u0438\\u043c\\u0430\\u044e \\u043c\\u0438\\u0440\", \"fields\": [\"category\"]}}, {\"changed\": {\"name\": \"\\u0412\\u043e\\u043f\\u0440\\u043e\\u0441\", \"object\": \"43 \\u0438\\u0437 \\u041a\\u0430\\u043a \\u044f \\u0432\\u043e\\u0441\\u043f\\u0440\\u0438\\u043d\\u0438\\u043c\\u0430\\u044e \\u043c\\u0438\\u0440\", \"fields\": [\"category\"]}}, {\"changed\": {\"name\": \"\\u0412\\u043e\\u043f\\u0440\\u043e\\u0441\", \"object\": \"44 \\u0438\\u0437 \\u041a\\u0430\\u043a \\u044f \\u0432\\u043e\\u0441\\u043f\\u0440\\u0438\\u043d\\u0438\\u043c\\u0430\\u044e \\u043c\\u0438\\u0440\", \"fields\": [\"category\"]}}, {\"changed\": {\"name\": \"\\u0412\\u043e\\u043f\\u0440\\u043e\\u0441\", \"object\": \"45 \\u0438\\u0437 \\u041a\\u0430\\u043a \\u044f \\u0432\\u043e\\u0441\\u043f\\u0440\\u0438\\u043d\\u0438\\u043c\\u0430\\u044e \\u043c\\u0438\\u0440\", \"fields\": [\"category\"]}}, {\"changed\": {\"name\": \"\\u0412\\u043e\\u043f\\u0440\\u043e\\u0441\", \"object\": \"46 \\u0438\\u0437 \\u041a\\u0430\\u043a \\u044f \\u0432\\u043e\\u0441\\u043f\\u0440\\u0438\\u043d\\u0438\\u043c\\u0430\\u044e \\u043c\\u0438\\u0440\", \"fields\": [\"category\"]}}, {\"changed\": {\"name\": \"\\u0412\\u043e\\u043f\\u0440\\u043e\\u0441\", \"object\": \"47 \\u0438\\u0437 \\u041a\\u0430\\u043a \\u044f \\u0432\\u043e\\u0441\\u043f\\u0440\\u0438\\u043d\\u0438\\u043c\\u0430\\u044e \\u043c\\u0438\\u0440\", \"fields\": [\"category\"]}}, {\"changed\": {\"name\": \"\\u0412\\u043e\\u043f\\u0440\\u043e\\u0441\", \"object\": \"48 \\u0438\\u0437 \\u041a\\u0430\\u043a \\u044f \\u0432\\u043e\\u0441\\u043f\\u0440\\u0438\\u043d\\u0438\\u043c\\u0430\\u044e \\u043c\\u0438\\u0440\", \"fields\": [\"category\"]}}]"}}, {"model": "admin.logentry", "pk": 17, "fields": {"action_time": "2018-04-23T09:10:48.311Z", "user": 1, "content_type": 21, "object_id": "1", "object_repr": "QuestionnaireResult object (1)", "action_flag": 1, "change_message": "[{\"added\": {}}]"}}, {"model": "admin.logentry", "pk": 18, "fields": {"action_time": "2018-04-23T09:17:55.073Z", "user": 1, "content_type": 21, "object_id": "2", "object_repr": "\u041a\u0430\u043a \u044f \u0432\u043e\u0441\u043f\u0440\u0438\u043d\u0438\u043c\u0430\u044e \u043c\u0438\u0440: \u0410\u0443\u0434\u0438\u0430\u043b\u044c\u043d\u044b\u0439 \u0442\u0438\u043f", "action_flag": 1, "change_message": "[{\"added\": {}}]"}}, {"model": "admin.logentry", "pk": 19, "fields": {"action_time": "2018-04-23T09:20:34.403Z", "user": 1, "content_type": 21, "object_id": "3", "object_repr": "\u041a\u0430\u043a \u044f \u0432\u043e\u0441\u043f\u0440\u0438\u043d\u0438\u043c\u0430\u044e \u043c\u0438\u0440: \u0412\u0438\u0437\u0443\u0430\u043b\u044c\u043d\u044b\u0439 \u0442\u0438\u043f", "action_flag": 1, "change_message": "[{\"added\": {}}]"}}, {"model": "admin.logentry", "pk": 20, "fields": {"action_time": "2018-04-23T13:57:58.662Z", "user": 1, "content_type": 21, "object_id": "3", "object_repr": "\u041a\u0430\u043a \u044f \u0432\u043e\u0441\u043f\u0440\u0438\u043d\u0438\u043c\u0430\u044e \u043c\u0438\u0440: \u0412\u0438\u0437\u0443\u0430\u043b\u044c\u043d\u044b\u0439 \u0442\u0438\u043f", "action_flag": 2, "change_message": "[{\"changed\": {\"fields\": [\"main_description\", \"description1\", \"description2\", \"description3\"]}}]"}}, {"model": "admin.logentry", "pk": 21, "fields": {"action_time": "2018-04-23T13:59:06.421Z", "user": 1, "content_type": 21, "object_id": "2", "object_repr": "\u041a\u0430\u043a \u044f \u0432\u043e\u0441\u043f\u0440\u0438\u043d\u0438\u043c\u0430\u044e \u043c\u0438\u0440: \u0410\u0443\u0434\u0438\u0430\u043b\u044c\u043d\u044b\u0439 \u0442\u0438\u043f", "action_flag": 2, "change_message": "[{\"changed\": {\"fields\": [\"main_description\", \"description1\", \"description2\", \"description3\"]}}]"}}, {"model": "admin.logentry", "pk": 22, "fields": {"action_time": "2018-04-23T21:04:46.819Z", "user": 1, "content_type": 21, "object_id": "2", "object_repr": "\u041a\u0430\u043a \u044f \u0432\u043e\u0441\u043f\u0440\u0438\u043d\u0438\u043c\u0430\u044e \u043c\u0438\u0440: \u0410\u0443\u0434\u0438\u0430\u043b\u044c\u043d\u044b\u0439 \u0442\u0438\u043f", "action_flag": 2, "change_message": "[{\"changed\": {\"fields\": [\"description1\"]}}]"}}, {"model": "admin.logentry", "pk": 23, "fields": {"action_time": "2018-04-23T21:06:57.124Z", "user": 1, "content_type": 21, "object_id": "2", "object_repr": "\u041a\u0430\u043a \u044f \u0432\u043e\u0441\u043f\u0440\u0438\u043d\u0438\u043c\u0430\u044e \u043c\u0438\u0440: \u0410\u0443\u0434\u0438\u0430\u043b\u044c\u043d\u044b\u0439 \u0442\u0438\u043f", "action_flag": 2, "change_message": "[{\"changed\": {\"fields\": [\"description1\"]}}]"}}, {"model": "admin.logentry", "pk": 24, "fields": {"action_time": "2018-04-23T21:08:45.582Z", "user": 1, "content_type": 21, "object_id": "2", "object_repr": "\u041a\u0430\u043a \u044f \u0432\u043e\u0441\u043f\u0440\u0438\u043d\u0438\u043c\u0430\u044e \u043c\u0438\u0440: \u0410\u0443\u0434\u0438\u0430\u043b\u044c\u043d\u044b\u0439 \u0442\u0438\u043f", "action_flag": 2, "change_message": "[{\"changed\": {\"fields\": [\"description1\"]}}]"}}, {"model": "admin.logentry", "pk": 25, "fields": {"action_time": "2018-04-23T21:19:05.086Z", "user": 1, "content_type": 21, "object_id": "1", "object_repr": "\u041a\u0430\u043a \u044f \u0432\u043e\u0441\u043f\u0440\u0438\u043d\u0438\u043c\u0430\u044e \u043c\u0438\u0440: \u041a\u0438\u043d\u0435\u0441\u0442\u0435\u0442\u0438\u0447\u0435\u0441\u043a\u0438\u0439 \u0442\u0438\u043f", "action_flag": 2, "change_message": "[{\"changed\": {\"fields\": [\"main_description\", \"description1\", \"description2\", \"description3\"]}}]"}}, {"model": "admin.logentry", "pk": 26, "fields": {"action_time": "2018-04-23T21:43:02.784Z", "user": 1, "content_type": 21, "object_id": "1", "object_repr": "\u041a\u0430\u043a \u044f \u0432\u043e\u0441\u043f\u0440\u0438\u043d\u0438\u043c\u0430\u044e \u043c\u0438\u0440: \u041a\u0438\u043d\u0435\u0441\u0442\u0435\u0442\u0438\u0447\u0435\u0441\u043a\u0438\u0439 \u0442\u0438\u043f", "action_flag": 2, "change_message": "[{\"changed\": {\"fields\": [\"description1\"]}}]"}}, {"model": "admin.logentry", "pk": 27, "fields": {"action_time": "2018-04-23T21:56:22.438Z", "user": 1, "content_type": 21, "object_id": "3", "object_repr": "\u041a\u0430\u043a \u044f \u0432\u043e\u0441\u043f\u0440\u0438\u043d\u0438\u043c\u0430\u044e \u043c\u0438\u0440: \u0412\u0438\u0437\u0443\u0430\u043b\u044c\u043d\u044b\u0439 \u0442\u0438\u043f", "action_flag": 2, "change_message": "[{\"changed\": {\"fields\": [\"description1\"]}}]"}}, {"model": "admin.logentry", "pk": 28, "fields": {"action_time": "2018-04-24T15:51:43.463Z", "user": 1, "content_type": 23, "object_id": "1", "object_repr": "Item object (1)", "action_flag": 1, "change_message": "[{\"added\": {}}]"}}, {"model": "admin.logentry", "pk": 29, "fields": {"action_time": "2018-04-24T16:23:30.362Z", "user": 1, "content_type": 23, "object_id": "1", "object_repr": "Item object (1)", "action_flag": 2, "change_message": "[{\"changed\": {\"fields\": [\"icon\", \"slot1\"]}}]"}}, {"model": "admin.logentry", "pk": 30, "fields": {"action_time": "2018-04-24T16:23:45.212Z", "user": 1, "content_type": 24, "object_id": "1", "object_repr": "ItemUser object (1)", "action_flag": 1, "change_message": "[{\"added\": {}}]"}}, {"model": "admin.logentry", "pk": 31, "fields": {"action_time": "2018-04-24T16:28:06.345Z", "user": 1, "content_type": 23, "object_id": "1", "object_repr": "Item object (1)", "action_flag": 2, "change_message": "[{\"changed\": {\"fields\": [\"icon\", \"slot1\"]}}]"}}, {"model": "admin.logentry", "pk": 32, "fields": {"action_time": "2018-04-24T16:37:00.846Z", "user": 1, "content_type": 23, "object_id": "2", "object_repr": "\u041c\u0438\u043a\u0440\u043e\u0444\u043e\u043d", "action_flag": 1, "change_message": "[{\"added\": {}}]"}}, {"model": "admin.logentry", "pk": 33, "fields": {"action_time": "2018-04-24T16:37:12.346Z", "user": 1, "content_type": 24, "object_id": "2", "object_repr": "\u041c\u0438\u043a\u0440\u043e\u0444\u043e\u043d -> admin", "action_flag": 1, "change_message": "[{\"added\": {}}]"}}, {"model": "admin.logentry", "pk": 34, "fields": {"action_time": "2018-04-24T16:37:56.859Z", "user": 1, "content_type": 23, "object_id": "2", "object_repr": "\u041c\u0438\u043a\u0440\u043e\u0444\u043e\u043d", "action_flag": 2, "change_message": "[{\"changed\": {\"fields\": [\"icon\"]}}]"}}, {"model": "admin.logentry", "pk": 35, "fields": {"action_time": "2018-04-24T16:41:47.958Z", "user": 1, "content_type": 23, "object_id": "1", "object_repr": "\u041d\u0430\u0443\u0448\u043d\u0438\u043a\u0438", "action_flag": 2, "change_message": "[{\"changed\": {\"fields\": [\"name\"]}}]"}}, {"model": "admin.logentry", "pk": 36, "fields": {"action_time": "2018-04-24T17:10:39.189Z", "user": 1, "content_type": 23, "object_id": "2", "object_repr": "\u041c\u0438\u043a\u0440\u043e\u0444\u043e\u043d", "action_flag": 2, "change_message": "[]"}}, {"model": "admin.logentry", "pk": 37, "fields": {"action_time": "2018-04-24T17:10:51.760Z", "user": 1, "content_type": 23, "object_id": "1", "object_repr": "\u041d\u0430\u0443\u0448\u043d\u0438\u043a\u0438", "action_flag": 2, "change_message": "[]"}}, {"model": "admin.logentry", "pk": 38, "fields": {"action_time": "2018-04-24T17:33:35.708Z", "user": 1, "content_type": 23, "object_id": "3", "object_repr": "\u041f\u0430\u043b\u0438\u0442\u0440\u0430 \u0438 \u043a\u0438\u0441\u0442\u044c", "action_flag": 1, "change_message": "[{\"added\": {}}]"}}, {"model": "admin.logentry", "pk": 39, "fields": {"action_time": "2018-04-24T17:33:47.181Z", "user": 1, "content_type": 24, "object_id": "3", "object_repr": "\u041f\u0430\u043b\u0438\u0442\u0440\u0430 \u0438 \u043a\u0438\u0441\u0442\u044c -> admin", "action_flag": 1, "change_message": "[{\"added\": {}}]"}}, {"model": "admin.logentry", "pk": 40, "fields": {"action_time": "2018-04-24T18:18:20.666Z", "user": 1, "content_type": 23, "object_id": "4", "object_repr": "\u0420\u043e\u043a-\u0433\u0438\u0442\u0430\u0440\u0430", "action_flag": 1, "change_message": "[{\"added\": {}}]"}}, {"model": "admin.logentry", "pk": 41, "fields": {"action_time": "2018-04-24T18:18:32.538Z", "user": 1, "content_type": 24, "object_id": "4", "object_repr": "\u0420\u043e\u043a-\u0433\u0438\u0442\u0430\u0440\u0430 -> admin", "action_flag": 1, "change_message": "[{\"added\": {}}]"}}, {"model": "admin.logentry", "pk": 42, "fields": {"action_time": "2018-04-24T18:57:54.857Z", "user": 1, "content_type": 23, "object_id": "4", "object_repr": "\u0420\u043e\u043a-\u0433\u0438\u0442\u0430\u0440\u0430", "action_flag": 2, "change_message": "[{\"changed\": {\"fields\": [\"variant\"]}}]"}}, {"model": "admin.logentry", "pk": 43, "fields": {"action_time": "2018-04-24T18:58:03.029Z", "user": 1, "content_type": 23, "object_id": "3", "object_repr": "\u041f\u0430\u043b\u0438\u0442\u0440\u0430 \u0438 \u043a\u0438\u0441\u0442\u044c", "action_flag": 2, "change_message": "[{\"changed\": {\"fields\": [\"variant\"]}}]"}}, {"model": "admin.logentry", "pk": 44, "fields": {"action_time": "2018-04-24T18:58:10.783Z", "user": 1, "content_type": 23, "object_id": "2", "object_repr": "\u041c\u0438\u043a\u0440\u043e\u0444\u043e\u043d", "action_flag": 2, "change_message": "[{\"changed\": {\"fields\": [\"variant\"]}}]"}}, {"model": "admin.logentry", "pk": 45, "fields": {"action_time": "2018-04-24T18:58:18.014Z", "user": 1, "content_type": 23, "object_id": "1", "object_repr": "\u041d\u0430\u0443\u0448\u043d\u0438\u043a\u0438", "action_flag": 2, "change_message": "[{\"changed\": {\"fields\": [\"variant\"]}}]"}}, {"model": "admin.logentry", "pk": 46, "fields": {"action_time": "2018-04-24T19:08:28.108Z", "user": 1, "content_type": 23, "object_id": "4", "object_repr": "\u042d\u043b\u0435\u043a\u0442\u0440\u043e-\u0433\u0438\u0442\u0430\u0440\u0430", "action_flag": 2, "change_message": "[{\"changed\": {\"fields\": [\"name\"]}}]"}}, {"model": "admin.logentry", "pk": 47, "fields": {"action_time": "2018-04-24T19:23:42.899Z", "user": 1, "content_type": 23, "object_id": "5", "object_repr": "\u041a\u043e\u043b\u043f\u0430\u043a \u043f\u043e\u0432\u0430\u0440\u0430", "action_flag": 1, "change_message": "[{\"added\": {}}]"}}, {"model": "admin.logentry", "pk": 48, "fields": {"action_time": "2018-04-24T19:25:20.477Z", "user": 1, "content_type": 24, "object_id": "5", "object_repr": "\u041a\u043e\u043b\u043f\u0430\u043a \u043f\u043e\u0432\u0430\u0440\u0430 -> admin", "action_flag": 3, "change_message": ""}}, {"model": "admin.logentry", "pk": 49, "fields": {"action_time": "2018-04-24T19:27:25.587Z", "user": 1, "content_type": 24, "object_id": "6", "object_repr": "\u041a\u043e\u043b\u043f\u0430\u043a \u043f\u043e\u0432\u0430\u0440\u0430 -> admin", "action_flag": 3, "change_message": ""}}, {"model": "admin.logentry", "pk": 50, "fields": {"action_time": "2018-04-24T19:28:09.164Z", "user": 1, "content_type": 24, "object_id": "7", "object_repr": "\u041a\u043e\u043b\u043f\u0430\u043a \u043f\u043e\u0432\u0430\u0440\u0430 -> admin", "action_flag": 3, "change_message": ""}}, {"model": "admin.logentry", "pk": 51, "fields": {"action_time": "2018-04-24T19:28:59.155Z", "user": 1, "content_type": 24, "object_id": "8", "object_repr": "\u041a\u043e\u043b\u043f\u0430\u043a \u043f\u043e\u0432\u0430\u0440\u0430 -> admin", "action_flag": 3, "change_message": ""}}, {"model": "admin.logentry", "pk": 52, "fields": {"action_time": "2018-04-24T19:29:41.648Z", "user": 1, "content_type": 24, "object_id": "9", "object_repr": "\u041a\u043e\u043b\u043f\u0430\u043a \u043f\u043e\u0432\u0430\u0440\u0430 -> admin", "action_flag": 3, "change_message": ""}}, {"model": "admin.logentry", "pk": 53, "fields": {"action_time": "2018-04-24T19:31:51.317Z", "user": 1, "content_type": 24, "object_id": "10", "object_repr": "\u041a\u043e\u043b\u043f\u0430\u043a \u043f\u043e\u0432\u0430\u0440\u0430 -> admin", "action_flag": 3, "change_message": ""}}, {"model": "admin.logentry", "pk": 54, "fields": {"action_time": "2018-04-24T19:32:30.033Z", "user": 1, "content_type": 24, "object_id": "11", "object_repr": "\u041a\u043e\u043b\u043f\u0430\u043a \u043f\u043e\u0432\u0430\u0440\u0430 -> admin", "action_flag": 3, "change_message": ""}}, {"model": "admin.logentry", "pk": 55, "fields": {"action_time": "2018-04-24T19:34:58.447Z", "user": 1, "content_type": 24, "object_id": "12", "object_repr": "\u041a\u043e\u043b\u043f\u0430\u043a \u043f\u043e\u0432\u0430\u0440\u0430 -> admin", "action_flag": 3, "change_message": ""}}, {"model": "admin.logentry", "pk": 56, "fields": {"action_time": "2018-04-24T19:36:55.622Z", "user": 1, "content_type": 24, "object_id": "13", "object_repr": "\u041a\u043e\u043b\u043f\u0430\u043a \u043f\u043e\u0432\u0430\u0440\u0430 -> admin", "action_flag": 3, "change_message": ""}}, {"model": "admin.logentry", "pk": 57, "fields": {"action_time": "2018-05-02T04:44:57.717Z", "user": 1, "content_type": 12, "object_id": "21", "object_repr": "21 \u0438\u0437 \u043f\u043e \u043c\u0435\u0442\u043e\u0434\u0438\u043a\u0435 \u041a\u041e\u0421-I", "action_flag": 2, "change_message": "[{\"changed\": {\"fields\": [\"text\"]}}]"}}]